1341845948.747856 0.000000000 0.000000000 0.000000000 0.000000000 0.000000000 0.000000000 1.000000000
1341845948.779817 -0.003855504 -0.003935563 -0.009329071 0.001959877 0.005947985 0.001091753 0.999979794
1341845948.811832 0.003263178 -0.007064525 -0.007043573 0.003565091 0.008376379 0.002990770 0.999954104
1341845948.847804 0.007349637 -0.003004072 -0.010566799 0.006119918 0.010932923 0.004162043 0.999912858
1341845948.879918 0.005468810 0.002000181 0.005185491 0.005625424 0.014072435 0.004510413 0.999874949
1341845948.911866 0.005336050 -0.003692478 0.004988162 0.000796482 0.018163949 0.003291091 0.999829292
1341845948.947808 -0.007996730 -0.005743806 0.001961812 -0.003439681 0.021039439 0.001912149 0.999770880
1341845948.979787 -0.008577276 -0.000686880 0.005192153 -0.007202662 0.021782914 0.000964898 0.999736309
1341845949.011787 0.006138766 -0.006978149 0.013020391 -0.014037547 0.022406198 0.001468159 0.999649286
1341845949.047774 -0.003314255 -0.022541936 0.025670385 -0.020253329 0.025588257 0.005142499 0.999454141
1341845949.079745 0.000462433 -0.022360202 0.023241606 -0.018999644 0.024997381 0.009490501 0.999461889
1341845949.115941 0.006941078 -0.019825635 0.030545415 -0.018182119 0.025630830 0.012000782 0.999434054
1341845949.147691 0.010553029 -0.059371695 0.032205433 -0.027617248 0.028967626 0.013004641 0.999114156
1341845949.179815 0.008366965 -0.062860154 0.039071415 -0.029315934 0.032152478 0.016822089 0.998911321
1341845949.215795 0.008172983 -0.068688616 0.038563363 -0.030602708 0.034884080 0.017099541 0.998776317
1341845949.247763 0.012572099 -0.063293852 0.040251601 -0.031307023 0.038323354 0.017231576 0.998626173
1341845949.283892 0.017144382 -0.090054192 0.048261113 -0.038792167 0.042092171 0.016893752 0.998217404
1341845949.315792 0.019389128 -0.099276379 0.057837427 -0.039480105 0.045670651 0.016920369 0.998032689
1341845949.347811 0.025553303 -0.109663792 0.061218474 -0.038971957 0.047885988 0.016001916 0.997963965
1341845949.383752 0.019806191 -0.109671257 0.063300431 -0.038575519 0.052802023 0.014111116 0.997759879
1341845949.415733 0.021813931 -0.111371107 0.070366196 -0.040047262 0.053987425 0.014184238 0.997637391
1341845949.451907 0.021545043 -0.112880893 0.068988562 -0.041828301 0.054320164 0.013970050 0.997549295
1341845949.483823 0.021721542 -0.111409999 0.064504899 -0.044775978 0.055828001 0.011910633 0.997364759
1341845949.515817 0.018095186 -0.106747098 0.073560923 -0.049956147 0.057239939 0.010647019 0.997052968
1341845949.551896 0.013334342 -0.109912738 0.086159490 -0.056540325 0.055040188 0.009120380 0.996840298
1341845949.583736 0.015286896 -0.114058621 0.083547764 -0.061195362 0.053937916 0.007848691 0.996636450
1341845949.619753 0.021758905 -0.119883157 0.091944218 -0.066493668 0.052852713 0.005577424 0.996370435
1341845949.651764 0.014489911 -0.129149467 0.097716920 -0.070024878 0.052411020 0.004948950 0.996155143
1341845949.683707 0.011423194 -0.129187882 0.107214056 -0.068992309 0.049040381 0.004067996 0.996402800
1341845949.719890 0.025977191 -0.133928865 0.096080825 -0.074872114 0.047387451 -0.000104785 0.996066570
1341845949.751778 0.024838936 -0.116190962 0.103239559 -0.079636402 0.048196148 0.002091664 0.995656013
1341845949.787857 0.011221650 -0.123196907 0.112911806 -0.084710181 0.048543330 0.001617043 0.995221138
1341845949.819784 0.012663885 -0.142244771 0.113194481 -0.093580075 0.045377109 0.001651082 0.994575799
1341845949.851908 0.017615259 -0.134339318 0.107632890 -0.104886025 0.044335585 0.002600333 0.993492067
1341845949.887758 0.001999605 -0.121895008 0.117626488 -0.111235626 0.045446374 0.002093063 0.992752194
1341845949.920013 0.000976688 -0.143269092 0.123870619 -0.119240537 0.041265544 0.000165098 0.992007434
1341845949.955673 0.010087986 -0.139476225 0.130089551 -0.121227771 0.037503984 -0.001234184 0.991915166
1341845949.987737 0.000604096 -0.148346081 0.132081494 -0.127025113 0.039096069 -0.001788916 0.991127074
1341845950.019789 0.008289834 -0.154930234 0.136209846 -0.130598962 0.035092618 -0.003089584 0.990809202
1341845950.055847 0.014246020 -0.165074602 0.136770844 -0.134481251 0.031855922 -0.004312350 0.990394533
1341845950.087728 0.011945569 -0.167768821 0.139401779 -0.138871968 0.032863803 -0.007014156 0.989740014
1341845950.124078 0.003821603 -0.168044388 0.146740407 -0.143627822 0.034315687 -0.008161238 0.989003003
1341845950.155757 0.014060630 -0.176135361 0.148997828 -0.147139698 0.031526450 -0.008384648 0.988577604
1341845950.187677 0.009590898 -0.178227395 0.147810727 -0.149724945 0.033963647 -0.011112669 0.988081694
1341845950.223782 0.005575985 -0.176672518 0.156388119 -0.154299244 0.037455369 -0.013711564 0.987218738
1341845950.255885 -0.000117679 -0.175194189 0.160386190 -0.156537116 0.037921708 -0.014353750 0.986839414
1341845950.287784 0.006243590 -0.184714645 0.164292872 -0.158906803 0.036294580 -0.015984314 0.986496747
1341845950.323864 -0.025451267 -0.255510271 0.172991559 -0.180558845 0.045720667 -0.022160763 0.982250988
1341845950.355780 -0.038231716 -0.260013223 0.187438831 -0.194555745 0.050250947 -0.023394652 0.979324043
1341845950.387911 -0.033530753 -0.224401161 0.180339366 -0.194479674 0.048220810 -0.025607897 0.979385853
1341845950.424265 -0.025316732 -0.251483977 0.180801138 -0.200199306 0.047087029 -0.027314387 0.978241801
1341845950.455762 0.002541418 -0.238357112 0.190309897 -0.193615302 0.041482098 -0.026711054 0.979836166
1341845950.487870 0.002306850 -0.233139098 0.196969599 -0.189232230 0.039967682 -0.029284162 0.980681479
1341845950.523880 -0.017216461 -0.256412894 0.182811394 -0.194513708 0.044899255 -0.032976002 0.979316652
1341845950.555793 -0.011284621 -0.252155662 0.191761464 -0.202206492 0.044807531 -0.029353557 0.977876902
1341845950.587742 0.003829520 -0.267993897 0.183141798 -0.219231978 0.041774407 -0.029297220 0.974337697
1341845950.623823 0.011477654 -0.280761957 0.180611953 -0.231646419 0.039695658 -0.026598865 0.971625805
1341845950.655770 -0.002433049 -0.229519799 0.164750442 -0.225793645 0.042899016 -0.026828194 0.972860277
1341845950.691815 0.018175421 -0.269786566 0.186250821 -0.240472004 0.036261775 -0.028697131 0.969553888
1341845950.756034 -0.008534220 -0.318639785 0.208153427 -0.251113534 0.043243334 -0.031116769 0.966490388
1341845950.817895 -0.010130696 -0.336419523 0.220153585 -0.256608963 0.045106314 -0.030952420 0.964965880
1341845950.853851 -0.007373400 -0.344948113 0.219471440 -0.258182645 0.046122558 -0.031792324 0.964470685
1341845950.885881 -0.003045534 -0.344956428 0.222618714 -0.258614719 0.046855286 -0.034379613 0.964230776
1341845950.917771 -0.015753129 -0.352860719 0.233622223 -0.259276330 0.051275861 -0.034531251 0.963822663
1341845950.953822 -0.007779591 -0.364232481 0.238946646 -0.258847684 0.052055631 -0.033629712 0.963927984
1341845950.985908 -0.007446946 -0.367515504 0.236828506 -0.257723361 0.053942803 -0.034499977 0.964094698
1341845951.017817 -0.007953350 -0.367739320 0.234269634 -0.258930087 0.055144764 -0.034754757 0.963694096
1341845951.053777 -0.013299657 -0.376625270 0.246331841 -0.263625324 0.057805382 -0.032733798 0.962335050
1341845951.085819 -0.005286217 -0.389666319 0.254275948 -0.267927647 0.058248729 -0.027822977 0.961273968
1341845951.121819 -0.000979056 -0.390395850 0.258494943 -0.270225048 0.058001090 -0.024486078 0.960736573
1341845951.153788 0.005396802 -0.408525258 0.280280739 -0.276449561 0.056650452 -0.022798842 0.959086299
1341845951.185690 0.008356677 -0.404786080 0.283394903 -0.274404168 0.055323943 -0.019002495 0.959833562
1341845951.221846 0.012986624 -0.403949261 0.289498419 -0.272325009 0.051887337 -0.016426871 0.960664868
1341845951.253677 -0.014234896 -0.393105179 0.292895347 -0.267193109 0.054191343 -0.015717553 0.961989641
1341845951.289833 0.004065584 -0.444392562 0.315225512 -0.272215933 0.045030139 -0.009514815 0.961134851
1341845951.321746 0.004314452 -0.470874071 0.316792965 -0.273836613 0.046032697 -0.004502131 0.960663438
1341845951.353781 0.009346652 -0.445733219 0.305070877 -0.268551797 0.044820148 -0.001934391 0.962220013
1341845951.389710 0.009243496 -0.429455996 0.314983845 -0.262224227 0.041526765 -0.001483389 0.964111924
1341845951.421759 0.009834985 -0.444165379 0.317721516 -0.258634537 0.039478492 -0.000891318 0.965167761
1341845951.453714 0.008432850 -0.464840889 0.325155914 -0.259216577 0.039238498 0.002883251 0.965017498
1341845951.489750 0.022610301 -0.479707569 0.324307948 -0.260340422 0.035136163 0.005414842 0.964862168
1341845951.521791 0.037912752 -0.481652617 0.318753928 -0.259350330 0.031202260 0.001674000 0.965277731
1341845951.557734 0.028763784 -0.482565612 0.329590768 -0.260817230 0.034657128 0.001423072 0.964764833
1341845951.621927 0.033854298 -0.485505193 0.337971032 -0.259957403 0.027639734 0.001390872 0.965223432
1341845951.657740 0.018408401 -0.504811287 0.341169626 -0.264580518 0.029246006 -0.002686044 0.963916302
1341845951.689997 0.036923405 -0.501025558 0.350371331 -0.267315477 0.021722415 0.001833876 0.963362455
1341845951.721802 0.022260029 -0.519884229 0.379348755 -0.269365966 0.019254923 0.000096185 0.962845385
1341845951.757837 0.033304680 -0.540293396 0.378740191 -0.272733659 0.014604628 0.001342158 0.961977780
1341845951.789992 0.040016741 -0.513195455 0.364187330 -0.271904439 0.014591718 -0.001763578 0.962212026
1341845951.825880 0.032860260 -0.518318772 0.378109843 -0.276275814 0.015598045 -0.001948201 0.960949838
1341845951.857655 0.037796449 -0.528476357 0.380476087 -0.278581560 0.013606886 -0.003085743 0.960311234
1341845951.889934 0.037465192 -0.524696350 0.380424470 -0.279713988 0.013853855 -0.003646968 0.959976494
1341845951.925973 0.033261079 -0.524301767 0.390110850 -0.285559028 0.012633354 -0.000160359 0.958277822
1341845951.957775 0.030190447 -0.530406892 0.390981019 -0.288231015 0.011805361 -0.000291787 0.957488060
1341845951.989866 0.028015234 -0.535522282 0.392455429 -0.295371920 0.010394049 -0.000993442 0.955325246
1341845952.026044 0.049083699 -0.515347600 0.393419415 -0.296370387 0.003216425 0.000823111 0.955067277
1341845952.057894 0.038654555 -0.511421740 0.388121277 -0.295062035 0.003460164 -0.000800057 0.955471516
1341845952.125827 0.042080209 -0.521458507 0.403228402 -0.298874736 0.000354726 -0.004109764 0.954283416
1341845952.157796 0.044639949 -0.530359566 0.408239424 -0.299703151 -0.000993963 -0.003378043 0.954025984
1341845952.193712 0.046330951 -0.530209661 0.405015767 -0.298983335 -0.001155537 -0.002761093 0.954253614
1341845952.225758 0.050200842 -0.540844023 0.415847600 -0.301643997 -0.002321980 -0.004261893 0.953408241
1341845952.261888 0.056558352 -0.544427156 0.416858971 -0.299982667 -0.002061779 -0.002239563 0.953939795
1341845952.293773 0.038866669 -0.550659597 0.420847297 -0.297709703 0.003151200 -0.004679575 0.954639792
1341845952.325830 0.041878741 -0.545116663 0.411654383 -0.296863168 0.006060166 -0.007326513 0.954872668
1341845952.361889 0.037809312 -0.541966736 0.410204500 -0.297468215 0.009227268 -0.009513480 0.954639733
1341845952.393746 0.031710792 -0.537241280 0.408581197 -0.295441926 0.014197297 -0.015107232 0.955135763
1341845952.425943 0.041111585 -0.565464795 0.423599333 -0.305889100 0.015335490 -0.014855204 0.951827705
1341845952.461990 0.041078661 -0.552838027 0.418879092 -0.303412855 0.016543513 -0.015061589 0.952596486
1341845952.493879 0.041548688 -0.567581475 0.416768730 -0.306888729 0.017549224 -0.017521422 0.951422274
1341845952.529859 0.038280636 -0.549950898 0.408162534 -0.303925663 0.021448005 -0.018160094 0.952281177
1341845952.561728 0.035707016 -0.549605012 0.410015464 -0.304837823 0.024913440 -0.018147524 0.951905370
1341845952.593773 0.049471650 -0.555867851 0.406648427 -0.308450729 0.023166792 -0.016323900 0.950818062
1341845952.629782 0.042181753 -0.537069559 0.404155821 -0.306543171 0.027356969 -0.016865084 0.951314092
1341845952.661822 0.049317878 -0.537875593 0.416965991 -0.308582217 0.026063718 -0.015129636 0.950720131
1341845952.694133 0.044196852 -0.531326890 0.406109899 -0.305961579 0.026028572 -0.011600336 0.951617301
1341845952.729992 0.050745167 -0.528687477 0.404392183 -0.306904733 0.022996739 -0.012731079 0.951377213
1341845952.761932 0.042112891 -0.529349983 0.417457759 -0.306167215 0.024172448 -0.015016389 0.951552331
1341845952.835955 0.038181987 -0.533621192 0.400309324 -0.301396370 0.028791670 -0.015662808 0.952935398
1341845952.897807 0.041428935 -0.518807471 0.401477218 -0.298418105 0.029981671 -0.020947438 0.953734219
1341845952.929858 0.035446364 -0.518302977 0.399000883 -0.296017408 0.030834462 -0.021778099 0.954436302
1341845952.962152 0.031187860 -0.512680292 0.392259121 -0.293297768 0.031594835 -0.023691073 0.955205202
1341845952.997732 0.028100658 -0.501205981 0.384171456 -0.292057991 0.031537246 -0.023340652 0.955595493
1341845953.029881 0.032106332 -0.489037871 0.388594151 -0.291313738 0.027925514 -0.020967769 0.955989957
1341845953.065883 0.030328125 -0.491761774 0.389278114 -0.289943963 0.026538815 -0.020455308 0.956456900
1341845953.097744 0.017054772 -0.483180851 0.381255656 -0.286886394 0.028142501 -0.018592849 0.957370639
1341845953.130426 0.018201841 -0.469245046 0.377262414 -0.286742061 0.024130836 -0.015637603 0.957576215
1341845953.165700 0.009408869 -0.485533476 0.392842472 -0.288426220 0.023913039 -0.018130099 0.957031727
1341845953.197916 0.012638071 -0.478653789 0.380918503 -0.282090813 0.022148326 -0.018244028 0.958958507
1341845953.230076 -0.000413752 -0.477512866 0.369865984 -0.283329993 0.025968064 -0.021382913 0.958432317
1341845953.265747 0.009763887 -0.469316155 0.373147100 -0.285198778 0.026030378 -0.023518560 0.957826138
1341845953.297823 0.003465937 -0.457890838 0.372861326 -0.281812936 0.027088298 -0.023452783 0.958800137
1341845953.333820 0.009438958 -0.463469267 0.370254278 -0.278612405 0.025547400 -0.028770722 0.959632576
1341845953.398118 0.012231817 -0.450876832 0.366358757 -0.270981014 0.028967580 -0.035241187 0.961503088
1341845953.433817 0.012458099 -0.459403872 0.377957493 -0.266773969 0.030634513 -0.038416095 0.962505758
1341845953.465793 0.008030323 -0.439742059 0.367894113 -0.253023177 0.032452729 -0.036979035 0.966208398
1341845953.501850 0.010271651 -0.440410942 0.354879290 -0.246274531 0.032810532 -0.036037549 0.967974007
1341845953.533841 0.012016720 -0.447180361 0.357021302 -0.240243807 0.035590578 -0.040907200 0.969197035
1341845953.565884 -0.000955052 -0.451434344 0.362783670 -0.230767742 0.041095998 -0.042156633 0.971226156
1341845953.601851 -0.019846434 -0.406545877 0.330924720 -0.211473763 0.048879962 -0.040952835 0.975301206
1341845953.633727 0.005912839 -0.445481628 0.344990879 -0.215216711 0.045819122 -0.041634094 0.974601984
1341845953.665877 -0.012733095 -0.398579389 0.323306501 -0.195845097 0.054549742 -0.039705016 0.978311062
1341845953.701988 -0.016425150 -0.385450304 0.311001539 -0.189085037 0.056402534 -0.035798799 0.979685724
1341845953.733959 -0.020312278 -0.372127235 0.306101948 -0.187176898 0.056815196 -0.036490254 0.980002701
1341845953.769755 -0.022621974 -0.373481840 0.299222231 -0.189148054 0.058217317 -0.040465631 0.979385674
1341845953.801776 -0.022862980 -0.369015127 0.300270319 -0.187643170 0.059837244 -0.040992662 0.979555607
1341845953.833838 -0.030199362 -0.361584753 0.298227936 -0.185862347 0.060025804 -0.042298418 0.979828000
1341845953.869932 -0.034326393 -0.357576162 0.295365334 -0.183745682 0.059750721 -0.047155589 0.980022311
1341845953.901831 -0.033807836 -0.347978801 0.292692721 -0.182500005 0.059381489 -0.047801215 0.980246186
1341845953.933922 -0.047807556 -0.337439209 0.293173373 -0.179538846 0.060220517 -0.048551399 0.980704904
1341845953.969955 -0.053811800 -0.336628586 0.297635823 -0.173960060 0.058100469 -0.053739022 0.981567323
1341845954.001752 -0.051131550 -0.328468353 0.285265714 -0.168824300 0.055598006 -0.054810271 0.982549250
1341845954.037754 -0.053886127 -0.316273153 0.282374650 -0.169328034 0.054822989 -0.055934429 0.982442796
1341845954.069971 -0.063094981 -0.309608668 0.285041273 -0.170359820 0.054007702 -0.054807510 0.982373059
1341845954.101821 -0.063975491 -0.301397026 0.280906796 -0.168585032 0.050423753 -0.051480860 0.983049452
1341845954.137723 -0.083887525 -0.291308373 0.281721562 -0.169512585 0.049987108 -0.049111996 0.983033478
1341845954.169776 -0.077544212 -0.291513920 0.275335461 -0.172572389 0.045476526 -0.047539275 0.982797384
1341845954.201769 -0.080035545 -0.289305121 0.276758730 -0.172858730 0.044219617 -0.045519028 0.982900023
1341845954.237931 -0.080981784 -0.291474402 0.276168495 -0.173969939 0.041848242 -0.043407161 0.982903361
1341845954.269821 -0.092251025 -0.287386745 0.269236773 -0.172598600 0.043207642 -0.043817461 0.983068109
1341845954.305896 -0.091025181 -0.285654783 0.263290554 -0.172124341 0.043206140 -0.044403423 0.983125031
1341845954.337899 -0.089704558 -0.274405181 0.260991514 -0.171602666 0.042537328 -0.043926869 0.983266771
1341845954.370323 -0.094345368 -0.273833305 0.264242977 -0.172701135 0.041113097 -0.043024402 0.983174920
1341845954.405781 -0.093233339 -0.270942718 0.260983348 -0.171628803 0.039645649 -0.042175073 0.983459711
1341845954.437770 -0.108921677 -0.262172461 0.265055805 -0.171071604 0.040261675 -0.040899564 0.983585656
1341845954.473700 -0.109376781 -0.252221167 0.271493644 -0.169893950 0.034946878 -0.039447773 0.984052122
1341845954.505685 -0.105256274 -0.256648421 0.270637065 -0.165056974 0.031520437 -0.039626669 0.984983444
1341845954.537884 -0.107354917 -0.257638007 0.256667882 -0.163682759 0.031812813 -0.038017310 0.985266745
1341845954.574129 -0.107427977 -0.262772828 0.260433644 -0.169396520 0.028255457 -0.036263201 0.984475195
1341845954.605772 -0.111121990 -0.269955426 0.269028813 -0.168674827 0.026719894 -0.035586309 0.984666705
1341845954.637774 -0.112759672 -0.280066282 0.262452364 -0.163709536 0.025759730 -0.033175554 0.985614061
1341845954.673990 -0.109905653 -0.260203987 0.254550308 -0.157611832 0.024298580 -0.030935137 0.986717343
1341845954.705864 -0.107118018 -0.258720875 0.256486177 -0.156962201 0.022649731 -0.030242048 0.986881614
1341845954.741959 -0.109759510 -0.260585636 0.253129005 -0.153370872 0.024565924 -0.031966195 0.987345994
1341845954.779824 -0.114522137 -0.251513720 0.247143030 -0.147494465 0.026422076 -0.034790471 0.988097608
1341845954.815761 -0.120077394 -0.249651581 0.250245094 -0.145625353 0.026887791 -0.034356304 0.988377452
1341845954.847702 -0.124334961 -0.256901115 0.253415674 -0.141836867 0.028645661 -0.038959607 0.988708198
1341845954.879857 -0.121258445 -0.251180232 0.245015591 -0.136615068 0.028559532 -0.033867117 0.989633143
1341845954.915883 -0.125257611 -0.238650978 0.240318939 -0.134558141 0.027780468 -0.031830404 0.990004659
1341845954.947742 -0.124123782 -0.236854717 0.244103506 -0.135167256 0.026948458 -0.032484125 0.989923418
1341845954.979793 -0.124137610 -0.237255588 0.246219665 -0.133097634 0.027882792 -0.030133834 0.990252256
1341845955.015775 -0.126508057 -0.233842373 0.248857394 -0.128711089 0.027843410 -0.025607862 0.990960360
1341845955.047748 -0.130431876 -0.234373242 0.239670858 -0.124834567 0.026452551 -0.022357667 0.991572857
1341845955.079963 -0.116436861 -0.241255730 0.243088380 -0.123046562 0.023758691 -0.022913456 0.991851807
1341845955.115765 -0.129146844 -0.220464244 0.235310540 -0.117874265 0.029649485 -0.022865426 0.992322385
1341845955.147819 -0.131226659 -0.221698731 0.238754168 -0.118489221 0.030960595 -0.023156824 0.992202342
1341845955.179771 -0.131804258 -0.221419051 0.238580614 -0.116823711 0.031056328 -0.023312848 0.992393196
1341845955.215834 -0.131053105 -0.211644650 0.240123317 -0.112729713 0.031935893 -0.023375044 0.992837191
1341845955.247700 -0.133259714 -0.210308716 0.234706610 -0.111737318 0.032906767 -0.023036286 0.992925584
1341845955.283796 -0.135216027 -0.210162014 0.234704226 -0.109755240 0.033295579 -0.023300268 0.993127525
1341845955.315766 -0.134084225 -0.207215682 0.234277651 -0.107145295 0.033702027 -0.024640797 0.993366420
1341845955.347689 -0.133941323 -0.205332235 0.232320487 -0.106474690 0.034891799 -0.027010188 0.993335843
1341845955.383825 -0.130233556 -0.219098225 0.232935041 -0.107970908 0.035538293 -0.029115070 0.993091941
1341845955.415689 -0.140208438 -0.209259897 0.229622707 -0.103288837 0.037355788 -0.028462227 0.993542075
1341845955.447780 -0.130058244 -0.211918801 0.233962342 -0.101574302 0.034448408 -0.029576518 0.993791342
1341845955.483775 -0.132451266 -0.198091656 0.234021068 -0.094602369 0.037785370 -0.032217264 0.994275987
1341845955.515995 -0.142014682 -0.205741733 0.226676732 -0.092947394 0.041026466 -0.032681681 0.994288445
1341845955.547652 -0.144497916 -0.196669266 0.236920908 -0.087748908 0.039550509 -0.033821035 0.994782388
1341845955.583803 -0.142845750 -0.184226662 0.236857116 -0.081451818 0.038906619 -0.035997551 0.995266795
1341845955.645874 -0.148635954 -0.184742093 0.231196731 -0.080143563 0.039895106 -0.038097564 0.995255709
1341845955.677690 -0.141278177 -0.180897713 0.231291220 -0.075677715 0.038742296 -0.037845328 0.995660424
1341845955.713997 -0.143446743 -0.176004469 0.234587997 -0.071432345 0.039326139 -0.038322140 0.995932877
1341845955.745913 -0.148139268 -0.168646529 0.236800373 -0.068766378 0.037994828 -0.037307467 0.996210694
1341845955.777825 -0.142783150 -0.167995930 0.236256227 -0.066362508 0.035499983 -0.036914356 0.996480346
1341845955.814143 -0.143838316 -0.160266966 0.234038830 -0.062130921 0.037816972 -0.036031645 0.996700227
1341845955.845690 -0.150709122 -0.154690519 0.235534444 -0.059993457 0.038357556 -0.032169834 0.996942580
1341845955.877977 -0.149786785 -0.159585387 0.234979078 -0.057908081 0.036686890 -0.030746324 0.997173727
1341845955.913787 -0.154397264 -0.147120506 0.238162875 -0.047232244 0.039647203 -0.029702300 0.997654736
1341845955.945707 -0.140182227 -0.143765897 0.232893899 -0.041155640 0.038587723 -0.027394034 0.998031437
1341845955.981865 -0.140128568 -0.132175371 0.233075827 -0.035128653 0.038363852 -0.025930252 0.998309493
1341845956.013788 -0.136899605 -0.116992988 0.228127703 -0.030591456 0.040058032 -0.027125888 0.998360515
1341845956.045763 -0.139842078 -0.115159541 0.220910773 -0.032485913 0.043249354 -0.024690717 0.998230696
1341845956.081817 -0.137401283 -0.121286273 0.226999074 -0.035063930 0.043356594 -0.023456559 0.998168588
1341845956.113872 -0.127902299 -0.122657657 0.227355823 -0.032218717 0.042681087 -0.020238094 0.998364031
1341845956.145853 -0.140203238 -0.098880962 0.223537907 -0.025581457 0.046742663 -0.014780618 0.998469949
1341845956.181712 -0.132499605 -0.090992562 0.225443587 -0.026454311 0.046906020 -0.011740940 0.998479903
1341845956.213966 -0.127955317 -0.104294144 0.226479635 -0.029135793 0.048564013 -0.011435258 0.998329520
1341845956.249720 -0.136916846 -0.077120282 0.224226385 -0.022605671 0.052023664 -0.007235985 0.998363733
1341845956.281792 -0.130958840 -0.074329689 0.215208769 -0.025585789 0.050625812 -0.004853005 0.998378098
1341845956.313799 -0.131503373 -0.066525102 0.219278947 -0.028985836 0.050571900 -0.005290889 0.998285711
1341845956.349790 -0.130745754 -0.065414511 0.222339645 -0.033009317 0.050213303 -0.005477469 0.998177886
1341845956.381671 -0.136343747 -0.054228723 0.227805585 -0.034634661 0.049122255 -0.002346435 0.998189330
1341845956.414041 -0.138325810 -0.060261838 0.226518854 -0.039741036 0.046377469 -0.003248802 0.998127878
1341845956.449886 -0.134185836 -0.065843128 0.232603952 -0.042988013 0.044950657 -0.004405296 0.998054147
1341845956.481751 -0.137505710 -0.054556616 0.237846047 -0.040244427 0.044335287 -0.002897138 0.998201609
1341845956.517751 -0.137971729 -0.042893324 0.237060547 -0.038165633 0.041482054 -0.000522186 0.998409927
1341845956.550178 -0.138383061 -0.041867558 0.239901289 -0.039338075 0.039780051 -0.000912409 0.998433411
1341845956.581882 -0.135127872 -0.052712284 0.244570494 -0.039219797 0.038412824 -0.000694086 0.998491764
1341845956.617921 -0.147221908 -0.034905806 0.259054571 -0.029855814 0.039208103 0.001171982 0.998784244
1341845956.649823 -0.148875982 -0.022710377 0.257356018 -0.021918697 0.039831456 0.002694231 0.998962343
1341845956.686207 -0.150183648 -0.020077741 0.253995895 -0.018608965 0.041404597 0.000181317 0.998969138
1341845956.717815 -0.155590475 -0.013409324 0.256552279 -0.017524526 0.041611664 -0.003487350 0.998974085
1341845956.749871 -0.161247090 -0.006559446 0.264344215 -0.014941319 0.039922282 -0.006894967 0.999067307
1341845956.785882 -0.154712871 -0.011381487 0.267501026 -0.011455106 0.038271956 -0.009900272 0.999152660
1341845956.817915 -0.160453796 0.004139714 0.265474945 -0.005504100 0.040023874 -0.010474201 0.999128699
1341845956.849925 -0.157896578 0.001224369 0.268534869 -0.004826470 0.037544023 -0.008187030 0.999249756
1341845956.885848 -0.153948501 -0.009496320 0.279237330 -0.002087968 0.036115889 -0.007188313 0.999319553
1341845956.953936 -0.168602511 0.033996198 0.277780294 0.010209782 0.039864939 -0.000688330 0.999152660
1341845956.985677 -0.166524246 0.043843832 0.277936190 0.009856433 0.040414758 -0.002945066 0.999130011
1341845957.017739 -0.162575588 0.048397120 0.274615824 0.005628848 0.041683115 -0.001863736 0.999113262
1341845957.053817 -0.166802406 0.029361483 0.286763281 0.000932596 0.041697487 0.002328119 0.999127150
1341845957.085894 -0.161027044 0.038516134 0.284640670 0.005228642 0.042137492 0.003576523 0.999091685
1341845957.118069 -0.152081504 0.048339073 0.294625789 0.006554067 0.042643793 0.006918517 0.999044895
1341845957.153924 -0.157392263 0.040700976 0.294646502 0.006302760 0.045534618 0.007324351 0.998915970
1341845957.185730 -0.158571959 0.045880642 0.293507814 0.012402754 0.048724655 0.008275799 0.998700917
1341845957.222219 -0.159606770 0.064208545 0.289255828 0.016713131 0.052286256 0.008653220 0.998454750
1341845957.253784 -0.160948649 0.067884006 0.298170596 0.015098044 0.054133445 0.007056013 0.998394608
1341845957.285979 -0.157605857 0.068607673 0.295057654 0.016297475 0.055271015 0.005525298 0.998323083
1341845957.321826 -0.158361763 0.080868743 0.294512361 0.018788170 0.057355709 0.004871238 0.998165071
1341845957.353642 -0.156383574 0.084062062 0.292529434 0.019596132 0.058134634 0.003714309 0.998109460
1341845957.385918 -0.154416516 0.089671604 0.295974344 0.021537524 0.060692731 0.001899319 0.997922301
1341845957.421801 -0.154823139 0.094170719 0.299632221 0.025541792 0.063119397 0.002176093 0.997676730
1341845957.453856 -0.154830545 0.096809193 0.299320132 0.029877463 0.061812680 0.004026752 0.997632325
1341845957.490017 -0.151446939 0.105505548 0.297397286 0.034018729 0.061422762 0.001576404 0.997530699
1341845957.521783 -0.152754337 0.112303913 0.297254443 0.036079340 0.062593855 -0.003770012 0.997379601
1341845957.553863 -0.157437399 0.122301556 0.308543414 0.038286299 0.060414650 -0.004807331 0.997427285
1341845957.589817 -0.153392255 0.115189880 0.305823743 0.039746813 0.057927504 -0.011293556 0.997465312
1341845957.621927 -0.152928397 0.124931090 0.303803980 0.043812003 0.059277095 -0.015680486 0.997156382
1341845957.690210 -0.157683983 0.120845184 0.315608352 0.048128165 0.057219218 -0.018976899 0.997020304
1341845957.721718 -0.151295975 0.134829178 0.314629674 0.055977616 0.057026520 -0.020429421 0.996592760
1341845957.757797 -0.149661571 0.148888692 0.311041713 0.059044503 0.058663789 -0.020319330 0.996322930
1341845957.790095 -0.149088204 0.148958907 0.321330070 0.061170876 0.058697686 -0.021106808 0.996176302
1341845957.821762 -0.146080196 0.149088576 0.326430947 0.069099456 0.057272509 -0.017249439 0.995815039
1341845957.858271 -0.143403873 0.156454965 0.324917167 0.078365095 0.058055192 -0.015816512 0.995107234
1341845957.890302 -0.142832756 0.165629193 0.335848331 0.086254627 0.058908187 -0.013592897 0.994437099
1341845957.926548 -0.139869243 0.169180468 0.335337818 0.094826259 0.059166498 -0.010781399 0.993675530
1341845957.963818 -0.137470663 0.162888169 0.333925366 0.103143461 0.060396269 -0.011098635 0.992769122
1341845957.996582 -0.129417971 0.183439702 0.333671361 0.109695092 0.063083991 -0.009425555 0.991916597
1341845958.028437 -0.133887082 0.197232828 0.342999458 0.113993518 0.066607937 -0.007461181 0.991218030
1341845958.064063 -0.129569292 0.202219665 0.354411334 0.121928379 0.064437658 -0.004447578 0.990435004
1341845958.096285 -0.114395790 0.205403879 0.341334611 0.127339587 0.065626092 -0.004276684 0.989676476
1341845958.163750 -0.122711778 0.234745264 0.368249089 0.138876170 0.069505118 0.002283852 0.987864971
1341845958.225916 -0.113000020 0.253229439 0.364369810 0.148483694 0.068150848 0.003805768 0.986556411
1341845958.257855 -0.117189094 0.252818614 0.380005509 0.151612133 0.067382395 0.003667594 0.986133814
1341845958.293941 -0.110490136 0.266217470 0.376630425 0.158839598 0.063106634 0.007224004 0.985259056
1341845958.325982 -0.110008143 0.256531298 0.376558006 0.160444364 0.064441428 0.003887717 0.984931350
1341845958.357886 -0.110532701 0.268162400 0.382150948 0.166278437 0.065562338 0.006807345 0.983873308
1341845958.393794 -0.108716913 0.272841275 0.387543261 0.173721567 0.062117521 0.011716692 0.982763946
1341845958.425833 -0.104608439 0.274247259 0.382072747 0.180909306 0.059226051 0.014710029 0.981604695
1341845958.461910 -0.103883363 0.286561877 0.388457835 0.185198620 0.061451226 0.015862301 0.980649590
1341845958.493906 -0.109725088 0.298414916 0.403719753 0.191414356 0.060698431 0.021368166 0.979397595
1341845958.525948 -0.111641258 0.306230903 0.411377758 0.200723529 0.055318628 0.027262237 0.977704823
1341845958.561735 -0.097593397 0.320710957 0.399639249 0.203315556 0.053347819 0.027247982 0.977279067
1341845958.593854 -0.096121810 0.344289809 0.403207719 0.200806558 0.055424184 0.024027716 0.977766633
1341845958.625936 -0.110940047 0.319051743 0.413080841 0.199010760 0.055895079 0.019603258 0.978205621
1341845958.661751 -0.099002048 0.340049416 0.406880528 0.207075566 0.051059201 0.022777945 0.976726055
1341845958.693866 -0.099225476 0.368735462 0.417931706 0.207792908 0.052152000 0.024779310 0.976467252
1341845958.729747 -0.099694431 0.375491053 0.425108433 0.206295103 0.050876167 0.025597269 0.976830959
1341845958.761798 -0.105467707 0.359461576 0.426637888 0.206071079 0.050354682 0.025307311 0.976912856
1341845958.793976 -0.106408149 0.366438270 0.436433882 0.212612703 0.048698571 0.031727288 0.975406468
1341845958.836099 -0.102045268 0.388358951 0.431425959 0.215845004 0.049408339 0.034394443 0.974570036
1341845958.872548 -0.105306312 0.392625809 0.436969727 0.215092763 0.050056871 0.035056744 0.974679708
1341845958.905812 -0.108330078 0.391854495 0.443115175 0.219113842 0.047997933 0.037638374 0.973790884
1341845958.936045 -0.103793159 0.403590620 0.441310227 0.222908095 0.046739034 0.037621405 0.972991288
1341845958.967857 -0.100004032 0.423880726 0.441958457 0.223261118 0.047307454 0.036547352 0.972923815
1341845959.003881 -0.107407600 0.420365274 0.455024481 0.222020909 0.047956333 0.033101067 0.973299146
1341845959.035807 -0.104314648 0.424687058 0.447714031 0.223188356 0.046554953 0.033420570 0.973089278
1341845959.067708 -0.096540488 0.442757219 0.444757044 0.223166317 0.047759987 0.032264769 0.973074913
1341845959.103767 -0.101696961 0.441200614 0.452031434 0.219899267 0.050929386 0.030034287 0.973729134
1341845959.135750 -0.108586229 0.440236151 0.456168562 0.222774431 0.049739853 0.034150276 0.973001182
1341845959.172042 -0.105740927 0.452843606 0.466490924 0.230120599 0.047787063 0.037036970 0.971282244
1341845959.203734 -0.099435583 0.469499052 0.467201561 0.231490627 0.049810652 0.035309646 0.970919251
1341845959.235702 -0.110634364 0.474467307 0.467673659 0.231014490 0.052591201 0.031340666 0.971022248
1341845959.271710 -0.115267687 0.477685273 0.482036233 0.234038517 0.047652986 0.031628352 0.970543563
1341845959.303719 -0.113425024 0.479527861 0.482183188 0.235479012 0.048161771 0.027748058 0.970288694
1341845959.339991 -0.112007625 0.482331961 0.482248217 0.236979470 0.051988646 0.024401398 0.969815671
1341845959.371830 -0.126359597 0.465666294 0.479075193 0.241701290 0.051101115 0.026443863 0.968643308
1341845959.403707 -0.116157651 0.483384162 0.474998057 0.252191424 0.044925369 0.030658416 0.966147661
1341845959.440061 -0.116238035 0.491772205 0.495426565 0.258490831 0.047527466 0.030594867 0.964358628
1341845959.471779 -0.118106753 0.498650670 0.474002242 0.259916812 0.050309010 0.030901793 0.963824272
1341845959.507756 -0.122434795 0.500413537 0.478877932 0.264603376 0.047653198 0.035131902 0.962538302
1341845959.539837 -0.121752381 0.508511662 0.482914239 0.269770980 0.047294866 0.036120258 0.961083829
1341845959.571785 -0.118617289 0.525861442 0.466345996 0.271436304 0.048000079 0.036163785 0.960578203
1341845959.607783 -0.126827255 0.514550328 0.483059376 0.274291635 0.046154942 0.037874632 0.959791243
1341845959.639762 -0.128223374 0.518494666 0.492397219 0.279393405 0.044944510 0.038554374 0.958348989
1341845959.671901 -0.124343544 0.529020965 0.481368423 0.282125562 0.046182994 0.036995165 0.957550824
1341845959.707824 -0.128910005 0.527646959 0.493116528 0.285485446 0.045867287 0.038143724 0.956524611
1341845959.740041 -0.130841017 0.534004450 0.494717628 0.289653927 0.044220343 0.039277248 0.955302298
1341845959.776084 -0.131573603 0.537987649 0.494450629 0.294098556 0.043179017 0.041082650 0.953915000
1341845959.807848 -0.130826607 0.540374577 0.507479548 0.300087214 0.041550625 0.045320008 0.951928198
1341845959.839796 -0.129418269 0.557394803 0.515377939 0.305354178 0.040945593 0.048558608 0.950118065
1341845959.875965 -0.130687982 0.568039060 0.526513517 0.306716204 0.041892793 0.050587207 0.949532032
1341845959.907911 -0.133429602 0.570386112 0.524331570 0.308677286 0.042382427 0.051151779 0.948844314
1341845959.939861 -0.132745728 0.579926014 0.525406480 0.310689777 0.041480567 0.053716194 0.948085368
1341845959.975710 -0.131062403 0.597046554 0.536744118 0.311696380 0.041293658 0.056194980 0.947619259
1341845960.007688 -0.122204781 0.621152341 0.552561343 0.311870456 0.039776009 0.059158076 0.947446585
1341845960.039963 -0.133584648 0.597012520 0.534305215 0.307505131 0.042224959 0.056951940 0.948901534
1341845960.075794 -0.125582010 0.602221012 0.542769849 0.311080545 0.041525196 0.058332458 0.947682381
1341845960.107770 -0.130042404 0.618962049 0.549083650 0.313652724 0.043907326 0.060597740 0.946584404
1341845960.144033 -0.134818822 0.625289977 0.553797722 0.311923802 0.044045933 0.061525442 0.947089255
1341845960.175727 -0.133683369 0.616776764 0.561137736 0.313470095 0.043210007 0.061622873 0.946610808
1341845960.207727 -0.131783500 0.634700835 0.578266203 0.316824108 0.044170763 0.061540455 0.945454478
1341845960.243768 -0.132687390 0.638000488 0.576835692 0.312970042 0.045067478 0.060354363 0.946771383
1341845960.275774 -0.127275586 0.622289836 0.568258166 0.313238591 0.045113463 0.061021823 0.946637571
1341845960.307922 -0.128935009 0.643153310 0.581892788 0.318635911 0.046234850 0.063436702 0.944621265
1341845960.343783 -0.130603701 0.653475285 0.582901359 0.316814333 0.046830550 0.063190050 0.945220888
1341845960.375748 -0.127050936 0.637955844 0.583400190 0.315441191 0.045833360 0.063074708 0.945736587
1341845960.407669 -0.123416767 0.645903230 0.592515945 0.319544464 0.046716165 0.065703787 0.944135547
1341845960.443816 -0.125702277 0.652631521 0.588966072 0.321335971 0.047547188 0.067127064 0.943385601
1341845960.475859 -0.123531036 0.653669596 0.598143339 0.323109239 0.047216363 0.067269892 0.942786157
1341845960.507864 -0.115400352 0.649367452 0.606245935 0.324604362 0.047607616 0.066948637 0.942275643
1341845960.543808 -0.123553909 0.649742842 0.603352726 0.327738643 0.050305784 0.066786960 0.941061199
1341845960.575920 -0.129854500 0.662212610 0.597709119 0.329928368 0.048235055 0.067268834 0.940369904
1341845960.611822 -0.119666547 0.658498287 0.605875671 0.331296444 0.043849815 0.065053143 0.940259516
1341845960.675868 -0.119208135 0.654763401 0.612361848 0.334841281 0.040497385 0.063361861 0.939269185
1341845960.738006 -0.116194561 0.656425714 0.627780616 0.331919253 0.040289532 0.056662619 0.940742135
1341845960.773767 -0.119203933 0.660467565 0.613084137 0.330963880 0.040478759 0.056880269 0.941057384
1341845960.805854 -0.117884696 0.661485672 0.618100822 0.330089837 0.038353220 0.059057429 0.941319287
1341845960.837918 -0.112293720 0.663316131 0.621479928 0.329644144 0.038454842 0.059136476 0.941466331
1341845960.873825 -0.114517756 0.663736701 0.617547512 0.327252746 0.040148616 0.058507733 0.942268848
1341845960.905884 -0.110587522 0.650227845 0.610912442 0.326412857 0.040207855 0.059692886 0.942483306
1341845960.941780 -0.110802077 0.660525084 0.611368716 0.329802275 0.041832272 0.060966976 0.941150129
1341845960.973838 -0.119570076 0.661628544 0.609835207 0.328278512 0.042670738 0.060286399 0.941688895
1341845961.006150 -0.115631647 0.643923759 0.607672334 0.326495528 0.040642269 0.060059499 0.942412734
1341845961.041828 -0.110864207 0.637483597 0.607619405 0.329984576 0.041605532 0.060466394 0.941128552
1341845961.073796 -0.119766019 0.633398533 0.600949705 0.331652164 0.043236319 0.059663303 0.940519929
1341845961.110987 -0.117125958 0.628433466 0.593221664 0.333343685 0.041528337 0.058542460 0.940069199
1341845961.141834 -0.116352551 0.620981753 0.595330238 0.335220575 0.042754166 0.054404456 0.939595342
1341845961.173863 -0.122420333 0.613178849 0.578568161 0.335177571 0.044001121 0.051242292 0.939730883
1341845961.209891 -0.116260640 0.595855057 0.568146884 0.337148786 0.041892771 0.050370518 0.939169049
1341845961.242098 -0.119813882 0.597096384 0.567037523 0.342196882 0.042909496 0.048262674 0.937406421
1341845961.273933 -0.120202370 0.605721831 0.563488126 0.343099266 0.043425366 0.045494515 0.937191188
1341845961.310022 -0.121578440 0.592317224 0.559025884 0.339703441 0.043326519 0.042619832 0.938566923
1341845961.341758 -0.121084891 0.585373819 0.554952323 0.337638170 0.043268129 0.040637862 0.939402401
1341845961.378106 -0.115799636 0.597983897 0.546382368 0.331384391 0.042733785 0.038729548 0.941731513
1341845961.409796 -0.130002111 0.580468178 0.565462530 0.323390990 0.042637479 0.038174991 0.944533229
1341845961.441821 -0.131349936 0.567335546 0.546420574 0.314665109 0.042559195 0.035904076 0.947568178
1341845961.477824 -0.128243312 0.563327491 0.539669156 0.304438591 0.042640328 0.033331133 0.950993180
1341845961.509791 -0.143624812 0.533174813 0.544908345 0.296980143 0.043689501 0.033406850 0.953298509
1341845961.541896 -0.141773880 0.525314569 0.528995693 0.290422559 0.040272761 0.035621930 0.955386817
1341845961.577897 -0.138303608 0.507396340 0.521627128 0.285205126 0.038494669 0.037962556 0.956940472
1341845961.609802 -0.145033479 0.508721232 0.505007684 0.280528277 0.038718786 0.038280666 0.958300233
1341845961.645986 -0.144044831 0.489749730 0.495977134 0.268801659 0.036398981 0.035680395 0.961845934
1341845961.677834 -0.141421258 0.462839663 0.489528894 0.262682766 0.036006790 0.035402302 0.963559985
1341845961.709764 -0.150563523 0.459143609 0.483450919 0.260235339 0.037504304 0.036202755 0.964137137
1341845961.745888 -0.149424404 0.445589721 0.474125296 0.251850247 0.036055405 0.036324587 0.966411889
1341845961.778055 -0.152977854 0.427163631 0.471031249 0.246715531 0.036731429 0.037423573 0.967668176
1341845961.809850 -0.153794453 0.417461485 0.469682753 0.243207991 0.037583463 0.038117681 0.968495965
1341845961.845697 -0.161344260 0.401972711 0.458447248 0.237567499 0.039116908 0.039085049 0.969795763
1341845961.877872 -0.166594163 0.390669823 0.458038598 0.234622180 0.038518012 0.043232542 0.970360637
1341845961.913718 -0.164801702 0.387257397 0.442000389 0.228933349 0.039841812 0.042353254 0.971703827
1341845961.945896 -0.181973204 0.369895071 0.436749756 0.221906081 0.042413916 0.040261474 0.973312795
1341845961.977939 -0.181569740 0.343396544 0.439962834 0.216673911 0.036975890 0.043182313 0.974587321
1341845962.013984 -0.172476664 0.333781928 0.431461245 0.213572964 0.035481498 0.041912779 0.975382447
1341845962.046683 -0.179440573 0.322982669 0.415052712 0.209517047 0.037964977 0.040803909 0.976215303
1341845962.078169 -0.182577923 0.310271412 0.412390292 0.206101313 0.036346570 0.040568925 0.977013469
1341845962.114007 -0.181039885 0.281333983 0.404305577 0.201735884 0.037281357 0.038823556 0.977959871
1341845962.145797 -0.183099106 0.269311011 0.393127501 0.201859653 0.038779698 0.039878022 0.977833629
1341845962.182026 -0.181947306 0.267555475 0.385082483 0.200551465 0.038294487 0.041038666 0.978073835
1341845962.214096 -0.185101703 0.248895720 0.375530630 0.196142346 0.040184982 0.038518056 0.978994250
1341845962.245784 -0.185487673 0.236323804 0.369302034 0.191879377 0.040738449 0.036507253 0.979892790
1341845962.281938 -0.192159399 0.216300637 0.370677620 0.186547786 0.042394206 0.035173178 0.980900347
1341845962.313944 -0.187395006 0.205501780 0.355770677 0.183145806 0.043546379 0.035207517 0.981489539
1341845962.349929 -0.186073884 0.197208568 0.349834472 0.177778840 0.046186961 0.032366786 0.982452929
1341845962.381891 -0.194172591 0.170622960 0.355058402 0.172524035 0.047083925 0.033965979 0.983292878
1341845962.413742 -0.194895700 0.157949567 0.340662926 0.172938257 0.045177244 0.035245035 0.983264565
1341845962.449828 -0.197399184 0.148767203 0.337912887 0.170220509 0.043646801 0.034182794 0.983845234
1341845962.487817 -0.198280603 0.138852373 0.325602829 0.166290060 0.041920427 0.032411780 0.984652102
1341845962.549874 -0.196971983 0.107412279 0.298667252 0.156260520 0.043269653 0.030155294 0.986306787
1341845962.581942 -0.195893511 0.086798348 0.291800141 0.153741792 0.044401694 0.031320471 0.986615956
1341845962.617866 -0.198052347 0.076692253 0.285288066 0.153782308 0.046629891 0.033019539 0.986451387
1341845962.649869 -0.198438779 0.071130000 0.272701174 0.153738543 0.048330095 0.034540743 0.986324310
1341845962.682115 -0.198757634 0.071828395 0.268080711 0.152589262 0.048745777 0.035981167 0.986430764
1341845962.717940 -0.201383054 0.053849045 0.260769516 0.149448037 0.050424766 0.033043429 0.986929953
1341845962.749929 -0.204031929 0.054187890 0.251791686 0.148641691 0.051871195 0.030291982 0.987065077
1341845962.781986 -0.207614139 0.041050624 0.246095225 0.145359904 0.052123379 0.028047839 0.987606704
1341845962.817763 -0.200843632 0.036562063 0.241585150 0.143329427 0.052296598 0.026918989 0.987925649
1341845962.849755 -0.203061804 0.027245529 0.234128982 0.141254261 0.055389065 0.025558284 0.988092124
1341845962.885818 -0.213362634 0.020228192 0.239062920 0.140301138 0.056921963 0.026868047 0.988106072
1341845962.918631 -0.212950140 0.021302784 0.231431291 0.138848886 0.055854365 0.029067960 0.988309801
1341845962.964414 -0.205817968 0.019372365 0.216241941 0.132990018 0.058210243 0.025763215 0.989071012
1341845963.017793 -0.218599126 0.014973492 0.212852925 0.119767740 0.061088469 0.028837381 0.990501046
1341845963.085942 -0.210430652 0.023650553 0.210323274 0.108328924 0.061590698 0.025963606 0.991865575
1341845963.117888 -0.221202701 0.015495116 0.225175962 0.099924520 0.064248510 0.028693732 0.992503822
1341845963.154202 -0.220932424 -0.001378801 0.223819852 0.095046431 0.064459242 0.027237909 0.993010223
1341845963.185770 -0.216955289 0.001254085 0.217576399 0.092293516 0.066442356 0.027748302 0.993125081
1341845963.217782 -0.219182357 -0.015269132 0.198299721 0.086099550 0.069840610 0.024832042 0.993525326
1341845963.253885 -0.225918740 -0.026692837 0.201485232 0.080924600 0.072162390 0.022557756 0.993848562
1341845963.285844 -0.224805728 -0.037545927 0.199960187 0.077495113 0.073196046 0.020938348 0.994081736
1341845963.321913 -0.217405975 -0.029121252 0.201487422 0.075830229 0.075401783 0.018395897 0.994095564
1341845963.353695 -0.222125217 -0.013188685 0.201348960 0.069989786 0.079267748 0.018047770 0.994229555
1341845963.385792 -0.226490811 -0.041323759 0.207642198 0.058775648 0.080909930 0.017896865 0.994825959
1341845963.421875 -0.220710844 -0.047029361 0.210672945 0.053957257 0.083356470 0.018373501 0.994888306
1341845963.453923 -0.222397551 -0.051011790 0.217419639 0.048031632 0.089275531 0.019177200 0.994663298
1341845963.485900 -0.225638092 -0.059456598 0.242685840 0.044410668 0.095120706 0.022429569 0.994221687
1341845963.521709 -0.225076914 -0.059112687 0.244019747 0.046897586 0.103751421 0.027431469 0.993118167
1341845963.553742 -0.222109556 -0.067326702 0.244676143 0.046696071 0.114890493 0.027890062 0.991887987
1341845963.589977 -0.223951101 -0.074932203 0.248699114 0.046092950 0.125416964 0.028156709 0.990632713
1341845963.621850 -0.225239336 -0.064820834 0.247304410 0.048436891 0.135950893 0.030407794 0.989063501
1341845963.654421 -0.230678171 -0.069869146 0.268773139 0.046091694 0.147033319 0.027000928 0.987688065
1341845963.690029 -0.245025173 -0.076786257 0.281020135 0.044617847 0.156771541 0.029381856 0.986188948
1341845963.721864 -0.239682391 -0.074520282 0.291224629 0.045121778 0.161700562 0.031301394 0.985310733
1341845963.753762 -0.248513818 -0.068467639 0.284811586 0.042835545 0.169131339 0.032200657 0.984135568
1341845963.790051 -0.252126455 -0.063282795 0.283398211 0.037947793 0.174744427 0.036620241 0.983200550
1341845963.821840 -0.266955823 -0.079307273 0.301636219 0.031806465 0.181712046 0.034221314 0.982241333
1341845963.857878 -0.269786268 -0.074705243 0.308811605 0.029328369 0.186579123 0.035715941 0.981352329
1341845963.891494 -0.278223276 -0.074258685 0.314818680 0.026945014 0.191184506 0.039187029 0.980401397
1341845963.922038 -0.284573048 -0.076775298 0.311064422 0.024888046 0.194728509 0.036486905 0.979862273
1341845963.957711 -0.288919598 -0.068905912 0.317969859 0.020847317 0.200333580 0.034768622 0.978888690
1341845963.989918 -0.299931586 -0.084822156 0.343410313 0.015886592 0.206508756 0.032951914 0.977760673
1341845964.021882 -0.305222273 -0.093749873 0.343044460 0.018765120 0.211198747 0.035066780 0.976633608
1341845964.057871 -0.313307315 -0.084109835 0.333421826 0.023377469 0.217512235 0.035359014 0.975136697
1341845964.089943 -0.306789279 -0.069958895 0.324892044 0.020088030 0.221605733 0.038442738 0.974171162
1341845964.125808 -0.310261101 -0.081656866 0.343583375 0.016319210 0.230031788 0.039603174 0.972240031
1341845964.157672 -0.316538215 -0.081225313 0.355834395 0.023385877 0.238147214 0.041069318 0.970078528
1341845964.189845 -0.327696413 -0.077485994 0.335518241 0.025623599 0.243933052 0.040427361 0.968610227
1341845964.225746 -0.329002082 -0.085056096 0.350733221 0.022226403 0.252412617 0.039433096 0.966560364
1341845964.257798 -0.335006356 -0.082967632 0.348762482 0.024224356 0.257731795 0.040686172 0.965055525
1341845964.290067 -0.353815228 -0.073104866 0.368214637 0.026413966 0.264385849 0.042317275 0.963126004
1341845964.325751 -0.358343273 -0.072782271 0.364365906 0.024939045 0.266656488 0.044416860 0.962444544
1341845964.357836 -0.359654635 -0.075812750 0.372366697 0.026203565 0.271250308 0.045431834 0.961078882
1341845964.399837 -0.362199873 -0.073127300 0.368966609 0.028690852 0.275786787 0.048814736 0.959549665
1341845964.458009 -0.370641649 -0.074252754 0.376986325 0.026686639 0.284647405 0.050602201 0.956923723
1341845964.493690 -0.386929959 -0.086217538 0.378262758 0.024589129 0.292944998 0.049146496 0.954548717
1341845964.525868 -0.385096282 -0.085156269 0.386295438 0.028958255 0.296816379 0.054549456 0.952935338
1341845964.561820 -0.385723859 -0.084584542 0.392510206 0.033768591 0.302171558 0.057531778 0.950916409
1341845964.593698 -0.399310529 -0.081548341 0.389324397 0.031947911 0.310018688 0.057880323 0.948428988
1341845964.625703 -0.408447206 -0.079990797 0.388526142 0.028265502 0.314500630 0.058744360 0.947016060
1341845964.661788 -0.411295503 -0.090546779 0.393037617 0.027122792 0.317952663 0.058836814 0.945890367
1341845964.693836 -0.425369143 -0.093429066 0.370016038 0.029347263 0.324418992 0.058851607 0.943624675
1341845964.725966 -0.428234249 -0.095010146 0.411285579 0.029565582 0.334363490 0.057856943 0.940201819
1341845964.761841 -0.430704564 -0.097321846 0.392551690 0.031882491 0.337931246 0.059138644 0.938769698
1341845964.793975 -0.441189021 -0.099756166 0.404633135 0.035583671 0.344876200 0.060523413 0.936018765
1341845964.829971 -0.453589708 -0.102400377 0.395236880 0.034669381 0.350826919 0.060106542 0.933865964
1341845964.861928 -0.474204063 -0.096068561 0.371179014 0.033853907 0.353739887 0.058484852 0.932899535
1341845964.893679 -0.476204216 -0.098393433 0.364720076 0.031284489 0.353118092 0.058052864 0.933251679
1341845964.929863 -0.467483938 -0.113930441 0.430309862 0.028520638 0.355350256 0.058643967 0.932455659
1341845964.961832 -0.471857518 -0.111431815 0.420492291 0.030007375 0.357594937 0.060018152 0.931462944
1341845965.029810 -0.488061517 -0.122187361 0.426842511 0.030950105 0.361648828 0.060439724 0.929838300
1341845965.061873 -0.483684927 -0.134410530 0.406476021 0.035319120 0.364950478 0.061835822 0.928299546
1341845965.097818 -0.499063402 -0.120848477 0.416544586 0.035485219 0.369866967 0.059258230 0.926513731
1341845965.130110 -0.500644863 -0.124317273 0.416971862 0.034918159 0.373152673 0.057917643 0.925301731
1341845965.162645 -0.506053209 -0.126123756 0.430620372 0.035587054 0.378600329 0.056820158 0.923128843
1341845965.198514 -0.516173720 -0.125314385 0.425279051 0.034660093 0.384696126 0.057864830 0.920575500
1341845965.230304 -0.524285674 -0.122761138 0.421614408 0.033635490 0.389490038 0.058348592 0.918564975
1341845965.298444 -0.530091643 -0.122066639 0.420684516 0.031934962 0.401080757 0.060574178 0.913479745
1341845965.331043 -0.537054121 -0.119898491 0.417188048 0.033646874 0.407004386 0.065216228 0.910473585
1341845965.366018 -0.538883626 -0.125125140 0.459128022 0.032137819 0.413925618 0.066315264 0.907323003
1341845965.398649 -0.541865528 -0.125931278 0.450921535 0.031339958 0.421231210 0.069522060 0.903741539
1341845965.431881 -0.534745991 -0.135898069 0.480294496 0.030800270 0.429815054 0.069323160 0.899724782
1341845965.466122 -0.542030513 -0.131948054 0.515128314 0.031525888 0.436881959 0.072781794 0.896015108
1341845965.498735 -0.548678279 -0.146775275 0.511657357 0.027597103 0.441941828 0.073545367 0.893597722
1341845965.538924 -0.561089039 -0.136109740 0.511793613 0.027319269 0.448247135 0.077405937 0.890132844
1341845965.574497 -0.563798487 -0.134450898 0.538564742 0.026556812 0.453145146 0.083874844 0.887084663
1341845965.604085 -0.578367889 -0.140088663 0.532651305 0.027831363 0.456951201 0.089951716 0.884494066
1341845965.640215 -0.584779382 -0.148806348 0.510421336 0.028789230 0.461931139 0.095487826 0.881290495
1341845965.671775 -0.586397886 -0.141440347 0.560615659 0.029268993 0.470077932 0.096889399 0.876802444
1341845965.703769 -0.591770291 -0.132575005 0.554834783 0.032335941 0.474044323 0.100127257 0.874191582
1341845965.739932 -0.598623693 -0.130757943 0.552691042 0.033308499 0.478280187 0.102989815 0.871511161
1341845965.771986 -0.602233768 -0.142853945 0.560296595 0.030641457 0.483016461 0.103410900 0.868943274
1341845965.803746 -0.604294062 -0.147652775 0.584104240 0.028509557 0.487628728 0.103301659 0.866449177
1341845965.840020 -0.612059355 -0.151030108 0.595401287 0.028063184 0.489686310 0.103260212 0.865307510
1341845965.871716 -0.626272798 -0.151913956 0.591684639 0.029485555 0.490179211 0.104415290 0.864842415
1341845965.907848 -0.628124893 -0.145551696 0.596316814 0.027483413 0.492702365 0.104005024 0.863523006
1341845965.939897 -0.627686143 -0.150880545 0.605071783 0.026205231 0.493012577 0.104405403 0.863337338
1341845965.971777 -0.631905794 -0.151900262 0.605840802 0.027981319 0.491338938 0.105228208 0.864135504
1341845966.007712 -0.639890671 -0.148857057 0.598671854 0.028842239 0.491951436 0.105847076 0.863682985
1341845966.039925 -0.642323911 -0.148325413 0.609190226 0.026278906 0.492463201 0.106524505 0.863389790
1341845966.071842 -0.654150307 -0.156516865 0.624498427 0.024742298 0.490336746 0.108006582 0.864460647
1341845966.107724 -0.646343052 -0.148504928 0.627774715 0.024213290 0.487780213 0.107927658 0.865930617
1341845966.139710 -0.647245049 -0.149926260 0.629975438 0.022422029 0.487567753 0.106739908 0.866245627
1341845966.171793 -0.654294670 -0.152957484 0.613336980 0.021789806 0.484100312 0.106813066 0.868195295
1341845966.207829 -0.655699134 -0.143045411 0.625018537 0.021428904 0.480322957 0.107245147 0.870246589
1341845966.239904 -0.654843509 -0.147276133 0.617695212 0.019571984 0.478423744 0.105652414 0.871530354
1341845966.275869 -0.654598296 -0.144481689 0.639706612 0.020548107 0.476287395 0.107469961 0.872455299
1341845966.307882 -0.652846754 -0.141881973 0.616288543 0.016663775 0.468762010 0.108456917 0.876482546
1341845966.339897 -0.656289637 -0.136388257 0.613140345 0.014905683 0.465545863 0.108846374 0.878178418
1341845966.375773 -0.649475276 -0.144042179 0.624592066 0.014279348 0.460832506 0.111811154 0.880299807
1341845966.408401 -0.636599302 -0.136770591 0.646163702 0.016608065 0.447461396 0.117117055 0.886445761
1341845966.470009 -0.639034271 -0.132512555 0.604999006 0.010752946 0.440608740 0.111247458 0.890714467
1341845966.502100 -0.620996594 -0.136612043 0.619564176 0.012662256 0.436108798 0.110734425 0.892965078
1341845966.537769 -0.623273492 -0.132631436 0.584182262 0.014426588 0.430053890 0.109147742 0.896064937
1341845966.570051 -0.621564329 -0.122229844 0.571022153 0.014349150 0.429385811 0.107541896 0.896580577
1341845966.605694 -0.611729741 -0.136539444 0.590000212 0.013376628 0.425709337 0.105532989 0.898585200
1341845966.637893 -0.607753634 -0.123545088 0.572254241 0.016097223 0.417037696 0.102965534 0.902894557
1341845966.669930 -0.601433218 -0.115887001 0.542030573 0.014767344 0.412488401 0.098324381 0.905520618
1341845966.705984 -0.591003537 -0.117180504 0.556488633 0.012267222 0.409876853 0.094205461 0.907180130
1341845966.737793 -0.582554221 -0.118621081 0.549354970 0.011293861 0.402492493 0.091049150 0.910814047
1341845966.773893 -0.581439257 -0.112976827 0.530958951 0.010893207 0.396425605 0.086991012 0.913871229
1341845966.806068 -0.572083414 -0.109013349 0.523456454 0.008702856 0.392782182 0.082609452 0.915872335
1341845966.837941 -0.574396908 -0.104677089 0.506011069 0.006725446 0.384730220 0.080331914 0.919502139
1341845966.873813 -0.563393593 -0.099289507 0.495285928 0.004321998 0.374396980 0.078601278 0.923920989
1341845966.905683 -0.559442937 -0.101072244 0.497642577 0.000052375 0.370030642 0.074487567 0.926028550
1341845966.937810 -0.551720500 -0.099026918 0.506266832 -0.000792128 0.362956852 0.072010875 0.929018915
1341845966.973800 -0.547690570 -0.103659734 0.494033396 -0.000817608 0.354405671 0.070249282 0.932448924
1341845967.005805 -0.540176928 -0.102480859 0.487749726 -0.000688665 0.349504262 0.067841507 0.934475183
1341845967.042225 -0.539787769 -0.094416156 0.481915236 0.000494589 0.343336463 0.067623720 0.936774731
1341845967.073828 -0.539305925 -0.093757868 0.471721679 -0.001093732 0.333876938 0.069005035 0.940086842
1341845967.105887 -0.528118014 -0.094531097 0.468802214 -0.002674501 0.327252775 0.069131389 0.942400813
1341845967.141740 -0.524387121 -0.089766786 0.456697702 -0.002483033 0.320583582 0.069178998 0.944687426
1341845967.173814 -0.526254356 -0.082189962 0.443609595 -0.002282632 0.309884280 0.070184581 0.948177516
1341845967.205958 -0.519291759 -0.079800777 0.446277708 -0.004833165 0.301209241 0.070499346 0.950936079
1341845967.241684 -0.511830628 -0.084037080 0.441688389 -0.008835591 0.296008676 0.067122176 0.952782989
1341845967.273869 -0.507609606 -0.082170479 0.432265162 -0.009451992 0.287978530 0.067489624 0.955208957
1341845967.310009 -0.500814855 -0.083326370 0.439067185 -0.009208313 0.280786216 0.067538179 0.957346797
1341845967.341721 -0.492514551 -0.079294197 0.425916106 -0.008281638 0.275155932 0.066835776 0.959037840
1341845967.373873 -0.487355381 -0.073016196 0.427583575 -0.009022251 0.269389927 0.066472746 0.960691988
1341845967.409855 -0.481335968 -0.072063982 0.427310497 -0.010781650 0.262585491 0.066162363 0.962577343
1341845967.441891 -0.467584521 -0.069072098 0.427227527 -0.012675093 0.257901132 0.063687272 0.963986635
1341845967.473782 -0.459556192 -0.068285950 0.429464459 -0.015350606 0.256015033 0.061442837 0.964595973
1341845967.509844 -0.453227073 -0.068207234 0.431735307 -0.015761515 0.252907962 0.061845377 0.965382993
1341845967.541835 -0.444032550 -0.065950379 0.426541626 -0.015445164 0.248204187 0.061408181 0.966636002
1341845967.583843 -0.432745039 -0.061559763 0.415494651 -0.017325625 0.247537345 0.058856066 0.966933846
1341845967.641865 -0.419271499 -0.044641249 0.407270819 -0.018090745 0.242403328 0.056240730 0.968375087
1341845967.677848 -0.410154194 -0.028993621 0.377432555 -0.024909459 0.238183200 0.053138088 0.969445527
1341845967.709875 -0.403099447 -0.052705180 0.403250962 -0.035858616 0.239466622 0.046207607 0.969141245
1341845967.745878 -0.394649416 -0.051651925 0.412418246 -0.035084955 0.237619609 0.047007456 0.969585598
1341845967.778746 -0.385154247 -0.050972078 0.411071807 -0.032531723 0.234302282 0.048947487 0.970385611
1341845967.809778 -0.375603259 -0.040269554 0.396684140 -0.033500914 0.232909009 0.047655366 0.970752299
1341845967.845933 -0.375262529 -0.041667085 0.408645660 -0.036136657 0.230961144 0.047561906 0.971127689
1341845967.878439 -0.366122425 -0.038449414 0.395559430 -0.035980165 0.224287614 0.049995121 0.972574413
1341845967.910100 -0.357141197 -0.041564178 0.389949828 -0.040048562 0.221141890 0.046265956 0.973320007
1341845967.945831 -0.351553589 -0.040730070 0.398029953 -0.042655542 0.219465867 0.042919472 0.973741829
1341845967.977896 -0.343296438 -0.041557003 0.399770916 -0.042561825 0.213125676 0.042822130 0.975157559
1341845968.013873 -0.334257007 -0.041990027 0.396514803 -0.040823210 0.207850322 0.042196840 0.976397038
1341845968.046014 -0.327896863 -0.038365688 0.396401852 -0.039047558 0.204204068 0.039007891 0.977371156
1341845968.077840 -0.319285482 -0.036857873 0.391784340 -0.039260775 0.199271917 0.038473863 0.978401303
1341845968.113779 -0.312759161 -0.030611411 0.380993903 -0.039453298 0.192301169 0.038827185 0.979773521
1341845968.146343 -0.304686338 -0.031746466 0.374760389 -0.042814042 0.185955808 0.033821777 0.981042027
1341845968.178020 -0.298328400 -0.027318623 0.362929881 -0.047301382 0.179318860 0.031205058 0.982157588
1341845968.213838 -0.285304278 -0.031595908 0.355446458 -0.051326778 0.170112967 0.029220667 0.983653009
1341845968.245986 -0.278691024 -0.030225961 0.353909075 -0.052063156 0.163153112 0.026682680 0.984864712
1341845968.281755 -0.272005200 -0.024856789 0.359003127 -0.052169703 0.156730652 0.024734169 0.985952377
1341845968.313859 -0.264108598 -0.026982330 0.355879158 -0.053773470 0.151011422 0.021289552 0.986838758
1341845968.381845 -0.247423664 -0.029756349 0.343766302 -0.047121894 0.135966644 0.014823880 0.989481091
1341845968.413829 -0.241552725 -0.015325264 0.340778738 -0.045612786 0.127548963 0.012556729 0.990703344
1341845968.445783 -0.231589988 -0.018595904 0.340247810 -0.048753444 0.119921632 0.006098528 0.991566777
1341845968.481950 -0.220479593 -0.018830905 0.335816562 -0.046647634 0.112440996 0.003765144 0.992555737
1341845968.513880 -0.218204215 -0.019724885 0.331189722 -0.041989073 0.102926157 0.003975029 0.993794382
1341845968.549874 -0.195954725 -0.004672060 0.328898191 -0.039309971 0.092051044 0.000336150 0.994978011
1341845968.581797 -0.186828986 -0.010919155 0.319511563 -0.046390694 0.086963005 -0.010037848 0.995080233
1341845968.613836 -0.179850504 -0.024248196 0.315796226 -0.049004227 0.080973655 -0.013877722 0.995414138
1341845968.649866 -0.157653943 -0.026727837 0.306264281 -0.045156959 0.071452856 -0.013566724 0.996328890
1341845968.681800 -0.142382801 -0.016705411 0.302614748 -0.044123862 0.068219736 -0.016643072 0.996555150
1341845968.713888 -0.133550063 -0.015761130 0.302831888 -0.046767287 0.066882059 -0.018388310 0.996494591
1341845968.749871 -0.119047515 -0.021177091 0.298689097 -0.046330605 0.063042656 -0.017715083 0.996777475
1341845968.781921 -0.097436361 -0.013224268 0.289847285 -0.043471605 0.059907578 -0.015633103 0.997134328
1341845968.817754 -0.085456647 -0.009614800 0.277199894 -0.046423692 0.059037574 -0.019658791 0.996981919
1341845968.850259 -0.078208812 -0.014898061 0.288289160 -0.049157016 0.057830811 -0.021373734 0.996886313
1341845968.881826 -0.062194556 -0.016294451 0.281858444 -0.046987277 0.054978739 -0.020964887 0.997160971
1341845968.917722 -0.042852052 -0.005623817 0.271438271 -0.045181636 0.052467160 -0.021545485 0.997367322
1341845968.949889 -0.033607628 -0.003902845 0.277434379 -0.047912288 0.051197033 -0.023146400 0.997270048
1341845968.985958 -0.021292560 -0.008882218 0.277884871 -0.049111202 0.048811536 -0.024622537 0.997295976
1341845969.017732 -0.004682668 -0.005733467 0.270917982 -0.048206907 0.046361145 -0.025794392 0.997427404
1341845969.049916 0.006153105 -0.003875136 0.272849858 -0.049648933 0.044495091 -0.028510151 0.997367740
1341845969.085845 0.018785516 -0.002653497 0.276909381 -0.052338392 0.041391496 -0.031071855 0.997287273
1341845969.117802 0.031065851 -0.009657764 0.279787332 -0.054098215 0.039949618 -0.034349896 0.997144699
1341845969.149856 0.047293480 -0.006360384 0.282392651 -0.051606733 0.038384929 -0.035205808 0.997308314
1341845969.185864 0.062282179 0.001440769 0.283905923 -0.049469028 0.035939701 -0.034015909 0.997548997
1341845969.217819 0.075840183 -0.001433429 0.284673303 -0.049925890 0.035041269 -0.036084250 0.997485578
1341845969.254025 0.088328995 -0.008417233 0.286943674 -0.049067859 0.035430335 -0.040550184 0.997342825
1341845969.317925 0.118261695 0.000006203 0.285723805 -0.044642176 0.032417767 -0.042100310 0.997588933
1341845969.353755 0.131710887 0.003745858 0.292392284 -0.046438664 0.030387497 -0.046241026 0.997387469
1341845969.386150 0.140200600 0.007437100 0.297824055 -0.049762368 0.026254075 -0.051887088 0.997066796
1341845969.417886 0.147865921 0.000642465 0.302068532 -0.051612440 0.021979211 -0.055568226 0.996877730
1341845969.453876 0.160937071 -0.006745514 0.302324653 -0.051708553 0.020025853 -0.060888071 0.996603131
1341845969.485873 0.169560105 -0.000865694 0.307125628 -0.049462683 0.018649172 -0.063305266 0.996593237
1341845969.521785 0.177718177 -0.001914164 0.301645726 -0.048065439 0.013894950 -0.063039385 0.996756077
1341845969.553864 0.185898706 0.002055579 0.307627708 -0.047550276 0.007378823 -0.063607447 0.996814251
1341845969.585920 0.192658767 -0.000771289 0.307410687 -0.051635280 0.004916215 -0.067437455 0.996374309
1341845969.621808 0.199792907 -0.004033528 0.309791505 -0.053823423 0.002534528 -0.065938562 0.996367753
1341845969.653912 0.209867224 -0.005537388 0.309262276 -0.049585927 -0.002887933 -0.059302423 0.997003615
1341845969.685996 0.220159426 -0.009410203 0.311270297 -0.045086376 -0.005537708 -0.056565549 0.997364998
1341845969.721838 0.226634011 -0.006913723 0.307857722 -0.045431789 -0.006534536 -0.055732690 0.997390151
1341845969.753718 0.232765853 -0.002833446 0.309631288 -0.046611410 -0.011025899 -0.054131854 0.997384369
1341845969.789954 0.246777803 0.001602271 0.309529960 -0.045782343 -0.015717488 -0.055433422 0.997288406
1341845969.821781 0.257087141 0.004060182 0.311262280 -0.047269121 -0.018719625 -0.057669967 0.997040331
1341845969.853649 0.259176373 -0.000893822 0.315327048 -0.051195674 -0.021771811 -0.058972996 0.996708155
1341845969.889965 0.273213744 -0.001987647 0.317275614 -0.051484335 -0.029183976 -0.060191944 0.996430933
1341845969.922004 0.270409316 -0.001294201 0.306922853 -0.051448468 -0.031649299 -0.059186868 0.996417701
1341845969.957892 0.268839985 0.004246969 0.310726732 -0.051382069 -0.037973687 -0.059600454 0.996175528
1341845969.989937 0.304328591 -0.004058311 0.316425949 -0.053165782 -0.053142171 -0.059881505 0.995371044
1341845970.021841 0.325453073 -0.004519375 0.314149529 -0.054290306 -0.061565727 -0.061545189 0.994723320
1341845970.057886 0.329936028 -0.001847505 0.316928864 -0.054626334 -0.065170936 -0.063795529 0.994333386
1341845970.089962 0.321145624 -0.020897914 0.318100452 -0.056389600 -0.069208153 -0.063997127 0.993949115
1341845970.121869 0.352713287 0.001396131 0.320939839 -0.046922211 -0.080152810 -0.066741906 0.993438125
1341845970.158120 0.356824398 0.002953076 0.313006163 -0.046070825 -0.082879335 -0.069705233 0.993050694
1341845970.189970 0.367686957 0.005932855 0.309737802 -0.047364883 -0.087574400 -0.072670117 0.992374122
1341845970.225844 0.393331528 -0.002666574 0.323684096 -0.048845049 -0.095624082 -0.076595239 0.991263509
1341845970.258244 0.379703224 0.002334122 0.313600570 -0.047324423 -0.096009992 -0.078399576 0.991158903
1341845970.289882 0.381400049 0.016177494 0.305961549 -0.043907892 -0.101674028 -0.080063023 0.990618169
1341845970.325836 0.403312534 0.043128576 0.308714390 -0.040498402 -0.108927898 -0.084675573 0.989608347
1341845970.357771 0.423736453 0.023775226 0.317303658 -0.048687924 -0.114882998 -0.092076816 0.987903476
1341845970.400198 0.418485105 0.005877694 0.323110044 -0.054494377 -0.122310884 -0.094486691 0.986479938
1341845970.432233 0.483702898 0.011379144 0.322711736 -0.055939328 -0.145551383 -0.092498936 0.983427465
1341845970.464489 0.486247003 0.003553523 0.317048907 -0.061162964 -0.148432046 -0.097599387 0.982192159
1341845970.500675 0.413107812 -0.013179651 0.306397319 -0.064892061 -0.137953624 -0.101618260 0.983072519
1341845970.532407 0.509947956 -0.013705601 0.345112950 -0.056033317 -0.169955552 -0.086406201 0.980055809
1341845970.567803 0.563272893 0.030797636 0.363496274 -0.037877366 -0.183536261 -0.081265867 0.978915513
1341845970.600041 0.583656430 0.057324186 0.371529728 -0.029648650 -0.186558902 -0.080710948 0.978673875
1341845970.631820 0.592018425 0.031149045 0.367343873 -0.029247610 -0.193449378 -0.073686287 0.977901995
1341845970.667826 0.580157280 0.034035839 0.348475635 -0.029083239 -0.191557288 -0.073545992 0.978289783
1341845970.699966 0.579238176 0.027687294 0.342563361 -0.034192011 -0.190463632 -0.077522837 0.978031039
1341845970.735804 0.565280795 0.003839763 0.352292806 -0.038122758 -0.191892341 -0.077136785 0.977636874
1341845970.767731 0.592480838 0.012120849 0.361853719 -0.031202789 -0.201892361 -0.072103709 0.976251483
1341845970.799873 0.566704273 0.022239050 0.340731829 -0.028067747 -0.195485145 -0.075914927 0.977361083
1341845970.835874 0.583584011 0.010856380 0.351483881 -0.032632064 -0.201681823 -0.076795638 0.975890398
1341845970.867820 0.589813590 0.009804884 0.351799577 -0.034963023 -0.204773486 -0.078247167 0.975050151
1341845970.899906 0.603433788 0.011975679 0.361519337 -0.035707857 -0.207401112 -0.081898674 0.974167526
1341845970.935978 0.594927132 0.002951864 0.381416559 -0.035319466 -0.209950209 -0.084032498 0.973453641
1341845970.967783 0.615684271 -0.001569608 0.379170954 -0.030833110 -0.217175141 -0.081020348 0.972275674
1341845970.999794 0.608339608 -0.002505960 0.376464456 -0.027230212 -0.213004664 -0.083426394 0.973102033
1341845971.035783 0.619004071 -0.002447570 0.402711660 -0.023251068 -0.218598559 -0.083763927 0.971935034
1341845971.067826 0.617064238 -0.000966965 0.380655408 -0.019154996 -0.221066639 -0.081729233 0.971639335
1341845971.099725 0.637798429 -0.002481782 0.397442788 -0.022489341 -0.223952428 -0.085077144 0.970619082
1341845971.135748 0.632428765 0.012119792 0.400415093 -0.020174844 -0.223566681 -0.088526413 0.970450401
1341845971.167793 0.636200309 -0.003170893 0.397264659 -0.024891224 -0.226820618 -0.087121181 0.969712675
1341845971.203833 0.657279432 0.008845877 0.412897259 -0.027497372 -0.232438415 -0.088636048 0.968173504
1341845971.235879 0.657159269 -0.003642982 0.430054277 -0.032499451 -0.235250756 -0.090783782 0.967139661
1341845971.267817 0.664940417 -0.000248963 0.441987157 -0.030423867 -0.243458778 -0.085902728 0.965620458
1341845971.303920 0.694839776 -0.005014104 0.435472906 -0.032208256 -0.248778209 -0.085251331 0.964263558
1341845971.335818 0.688214302 -0.011419373 0.438665241 -0.035521999 -0.245957702 -0.093888074 0.964068472
1341845971.367721 0.696522117 -0.042699177 0.460600048 -0.041171752 -0.253913462 -0.091458797 0.962012529
1341845971.403863 0.714665592 -0.002174175 0.447701722 -0.031199642 -0.257317573 -0.092794418 0.961355031
1341845971.436064 0.714614749 -0.001292407 0.453466356 -0.034210846 -0.255525619 -0.101369694 0.960864425
1341845971.467656 0.710104704 -0.001030617 0.472233474 -0.035278890 -0.260661155 -0.101437032 0.959438205
1341845971.503829 0.729423463 -0.003166714 0.451659679 -0.035469633 -0.265086502 -0.101963654 0.958162010
1341845971.535782 0.757878006 -0.012136239 0.476598889 -0.039399881 -0.269361168 -0.109378308 0.955996096
1341845971.567956 0.749127328 -0.045117233 0.488473266 -0.043952778 -0.268948257 -0.104963258 0.956408739
1341845971.603941 0.765407920 -0.020824509 0.479640961 -0.035176575 -0.272877663 -0.099513955 0.956241250
1341845971.636365 0.780851245 -0.003918465 0.471529543 -0.035396315 -0.270365149 -0.105045579 0.956355155
1341845971.671762 0.786421478 -0.033513356 0.508530140 -0.042272229 -0.273457080 -0.105049983 0.955195665
1341845971.703863 0.788434386 -0.032815311 0.491645396 -0.037241504 -0.273118615 -0.097470060 0.956304789
1341845971.735710 0.807972908 -0.007660348 0.489036202 -0.030306840 -0.270128787 -0.099074483 0.957233608
1341845971.771695 0.810227156 -0.031833377 0.509003878 -0.033512801 -0.267376274 -0.096242644 0.958187938
1341845971.803762 0.807194471 -0.044722896 0.516035557 -0.030634494 -0.268184662 -0.086285949 0.959006369
1341845971.835834 0.798232436 -0.002064297 0.485658467 -0.020804057 -0.261190772 -0.086221851 0.961203575
1341845971.871793 0.818543196 -0.034276582 0.507511854 -0.030337395 -0.264633566 -0.089444213 0.959712684
1341845971.903763 0.817106068 -0.046567731 0.515316486 -0.029331947 -0.266408950 -0.084887989 0.959666550
1341845971.939872 0.817566633 -0.035040107 0.497342229 -0.024581889 -0.265328199 -0.083555385 0.960216224
1341845971.971790 0.823726356 -0.024928192 0.503316343 -0.024875278 -0.265134573 -0.088042438 0.959861159
1341845972.003888 0.819860756 -0.045574266 0.511577845 -0.029419273 -0.266292721 -0.086440466 0.959557593
1341845972.039793 0.822917700 -0.033054940 0.510031044 -0.022686802 -0.267623931 -0.085030384 0.959496021
1341845972.071849 0.824636757 -0.034143161 0.505358160 -0.022664946 -0.266151398 -0.086168036 0.959804595
1341845972.107796 0.817349136 -0.044748094 0.511305571 -0.024033653 -0.264419526 -0.086005084 0.960264444
1341845972.139775 0.811471343 -0.048648294 0.506193221 -0.020048872 -0.264674604 -0.083959885 0.960466623
1341845972.171696 0.809765577 -0.037683383 0.493496537 -0.017485932 -0.263079196 -0.083929695 0.960957587
1341845972.207893 0.805139184 -0.043921188 0.503994346 -0.021155922 -0.262206167 -0.086890265 0.960859239
1341845972.270076 0.792715609 -0.052758250 0.503661573 -0.017406520 -0.262448877 -0.076805428 0.961726844
1341845972.301845 0.782415032 -0.041302592 0.492525697 -0.014489661 -0.258501053 -0.075065613 0.962980986
1341845972.334234 0.771128953 -0.055177584 0.496236444 -0.016949994 -0.256410867 -0.070353471 0.963855088
1341845972.369757 0.767605126 -0.051802069 0.502035916 -0.011421070 -0.256280005 -0.065002717 0.964346826
1341845972.401738 0.754251063 -0.037642155 0.491533607 -0.005315787 -0.251724035 -0.061399758 0.965834796
1341845972.437788 0.736199498 -0.041251697 0.485642940 -0.005321311 -0.247449741 -0.059307337 0.967069268
1341845972.469777 0.731374145 -0.035688713 0.488368809 -0.002420700 -0.246509925 -0.056121364 0.967510939
1341845972.501817 0.725703120 -0.028055688 0.486263752 0.000560930 -0.242712200 -0.055584799 0.968504429
1341845972.537909 0.719903469 -0.040335584 0.493624747 0.000991041 -0.240416080 -0.050663516 0.969346344
1341845972.569894 0.705637515 -0.032399405 0.488797516 0.007022336 -0.235353246 -0.045733944 0.970807850
1341845972.601946 0.689320564 -0.037319351 0.478836358 0.009130653 -0.226558730 -0.042392410 0.973031700
1341845972.637827 0.687496245 -0.045121484 0.485863507 0.010654147 -0.221494243 -0.040190179 0.974274874
1341845972.669939 0.669967711 -0.055957299 0.483059347 0.013462283 -0.215304673 -0.037065722 0.975750387
1341845972.705766 0.663899064 -0.073913470 0.481254071 0.016455149 -0.209056079 -0.032008685 0.977241099
1341845972.737731 0.642677128 -0.062470887 0.477303594 0.022370338 -0.200299233 -0.031969875 0.978957474
1341845972.770011 0.634727299 -0.066534474 0.476245373 0.023279125 -0.195743307 -0.028611068 0.979961216
1341845972.805697 0.619329870 -0.066592179 0.473282576 0.025021458 -0.189989567 -0.025364032 0.981139421
1341845972.837902 0.603661418 -0.069579653 0.472308904 0.026673159 -0.185244337 -0.023661086 0.982045412
1341845972.869858 0.587642133 -0.067168310 0.470866889 0.028840227 -0.181847259 -0.018612590 0.982727528
1341845972.905813 0.574629426 -0.066646166 0.470878750 0.028712925 -0.180539295 -0.016736796 0.983006120
1341845972.937837 0.569408417 -0.075579375 0.468242824 0.027918609 -0.178257510 -0.016764784 0.983444810
1341845973.006643 0.538903594 -0.066706181 0.463550836 0.030174162 -0.175249293 -0.015727354 0.983935893
1341845973.037797 0.535314739 -0.063981824 0.466043979 0.029769223 -0.174595311 -0.017840037 0.984028459
1341845973.073733 0.526495695 -0.071821839 0.468434095 0.028118199 -0.171894625 -0.018390743 0.984542191
1341845973.106021 0.508521736 -0.055191815 0.470025569 0.036159679 -0.167511076 -0.019545360 0.985012949
1341845973.137862 0.503644705 -0.054887891 0.465793103 0.038534023 -0.164821133 -0.018161073 0.985403121
1341845973.173821 0.490414619 -0.055237073 0.457754612 0.038536429 -0.160118744 -0.018815383 0.986165762
1341845973.205866 0.481257677 -0.057566445 0.462351233 0.040705722 -0.158652902 -0.019660790 0.986299038
1341845973.241913 0.474067926 -0.047260065 0.461628944 0.046781875 -0.155316859 -0.017408261 0.986602783
1341845973.273972 0.457797229 -0.050039753 0.453737855 0.046834569 -0.149978429 -0.017951904 0.987416148
1341845973.306456 0.449537486 -0.050299637 0.451680928 0.047568835 -0.148627430 -0.018346515 0.987578094
1341845973.341851 0.447509170 -0.050133586 0.452846587 0.049527328 -0.147355616 -0.016688975 0.987701774
1341845973.373892 0.436767399 -0.051815931 0.452374309 0.051854875 -0.143409133 -0.014501936 0.988197684
1341845973.409787 0.427721828 -0.055147253 0.446920484 0.055398814 -0.140751243 -0.011023832 0.988432348
1341845973.441766 0.411557078 -0.043353785 0.440076619 0.058778249 -0.135936126 -0.008705709 0.988934159
1341845973.474155 0.404982358 -0.045250155 0.439918160 0.057617225 -0.131147921 -0.008577896 0.989649892
1341845973.509824 0.395583987 -0.049079385 0.433641702 0.060161900 -0.125797167 -0.006136599 0.990211070
1341845973.541876 0.390581697 -0.042972364 0.435116261 0.065110818 -0.120781846 -0.001052174 0.990540862
1341845973.573858 0.377452970 -0.043689057 0.420504928 0.067016676 -0.113372214 0.000126458 0.991289794
1341845973.609706 0.360618830 -0.050698105 0.417198658 0.069719233 -0.106609300 0.002458737 0.991850615
1341845973.641832 0.339529663 -0.032980748 0.408095211 0.076645724 -0.100229524 0.005607432 0.991991937
1341845973.677783 0.340538770 -0.022725219 0.405818820 0.076245889 -0.096515954 0.005771375 0.992390037
1341845973.709911 0.316180378 -0.036609076 0.399516881 0.072392024 -0.088753611 0.005958036 0.993401587
1341845973.741811 0.305317104 -0.035278291 0.398183107 0.075269185 -0.086210430 0.008745070 0.993391037
1341845973.777893 0.297728390 -0.024155803 0.392212808 0.077831380 -0.080631979 0.009878934 0.993651450
1341845973.810234 0.284552544 -0.022829717 0.382214218 0.076508962 -0.072776817 0.009442548 0.994364500
1341845973.841682 0.269038349 -0.035188161 0.376466930 0.075428009 -0.066135637 0.013385784 0.994865596
1341845973.877808 0.266981483 -0.032170445 0.373022527 0.078791857 -0.060869154 0.016213944 0.994898915
1341845973.909935 0.249777809 -0.017049529 0.361005425 0.080638342 -0.050737686 0.016630700 0.995312274
1341845973.946008 0.236600548 -0.018959271 0.355936795 0.077350810 -0.043066215 0.020715419 0.995857954
1341845973.977874 0.221897274 -0.024395939 0.350309312 0.076161757 -0.036017902 0.023928082 0.996157408
1341845974.009966 0.215494648 -0.028991764 0.344976366 0.077367797 -0.032348592 0.027377691 0.996101558
1341845974.045762 0.217107624 -0.024534576 0.322633117 0.077297509 -0.028848145 0.029117012 0.996165216
1341845974.077904 0.203908056 -0.022810094 0.325039715 0.073859677 -0.021682233 0.025298249 0.996711910
1341845974.109840 0.193469957 -0.024425780 0.312796891 0.069802821 -0.014960217 0.021336352 0.997220397
1341845974.145742 0.183141306 -0.030860072 0.313064694 0.067770347 -0.010151853 0.020494929 0.997438729
1341845974.177833 0.176924720 -0.032358337 0.305856317 0.069305763 -0.004606306 0.019755187 0.997389197
1341845974.213769 0.164697304 -0.035083104 0.294341147 0.070659153 0.005002942 0.017958840 0.997326314
1341845974.245781 0.154197752 -0.045615643 0.299234748 0.070589110 0.012648359 0.019301424 0.997238517
1341845974.278874 0.145072341 -0.043897416 0.292758971 0.076819032 0.018806033 0.018911004 0.996688306
1341845974.313829 0.132020712 -0.035863604 0.287883073 0.079348870 0.022286925 0.021431392 0.996367276
1341845974.345963 0.119453751 -0.038675644 0.283039391 0.078836672 0.020352971 0.023772718 0.996396184
1341845974.381701 0.115724966 -0.046045884 0.275115728 0.079986624 0.020062441 0.023744438 0.996311069
1341845974.413828 0.107662223 -0.032286249 0.268266857 0.081743456 0.020331372 0.024639597 0.996141315
1341845974.445772 0.091814779 -0.036815640 0.271817684 0.078636304 0.018928945 0.023468141 0.996447325
1341845974.481775 0.092045866 -0.038664024 0.267884940 0.076297037 0.016701227 0.020917483 0.996725798
1341845974.513798 0.088937320 -0.035031855 0.264786392 0.076092727 0.018544946 0.014858475 0.996817529
1341845974.545930 0.075090356 -0.021384109 0.279096246 0.076025613 0.018402647 0.009156773 0.996894002
1341845974.581793 0.085349463 -0.019351643 0.254209936 0.070860974 0.015245594 0.000548225 0.997369528
1341845974.613863 0.075772785 -0.021778157 0.283397436 0.064764924 0.022133818 -0.015772175 0.997530341
1341845974.649867 0.062349189 -0.019553822 0.284982443 0.063617110 0.025357321 -0.024407307 0.997353554
1341845974.681899 0.060907796 -0.022063164 0.283026308 0.061272688 0.024469798 -0.031547800 0.997322202
1341845974.713894 0.064174995 -0.025881022 0.271427304 0.058875173 0.026831802 -0.040122103 0.997097790
1341845974.749846 0.054866586 -0.035562523 0.282758236 0.054668315 0.034191210 -0.050285898 0.996651232
1341845974.783846 0.044268813 -0.044097207 0.290907621 0.054898925 0.035342243 -0.049996052 0.996612966
1341845974.815998 0.042879853 -0.041858602 0.289146483 0.058335431 0.033355583 -0.051955383 0.996385992
1341845974.850024 0.035595022 -0.032806173 0.304762572 0.053808518 0.038175650 -0.061820883 0.995904326
1341845974.882164 0.019203978 -0.050616972 0.317436159 0.045810599 0.040572267 -0.071991980 0.995526195
1341845974.918337 0.012751507 -0.057368059 0.317512184 0.044985261 0.037284199 -0.078319408 0.995214701
1341845974.982668 0.006548034 -0.040556513 0.325066656 0.036426336 0.038207438 -0.096751526 0.993907690
1341845975.017979 -0.004324691 -0.059372075 0.334455729 0.030139521 0.038254853 -0.108561091 0.992896080
1341845975.051071 -0.000608152 -0.053232338 0.320280313 0.030365823 0.037121717 -0.117337264 0.991933405
1341845975.081985 0.006205232 -0.056728836 0.301958025 0.027167302 0.037855342 -0.125436649 0.991006851
1341845975.124057 -0.005034375 -0.069570400 0.304417163 0.025838574 0.041748501 -0.136543363 0.989416659
1341845975.149794 -0.017586734 -0.070662290 0.319697618 0.030783804 0.043324791 -0.145175368 0.987977445
1341845975.186157 -0.007190167 -0.057244338 0.304015905 0.033916019 0.040947255 -0.150015116 0.987253010
1341845975.249885 -0.021776203 -0.064408563 0.305386424 0.028148236 0.041406080 -0.173644722 0.983534813
1341845975.285858 -0.022191186 -0.065527283 0.307324320 0.027842419 0.037502181 -0.182473838 0.982100666
1341845975.318226 -0.029216770 -0.069433130 0.303550243 0.026249304 0.035757326 -0.191976935 0.980396509
1341845975.349820 -0.040257059 -0.078141183 0.307943225 0.026374547 0.035542417 -0.206177816 0.977513075
1341845975.385748 -0.048567519 -0.072288439 0.319062322 0.031722501 0.029090477 -0.214176551 0.975846231
1341845975.418586 -0.034407560 -0.067118689 0.291196913 0.029258167 0.023888355 -0.225681737 0.973468542
1341845975.453683 -0.046504404 -0.074149303 0.303157687 0.019824896 0.026347110 -0.246957719 0.968465090
1341845975.485815 -0.060467660 -0.063415654 0.332195938 0.022113016 0.021339076 -0.257773727 0.965716481
1341845975.518370 -0.046712469 -0.066257909 0.311011195 0.022545677 0.012609783 -0.265154123 0.963859916
1341845975.553830 -0.051565342 -0.073679239 0.287468225 0.013984541 0.012587809 -0.285744995 0.958120942
1341845975.585815 -0.049820803 -0.069791481 0.291796923 0.005183087 0.010880254 -0.304625720 0.952395916
1341845975.621790 -0.056599900 -0.070599265 0.296631813 0.002758210 0.006950967 -0.313379228 0.949598610
1341845975.653892 -0.049676988 -0.070723668 0.293064833 0.003025617 0.002709485 -0.327024460 0.945007145
1341845975.685822 -0.049904801 -0.071063377 0.293472916 -0.000686637 0.001551664 -0.339919746 0.940452933
1341845975.721839 -0.056323979 -0.072260477 0.294788182 -0.004490801 -0.001993675 -0.349198639 0.937035859
1341845975.753916 -0.057411458 -0.075102217 0.288441896 -0.006284806 -0.003894783 -0.359688729 0.933043063
1341845975.785898 -0.058284879 -0.061419431 0.299673945 -0.004207725 -0.003889531 -0.363438219 0.931600690
1341845975.822033 -0.060028277 -0.062437244 0.304145873 -0.006234790 -0.006309145 -0.371277630 0.928479552
1341845975.853847 -0.063820332 -0.078263089 0.295605153 -0.010016736 -0.006244697 -0.383578688 0.923432708
1341845975.889898 -0.065867767 -0.072659008 0.298318088 -0.006999470 -0.004412716 -0.392393827 0.919760108
1341845975.921738 -0.063476525 -0.069055542 0.294339299 -0.005209315 -0.004465073 -0.400099814 0.916445851
1341845975.953818 -0.058657564 -0.080805749 0.280990690 -0.007526231 -0.003062004 -0.411662042 0.911300361
1341845975.990225 -0.054480135 -0.070567623 0.288453370 -0.005261223 -0.000624093 -0.424227685 0.905540049
1341845976.021756 -0.052827828 -0.072374731 0.282354146 -0.007782575 -0.000660721 -0.435198188 0.900300801
1341845976.053955 -0.054425113 -0.073381826 0.289311349 -0.008399882 -0.001260628 -0.449187815 0.893396974
1341845976.089793 -0.052702714 -0.062959231 0.289533049 -0.007040690 -0.000158275 -0.465724736 0.884901643
1341845976.121752 -0.050757252 -0.066558681 0.276108533 -0.012175080 -0.002823070 -0.478923440 0.877767682
1341845976.157709 -0.057893280 -0.069068387 0.279399216 -0.016026340 -0.003617520 -0.497462720 0.867329776
1341845976.189850 -0.065658540 -0.070716962 0.279420584 -0.017789753 -0.000438905 -0.515627086 0.856628299
1341845976.221929 -0.055265509 -0.060240380 0.297524333 -0.014943996 -0.002745674 -0.527933478 0.849149823
1341845976.257665 -0.060618743 -0.059773657 0.294281602 -0.015213312 -0.006169321 -0.538767338 0.842294633
1341845976.289829 -0.071212329 -0.069980323 0.278246015 -0.018812507 -0.005820781 -0.552181780 0.833491147
1341845976.321779 -0.067053944 -0.064876862 0.289337188 -0.018803163 -0.005267884 -0.562956989 0.826255500
1341845976.357875 -0.065720223 -0.056511823 0.305246711 -0.016549041 -0.007774344 -0.567097366 0.823447824
1341845976.389787 -0.076065630 -0.069252327 0.283748567 -0.019954614 -0.009851917 -0.574720383 0.818047225
1341845976.425771 -0.076099366 -0.066182569 0.286234796 -0.021289216 -0.006451180 -0.584683418 0.810956538
1341845976.457783 -0.078253277 -0.060139582 0.299383521 -0.019377312 -0.003991781 -0.589585662 0.807463527
1341845976.490566 -0.072988205 -0.062095731 0.299702227 -0.014421714 -0.007895177 -0.590099871 0.807162821
1341845976.525853 -0.069033124 -0.064283997 0.275877059 -0.013688107 -0.007994589 -0.595906138 0.802897632
1341845976.557683 -0.065264478 -0.065178633 0.282934755 -0.014691713 -0.007118133 -0.604354322 0.796548367
1341845976.593985 -0.061930612 -0.062503316 0.286509752 -0.014873832 -0.008080839 -0.612232804 0.790496290
1341845976.625785 -0.072944365 -0.054325752 0.273254335 -0.017120363 -0.004702407 -0.622517109 0.782404721
1341845976.657816 -0.078739397 -0.053426318 0.267061323 -0.021961737 0.000720386 -0.637899458 0.769806087
1341845976.693834 -0.067636356 -0.048813988 0.264525712 -0.026210876 0.004234460 -0.650231838 0.759271801
1341845976.725744 -0.068788737 -0.046676617 0.279568613 -0.029082049 0.004442787 -0.659314454 0.751291513
1341845976.757761 -0.069657266 -0.047567561 0.291617781 -0.031322390 0.004894258 -0.665616035 0.745620728
1341845976.793836 -0.074182324 -0.043030787 0.289450079 -0.031416960 0.007066998 -0.670390606 0.741309285
1341845976.826300 -0.077490270 -0.046280239 0.287028313 -0.032203596 0.008274175 -0.673550725 0.738392770
1341845976.861779 -0.077248402 -0.044548899 0.292716384 -0.029405449 0.010193774 -0.676505089 0.735780060
1341845976.893752 -0.071088925 -0.049484313 0.278680116 -0.026976181 0.010955180 -0.678529978 0.733995438
1341845976.925967 -0.064527869 -0.048632562 0.279639959 -0.027103236 0.011234615 -0.678599179 0.733922601
1341845976.961807 -0.072023302 -0.048504636 0.287049085 -0.027002661 0.012919911 -0.680941224 0.731725991
1341845976.993832 -0.067289695 -0.047408905 0.280688882 -0.025818292 0.014056061 -0.681916893 0.730838656
1341845977.025851 -0.064562403 -0.051204558 0.276861310 -0.028203838 0.014521738 -0.682411432 0.730279624
1341845977.061870 -0.073112532 -0.051077891 0.278499395 -0.029894367 0.019078331 -0.685476124 0.727230966
1341845977.093926 -0.058774844 -0.047886629 0.289242685 -0.022444125 0.020023597 -0.683482885 0.729346573
1341845977.129845 -0.061656661 -0.052537821 0.288855821 -0.018130422 0.018359873 -0.678110123 0.734507263
1341845977.161883 -0.069149397 -0.057153329 0.276631564 -0.018953232 0.019770445 -0.678856969 0.733759582
1341845977.193791 -0.062852070 -0.056642912 0.287913382 -0.017903145 0.021267185 -0.678931594 0.733675003
1341845977.229795 -0.067725584 -0.061616622 0.287122905 -0.017119590 0.022896759 -0.675827622 0.736505032
1341845977.261832 -0.063997224 -0.066122837 0.284150362 -0.014283361 0.023147814 -0.667742729 0.743895054
1341845977.293884 -0.059951402 -0.062388137 0.282277942 -0.007193753 0.026332442 -0.653072476 0.756803215
1341845977.329839 -0.065753043 -0.077454306 0.273231655 -0.003952767 0.028472379 -0.642967641 0.765353739
1341845977.361782 -0.053649344 -0.074674688 0.293112457 0.004431551 0.027679382 -0.625924706 0.779379547
1341845977.397810 -0.053491529 -0.080423921 0.272970945 0.009812961 0.028192230 -0.615405381 0.787645280
1341845977.429761 -0.048532400 -0.082665727 0.284340978 0.013399154 0.029477898 -0.605024695 0.795548022
1341845977.461824 -0.048725408 -0.086488754 0.283951849 0.016460733 0.029312445 -0.593649805 0.804020941
1341845977.498015 -0.049005721 -0.090208471 0.285288781 0.021116633 0.027500317 -0.581402063 0.812877297
1341845977.529931 -0.054099519 -0.094184630 0.272268146 0.021426588 0.027983030 -0.572506547 0.819142282
1341845977.562577 -0.052660581 -0.099248737 0.273496985 0.021417215 0.028631292 -0.567144930 0.822841525
1341845977.597887 -0.051110920 -0.095145449 0.275786906 0.026787262 0.029329242 -0.554750204 0.831068277
1341845977.634076 -0.055067491 -0.095619038 0.275267392 0.030229669 0.031239932 -0.542906761 0.838667095
1341845977.666205 -0.059067331 -0.106119126 0.273010969 0.030468451 0.032159895 -0.530108035 0.846772015
1341845977.704065 -0.059852976 -0.091507085 0.278017849 0.036570717 0.035909463 -0.509238899 0.859097660
1341845977.737376 -0.056334250 -0.087811440 0.281829983 0.043880854 0.036674760 -0.489030480 0.870389879
1341845977.803839 -0.048133858 -0.084339775 0.270882487 0.050278928 0.039183356 -0.454554498 0.888435066
1341845977.865926 -0.045850519 -0.083568335 0.281992286 0.058388706 0.038744412 -0.420804262 0.904440939
1341845977.897857 -0.044270813 -0.084279209 0.276056319 0.059032306 0.040978748 -0.405430138 0.911297083
1341845977.933745 -0.044286482 -0.085537165 0.280353695 0.059041116 0.042512216 -0.389218569 0.918267787
1341845977.965785 -0.040271543 -0.085668929 0.279584557 0.063527986 0.042382713 -0.370684952 0.925613642
1341845977.997875 -0.042807605 -0.089251071 0.277919173 0.064066723 0.044728335 -0.356001288 0.931213140
1341845978.033893 -0.041837703 -0.083634958 0.287120402 0.066693835 0.046633240 -0.337866455 0.937669218
1341845978.065776 -0.040825520 -0.088117220 0.284656346 0.068986483 0.047062151 -0.319402635 0.943932176
1341845978.101685 -0.041981585 -0.088707976 0.285529047 0.072445527 0.049050607 -0.300921619 0.949627221
1341845978.133916 -0.044230621 -0.094189920 0.294246405 0.076591313 0.050723780 -0.282674581 0.954806745
1341845978.166013 -0.035379793 -0.087753817 0.287542045 0.081536554 0.051281773 -0.261879981 0.960281670
1341845978.201775 -0.035722308 -0.087263115 0.291670769 0.081865937 0.053137634 -0.241378829 0.965510547
1341845978.233774 -0.037713788 -0.088992015 0.289578259 0.082085669 0.056397747 -0.223873883 0.969516218
1341845978.266075 -0.035042472 -0.085422322 0.293656409 0.084861472 0.058447015 -0.203552768 0.973626614
1341845978.301839 -0.041560769 -0.092569187 0.298816830 0.085483558 0.059854724 -0.182807624 0.977594674
1341845978.333873 -0.042519823 -0.094000548 0.306767613 0.091770068 0.060607843 -0.156314924 0.981565356
1341845978.369922 -0.041090529 -0.099553250 0.296283960 0.096157476 0.062149774 -0.131808579 0.984640837
1341845978.401825 -0.040894270 -0.089222439 0.301055610 0.099544242 0.063810498 -0.107945710 0.987100244
1341845978.433846 -0.041687060 -0.091350496 0.313241184 0.101730332 0.064228892 -0.086603016 0.988951743
1341845978.469873 -0.038643789 -0.090145707 0.306451082 0.107387453 0.066207699 -0.066814087 0.989757717
1341845978.501917 -0.042825539 -0.083899118 0.308847845 0.109447919 0.067359991 -0.050424073 0.990424752
1341845978.533810 -0.041736506 -0.084742352 0.311812460 0.107093476 0.065777563 -0.034199860 0.991481006
1341845978.569963 -0.043538928 -0.090543330 0.317630023 0.107903071 0.067589283 -0.021857454 0.991620302
1341845978.602229 -0.042630427 -0.082571037 0.319963932 0.113774836 0.069115229 -0.003959844 0.991091669
1341845978.638563 -0.051435452 -0.093160905 0.327657759 0.116549276 0.069588393 0.011991365 0.990671456
1341845978.677613 -0.054291479 -0.094209097 0.333340049 0.118198819 0.071049497 0.024952203 0.990130484
1341845978.711940 -0.058465920 -0.096793875 0.327628851 0.117291600 0.073418483 0.035587005 0.989740372
1341845978.744132 -0.057099272 -0.091874100 0.331618130 0.119379252 0.073380344 0.049187802 0.988910735
1341845978.776002 -0.058739021 -0.099089399 0.337128133 0.122242361 0.073641539 0.060827553 0.987893581
1341845978.813431 -0.057032697 -0.090083383 0.335239977 0.124993972 0.074348554 0.072156236 0.986733139
1341845978.871942 -0.054627024 -0.105702013 0.326020569 0.128664762 0.077358924 0.103466906 0.983237326
1341845978.906198 -0.053014152 -0.093356013 0.339921236 0.137702450 0.080721200 0.126036495 0.979100049
1341845978.938406 -0.056624457 -0.102198727 0.338246822 0.139324442 0.084071264 0.142564967 0.976317525
1341845978.970707 -0.049317170 -0.094076991 0.336034030 0.145263493 0.085276097 0.161849990 0.972332776
1341845979.008922 -0.049185157 -0.091888063 0.340388119 0.146498799 0.088499747 0.179100752 0.968828559
1341845979.038481 -0.044066582 -0.094780326 0.343184859 0.148693159 0.091131292 0.197297186 0.964706838
1341845979.106609 -0.046473376 -0.101216041 0.338625699 0.154208869 0.097504765 0.228759483 0.956233025
1341845979.138100 -0.044216927 -0.104413867 0.325816631 0.161112487 0.100503996 0.247152969 0.950187922
1341845979.174196 -0.040596914 -0.101773180 0.352576524 0.166580528 0.104760513 0.264789969 0.944014013
1341845979.207845 -0.041695837 -0.089180417 0.333799869 0.165713802 0.108009465 0.277253240 0.940214634
1341845979.238051 -0.035624012 -0.098566599 0.316853762 0.164693654 0.109905235 0.292500079 0.935542881
1341845979.275090 -0.034034658 -0.119247124 0.377015114 0.172249794 0.114418320 0.308359295 0.928521931
1341845979.306155 -0.043102749 -0.110259011 0.358107865 0.175012335 0.119420737 0.326401919 0.921179235
1341845979.341682 -0.022252960 -0.106765307 0.346405029 0.176819354 0.121096887 0.353037119 0.910733342
1341845979.373833 -0.022905806 -0.108598404 0.386966974 0.186220556 0.126896933 0.370197624 0.901206315
1341845979.405940 -0.029550111 -0.108524702 0.386119962 0.188900381 0.128712535 0.388277620 0.892743111
1341845979.441794 -0.022665916 -0.109588750 0.389461786 0.187538058 0.129170924 0.404621750 0.885678053
1341845979.506448 -0.029312456 -0.108769037 0.371307880 0.196744859 0.134305060 0.437525481 0.867078483
1341845979.541810 -0.017797032 -0.105889454 0.388165295 0.197928309 0.130815387 0.455388099 0.858098745
1341845979.573970 -0.013173533 -0.104916103 0.394295841 0.195777312 0.132302493 0.467797339 0.851664841
1341845979.610159 -0.031359229 -0.101777919 0.321674496 0.192449331 0.133294821 0.487789392 0.840985894
1341845979.641873 -0.034642797 -0.109656863 0.345327973 0.194702834 0.131122634 0.502534151 0.832080007
1341845979.673902 0.000295612 -0.102006800 0.411422253 0.192527205 0.131467044 0.508618236 0.828828812
1341845979.709834 0.005713956 -0.107420355 0.402912438 0.183856040 0.131770968 0.529167712 0.817811072
1341845979.741768 0.024813745 -0.120311245 0.372302771 0.184515804 0.128561661 0.543518603 0.808710873
1341845979.773945 0.024565056 -0.128498897 0.427276164 0.190552801 0.130842432 0.556364298 0.798140764
1341845979.809735 0.010464425 -0.094705053 0.382275671 0.190859213 0.130107105 0.574360907 0.785337150
1341845979.841996 0.008691913 -0.077114098 0.341242850 0.186347559 0.126645133 0.586410880 0.778047502
1341845979.877871 0.015223242 -0.088092461 0.353803545 0.180970654 0.125517160 0.599058688 0.769820631
1341845979.909740 0.042220190 -0.085466854 0.374297768 0.178788379 0.125479922 0.609248698 0.762302756
1341845979.942014 0.032855157 -0.087536886 0.362397015 0.174821138 0.126103967 0.618841112 0.755361557
1341845979.977959 0.019802732 -0.071945764 0.352049470 0.172672167 0.123581357 0.631767392 0.745507836
1341845980.009881 0.035737768 -0.071603768 0.358349234 0.170811877 0.123831511 0.639666319 0.739131927
1341845980.045974 -0.041453753 -0.092178211 0.340431541 0.170229495 0.125357762 0.649036229 0.730793655
1341845980.077990 0.014972931 -0.077564619 0.346339583 0.164643958 0.120354675 0.655709088 0.726947486
1341845980.109753 -0.008588998 -0.077144377 0.351605415 0.163929343 0.122379631 0.662031472 0.721016407
1341845980.145844 -0.002380703 -0.071982257 0.348078758 0.161512271 0.119324349 0.669467688 0.715184212
1341845980.177822 0.017713871 -0.078395180 0.405483186 0.161831632 0.116923369 0.677696764 0.707719207
1341845980.209884 -0.013379162 -0.076345019 0.380364776 0.162382290 0.120006397 0.682771266 0.702177882
1341845980.246566 -0.023319202 -0.082702123 0.320628285 0.158084899 0.116264477 0.688193202 0.698485374
1341845980.277813 0.016672444 -0.066875793 0.385755479 0.158789292 0.107480444 0.697241008 0.690716207
1341845980.313780 -0.007303002 -0.068424225 0.345878035 0.164102837 0.111171782 0.700378835 0.685697138
1341845980.345768 -0.023049442 -0.076317154 0.333855897 0.162995175 0.110593505 0.699602664 0.686846256
1341845980.377905 0.008442426 -0.063622475 0.351197362 0.159390986 0.101981834 0.699751735 0.688869894
1341845980.413651 0.012303286 -0.059702780 0.366584212 0.162838787 0.105514243 0.698512495 0.688789129
1341845980.445742 -0.003027168 -0.073333748 0.350221783 0.161314309 0.106652051 0.696358621 0.691149533
1341845980.478245 0.012702122 -0.062826820 0.358148485 0.161524817 0.102101579 0.697182834 0.690956652
1341845980.513799 -0.006967394 -0.081457406 0.331073225 0.163452014 0.108117178 0.699188709 0.687553108
1341845980.546985 -0.019348435 -0.096038029 0.317986339 0.163222894 0.107062370 0.700298548 0.686642468
1341845980.581857 -0.007555210 -0.078199051 0.333829224 0.162940115 0.103391364 0.698899090 0.688695014
1341845980.614011 -0.001693001 -0.068461493 0.350952357 0.161739305 0.106278814 0.693964779 0.693511426
1341845980.646075 -0.013704581 -0.081745103 0.317973554 0.159628451 0.105015174 0.685813487 0.702246785
1341845980.681743 -0.009922060 -0.080967754 0.337930590 0.160321072 0.106021300 0.670914829 0.716191292
1341845980.713878 0.005499367 -0.091494419 0.353159517 0.165922567 0.113102190 0.651395917 0.731683671
1341845980.745857 0.075329766 -0.064015679 0.318741977 0.164527386 0.115344778 0.627969861 0.751851141
1341845980.781789 -0.048820708 -0.079609178 0.292687684 0.162381485 0.121704593 0.605521619 0.769521832
1341845980.813856 -0.041388810 -0.086109132 0.294868201 0.160483181 0.132688165 0.579061031 0.788243175
1341845980.849947 -0.062060893 -0.081419446 0.285159469 0.161137223 0.141748190 0.563481450 0.797766209
1341845980.881654 -0.064073309 -0.096887514 0.286185622 0.165522411 0.146848708 0.547683656 0.806895554
1341845980.913789 0.065387599 -0.089098752 0.340051800 0.169925734 0.145972550 0.536707461 0.813487768
1341845980.949937 0.051139820 -0.076047488 0.317577899 0.175459266 0.145953462 0.529920518 0.816759348
1341845980.981906 0.037940260 -0.064580485 0.314088494 0.179129601 0.143040597 0.519249082 0.823305726
1341845981.017867 0.027042674 -0.064872742 0.298982382 0.179719403 0.140106604 0.506655037 0.831487656
1341845981.049727 0.041783985 -0.083577335 0.312468350 0.178738400 0.138337433 0.492490470 0.840457320
1341845981.081877 0.031637732 -0.081047386 0.276017815 0.177388325 0.135632172 0.474891454 0.851243436
1341845981.117941 0.039281219 -0.086876087 0.315400660 0.176636398 0.132215083 0.450391561 0.865139425
1341845981.150069 0.045965560 -0.078726716 0.322285444 0.171882212 0.130227745 0.427233845 0.878048122
1341845981.181996 0.043097731 -0.089921497 0.336840838 0.165710673 0.131523028 0.400404155 0.891581833
1341845981.217830 0.024740741 -0.087003581 0.316527873 0.163543850 0.128510401 0.372683704 0.904348016
1341845981.249922 0.052111864 -0.078406133 0.334129453 0.160829470 0.124677710 0.344508052 0.916462541
1341845981.285840 0.049572952 -0.087240256 0.348815173 0.157038674 0.127599403 0.311689168 0.928389549
1341845981.317832 0.045864012 -0.091157474 0.346630633 0.151841626 0.125129849 0.283498049 0.938570976
1341845981.349932 0.038966212 -0.084608026 0.334244043 0.139766410 0.121409528 0.250242382 0.950317740
1341845981.385812 0.043658745 -0.070743822 0.323385805 0.128189504 0.122863449 0.216457874 0.960009396
1341845981.417735 -0.092916735 -0.086573467 0.312533617 0.125711873 0.129066706 0.196071923 0.963895261
1341845981.449800 0.043588452 -0.074620076 0.339789569 0.126915112 0.121003479 0.174608976 0.968897521
1341845981.485916 0.039895639 -0.075677440 0.335485727 0.120237581 0.125425592 0.148943886 0.973461390
1341845981.517844 0.037867766 -0.069493145 0.335077971 0.113976657 0.125540614 0.130456045 0.976846993
1341845981.553971 -0.055788882 -0.086427800 0.314987898 0.114056110 0.123391911 0.119359531 0.978528976
1341845981.585866 -0.052611731 -0.054902565 0.324978620 0.107456848 0.122206397 0.101338781 0.981452525
1341845981.617907 -0.065034181 -0.084264740 0.347893536 0.099301338 0.123068437 0.086271688 0.983641505
1341845981.653938 -0.064324260 -0.090706997 0.348168641 0.100082196 0.119310349 0.076636091 0.984822571
1341845981.685889 -0.056410894 -0.076337777 0.337137610 0.100480266 0.116435342 0.070002131 0.985619724
1341845981.718038 -0.056073703 -0.086973913 0.346385121 0.096387565 0.117840253 0.059918854 0.986525655
1341845981.753884 -0.062439594 -0.097659789 0.346330464 0.096924931 0.118684754 0.052594956 0.986789405
1341845981.785897 -0.062695511 -0.091111168 0.337553203 0.100300737 0.115110844 0.049930070 0.987013817
1341845981.822013 -0.054149956 -0.092787445 0.329686970 0.099725291 0.113876343 0.042307612 0.987571299
1341845981.853820 -0.055207282 -0.090707950 0.333180815 0.098593153 0.116386943 0.030540170 0.987826288
1341845981.885838 -0.061047304 -0.100322425 0.339096993 0.099086478 0.116301872 0.025490407 0.987930119
1341845981.922032 -0.062746018 -0.123267755 0.333516151 0.104782671 0.116117731 0.019285018 0.987504601
1341845981.953799 -0.054515067 -0.100647546 0.322945178 0.114558890 0.115753204 0.014678029 0.986540437
1341845981.986027 -0.057337500 -0.090366371 0.322240174 0.116693400 0.114837825 0.012955977 0.986421347
1341845982.022212 -0.049333673 -0.082750969 0.311439753 0.114875175 0.111491099 0.010419314 0.987048566
1341845982.053889 -0.048173152 -0.079025574 0.310423613 0.110869706 0.110199243 0.008245800 0.987672031
1341845982.089857 -0.047232792 -0.079683758 0.317677855 0.106611952 0.109165981 0.006828869 0.988266170
1341845982.121719 -0.052043572 -0.086754538 0.318746358 0.103619643 0.108689703 0.006396937 0.988639772
1341845982.153770 -0.047074672 -0.092991047 0.306866825 0.104163729 0.105002038 0.007420759 0.988973916
1341845982.190068 -0.037865285 -0.091382653 0.301890701 0.105641775 0.105128333 0.008550677 0.988794565
1341845982.222482 -0.040097311 -0.089024030 0.298783392 0.107524186 0.105555914 0.009258802 0.988539755
1341845982.259008 -0.038480714 -0.072242171 0.286455363 0.108211160 0.102379747 0.009714270 0.988794386
1341845982.291023 -0.028013116 -0.069388993 0.271706969 0.102354243 0.100756750 0.009915045 0.989582419
1341845982.327843 -0.029401582 -0.072181761 0.275353402 0.098195530 0.101166524 0.006492249 0.989990294
1341845982.421902 -0.022915194 -0.064609617 0.259267926 0.081836149 0.095064178 0.009969719 0.992051542
1341845982.457800 -0.023705218 -0.064632758 0.259919286 0.081714697 0.094910420 0.013256360 0.992037773
1341845982.490452 -0.019530678 -0.057977509 0.244538277 0.081821918 0.092708185 0.019196328 0.992140055
1341845982.526007 -0.003472378 -0.036318198 0.226487726 0.079499416 0.091281623 0.022862056 0.992383420
1341845982.592787 -0.013827837 -0.029780732 0.234437332 0.072479412 0.087298684 0.029450394 0.993105412
1341845982.626246 0.002473102 -0.025805186 0.213736624 0.068949126 0.084208071 0.031980902 0.993545353
1341845982.689935 -0.018065082 -0.004402490 0.194901302 0.053283941 0.082507066 0.030383943 0.994701028
1341845982.731856 -0.008052395 0.012673694 0.213665769 0.044097666 0.074877761 0.037943628 0.995494366
1341845982.763845 -0.006573392 0.006086596 0.203247964 0.032032456 0.075602025 0.034149684 0.996038198
1341845982.796143 -0.004321647 0.002828991 0.204423681 0.024499783 0.072933875 0.038801860 0.996280491
1341845982.831723 0.003117180 0.003277397 0.185510501 0.022089314 0.067799434 0.041488692 0.996591151
1341845982.863934 0.012866537 0.015278961 0.158538386 0.017704627 0.065533601 0.041132048 0.996845067
1341845982.899816 0.007221346 0.018138196 0.167044997 0.011236730 0.064956062 0.036822144 0.997145236
1341845982.931713 0.002852808 0.034867004 0.172944739 0.007370926 0.060382832 0.040467672 0.997327387
1341845982.963912 0.005946243 0.037570033 0.178492695 0.001349350 0.057391960 0.038027402 0.997626305
1341845982.999924 0.005174449 0.031719208 0.158146262 -0.006040693 0.058674030 0.031457447 0.997763157
1341845983.031814 0.000872737 0.036071114 0.158986405 -0.009006857 0.055471487 0.031734712 0.997915208
1341845983.067798 0.009961655 0.042410076 0.137769431 -0.012247222 0.051125012 0.032855816 0.998076558
1341845983.099710 0.008783272 0.044870835 0.129079595 -0.019812299 0.051448040 0.026990339 0.998114288
1341845983.131896 -0.000491413 0.053378515 0.141284764 -0.024830632 0.050892141 0.024940252 0.998083889
1341845983.167777 0.000204776 0.051143199 0.140496999 -0.028047631 0.046758424 0.026307987 0.998165786
1341845983.199716 0.003188067 0.044150386 0.128861874 -0.030061970 0.045029227 0.022592451 0.998277605
1341845983.235789 0.009134317 0.047100853 0.115130171 -0.031348847 0.044853073 0.018270025 0.998334408
1341845983.267839 0.000902792 0.044598840 0.116095342 -0.032399155 0.046109181 0.017383084 0.998259544
1341845983.299732 0.005767439 0.048390027 0.100896887 -0.031174235 0.044575877 0.017777814 0.998361230
1341845983.335764 0.011535442 0.056219954 0.093963668 -0.031978715 0.044539217 0.015407310 0.998376787
1341845983.367849 0.011051895 0.059330720 0.090410694 -0.034805924 0.045316678 0.014115072 0.998266339
1341845983.403853 0.006525442 0.052905347 0.091838837 -0.035710342 0.044839349 0.014165658 0.998255253
1341845983.436166 0.015667379 0.057268757 0.079920299 -0.033513881 0.043851748 0.014248524 0.998374104
1341845983.467855 0.015852204 0.060716264 0.069543064 -0.033807963 0.046429317 0.012794955 0.998267293
1341845983.503861 0.014156993 0.061995428 0.066336446 -0.034123205 0.046979491 0.011301049 0.998248875
1341845983.535831 0.016812043 0.068570659 0.054788835 -0.033557713 0.046537656 0.011625911 0.998284996
1341845983.572117 0.020439034 0.061870098 0.039518602 -0.035299368 0.046964101 0.006919852 0.998248696
1341845983.603785 0.022006487 0.068493582 0.036542818 -0.035955336 0.048160534 0.004554360 0.998181880
1341845983.635679 0.020330962 0.086619742 0.034061093 -0.036725152 0.046514962 0.002770329 0.998238444
1341845983.671908 0.020413570 0.089030936 0.017665837 -0.046117906 0.045270909 -0.003905694 0.997902036
1341845983.703949 0.025713217 0.100544967 0.010076719 -0.054353807 0.045147099 -0.010503961 0.997445285
1341845983.735713 0.026785165 0.111723334 0.004940007 -0.058702372 0.043561421 -0.012624960 0.997244716
1341845983.771983 0.021839801 0.095452040 0.004609736 -0.064993694 0.042109456 -0.015653579 0.996873915
1341845983.803724 0.027130127 0.089299083 -0.012922633 -0.065473966 0.040104464 -0.016849311 0.996905684
1341845983.836050 0.033376362 0.106833123 -0.025165670 -0.062637277 0.037940063 -0.018129211 0.997150183
1341845983.871914 0.029987004 0.111612394 -0.025733463 -0.062514164 0.037098747 -0.018907286 0.997175097
1341845983.904546 0.031001814 0.102346860 -0.028814487 -0.061051801 0.036812909 -0.016162425 0.997324526
1341845983.939732 0.030017486 0.110488228 -0.036692210 -0.050683625 0.036123820 -0.012521599 0.997982681
1341845983.971972 0.035617918 0.123543613 -0.056649134 -0.046110570 0.032909151 -0.007047141 0.998369277
1341845984.003943 0.038654316 0.123131551 -0.059270963 -0.046350800 0.032603279 -0.003457416 0.998387039
1341845984.039814 0.036355931 0.126286387 -0.068518281 -0.045430616 0.033109318 -0.004069295 0.998410344
1341845984.071924 0.042871781 0.124520727 -0.081485048 -0.046471484 0.033423543 -0.004092399 0.998351872
1341845984.103750 0.042248163 0.118291795 -0.085721180 -0.047165275 0.038696278 -0.002965523 0.998132885
1341845984.139977 0.042988613 0.124832980 -0.100492097 -0.040004265 0.042916704 -0.000013332 0.998277426
1341845984.171953 0.050555941 0.131719887 -0.107924648 -0.030081498 0.043681767 0.007496660 0.998564363
1341845984.203755 0.055802260 0.136463627 -0.128623232 -0.026643360 0.047492933 0.009047630 0.998475194
1341845984.239999 0.056872778 0.139782697 -0.130851075 -0.023411978 0.052472372 0.009424034 0.998303413
1341845984.271868 0.061633233 0.147224441 -0.145960823 -0.017356595 0.056950487 0.010989043 0.998165607
1341845984.304166 0.059040617 0.144362092 -0.152396545 -0.015862871 0.061225552 0.011654033 0.997929811
1341845984.366023 0.059665516 0.153540939 -0.153863251 -0.004123682 0.069380209 0.011240763 0.997518420
1341845984.403843 0.065841280 0.165268660 -0.175381318 -0.003974309 0.072123788 0.011768229 0.997318327
1341845984.469893 0.056460157 0.155331612 -0.169912159 -0.004746944 0.078807198 -0.000469000 0.996878445
1341845984.533876 0.070247211 0.171861842 -0.200543091 -0.004863854 0.077410676 -0.003178287 0.996982396
1341845984.570371 0.061649572 0.158960775 -0.188014671 -0.012509018 0.080896832 -0.012201793 0.996569276
1341845984.601869 0.060761206 0.147670418 -0.182090238 -0.012367629 0.085116409 -0.012506528 0.996215761
1341845984.633883 0.075966880 0.154036254 -0.207240030 -0.007117996 0.088059343 -0.009706276 0.996042490
1341845984.669661 0.071793996 0.152464196 -0.195882320 -0.008426915 0.093319476 -0.011632307 0.995532572
1341845984.701697 0.067972265 0.150890008 -0.186462149 -0.006362287 0.095851138 -0.010601996 0.995318890
1341845984.737816 0.077151015 0.143799946 -0.202121958 -0.001580039 0.098393165 -0.010621626 0.995089650
1341845984.769971 0.077508986 0.158082500 -0.196532547 0.001318725 0.101680204 -0.010820367 0.994757414
1341845984.801680 0.081073128 0.161026374 -0.200891048 0.000879327 0.102038570 -0.009543791 0.994734287
1341845984.837943 0.076756179 0.138430029 -0.195975810 0.000795142 0.105209857 -0.013744209 0.994354725
1341845984.869774 0.079225823 0.154023916 -0.192412749 0.005818662 0.108218282 -0.011309251 0.994045794
1341845984.901904 0.077955261 0.161374539 -0.195494443 0.004990688 0.107374221 -0.010067247 0.994155169
1341845984.937830 0.079357632 0.140760168 -0.201355562 0.003640554 0.107492223 -0.015533969 0.994077861
1341845984.969931 0.080376014 0.142031118 -0.187226072 0.006442542 0.111059621 -0.016136779 0.993661880
1341845985.005758 0.080813445 0.145669699 -0.188281626 0.008937702 0.110029444 -0.015610808 0.993765533
1341845985.037996 0.075491361 0.135094419 -0.183985442 0.010203557 0.110293642 -0.017972086 0.993684173
1341845985.069753 0.079037860 0.142315567 -0.190709502 0.013874747 0.109499365 -0.018370578 0.993720233
1341845985.105902 0.078172050 0.132645577 -0.191316709 0.015379097 0.109888941 -0.020818209 0.993606806
1341845985.137721 0.082008727 0.134394884 -0.198139012 0.018210566 0.109200001 -0.022418087 0.993600130
1341845985.169874 0.081192039 0.129145116 -0.195539460 0.019079795 0.110555001 -0.023819260 0.993401289
1341845985.205765 0.079366416 0.123394378 -0.195422500 0.022864891 0.111228950 -0.022957100 0.993266463
1341845985.237899 0.085598826 0.132500783 -0.204525605 0.025695784 0.111085497 -0.022780901 0.993217349
1341845985.274008 0.082756341 0.138104185 -0.198437914 0.025942856 0.111317776 -0.022130894 0.993199646
1341845985.305922 0.078393005 0.128615320 -0.194039136 0.025655501 0.110509008 -0.021975268 0.993300855
1341845985.337748 0.079118803 0.120467693 -0.196185082 0.028617410 0.109429196 -0.022630101 0.993324816
1341845985.374220 0.082524613 0.127358779 -0.205590472 0.032047566 0.108288035 -0.020903183 0.993382931
1341845985.406011 0.084469922 0.130676940 -0.206249431 0.032577213 0.107736483 -0.020388929 0.993436396
1341845985.442252 0.082928099 0.129771337 -0.204847410 0.032541201 0.107379124 -0.021720326 0.993448019
1341845985.473860 0.080205567 0.125423059 -0.199078202 0.034060113 0.106774613 -0.021099349 0.993475676
1341845985.505802 0.082191654 0.126930371 -0.204621360 0.036850628 0.104491860 -0.018434351 0.993671775
1341845985.541999 0.087798961 0.133569539 -0.215539455 0.037089068 0.103699692 -0.017282516 0.993766606
1341845985.573799 0.083043806 0.126730904 -0.207026303 0.034967441 0.105311260 -0.020034686 0.993622363
1341845985.605839 0.081162773 0.124663025 -0.206348389 0.036510810 0.104478352 -0.017212596 0.993707657
1341845985.641753 0.087378956 0.127523452 -0.216019750 0.036610138 0.103461474 -0.015805496 0.993833780
1341845985.673719 0.087262712 0.126535252 -0.216792509 0.035535999 0.105193324 -0.018186549 0.993650258
1341845985.709785 0.081608400 0.128941983 -0.207455680 0.036002014 0.105502814 -0.015925575 0.993639469
1341845985.741805 0.085911714 0.124912821 -0.216108963 0.035307541 0.103923135 -0.015003220 0.993845165
1341845985.773867 0.087834351 0.124119863 -0.220955268 0.035170607 0.106250770 -0.016861036 0.993574083
1341845985.809875 0.083552718 0.127116963 -0.206800699 0.035933558 0.108352967 -0.015225668 0.993346155
1341845985.841811 0.083625652 0.129499987 -0.212124035 0.036388464 0.107234083 -0.012548907 0.993488431
1341845985.873899 0.088246800 0.128911063 -0.221559733 0.035178218 0.107188515 -0.013849794 0.993519664
1341845985.909743 0.083044611 0.126395926 -0.206632629 0.034652382 0.109425344 -0.014607211 0.993283391
1341845985.941740 0.080742158 0.127213269 -0.206868485 0.037144128 0.107738279 -0.011608370 0.993417323
1341845985.977718 0.084820092 0.125151679 -0.216076598 0.037886631 0.106381640 -0.011369429 0.993538260
1341845986.009726 0.082951300 0.123187706 -0.215567946 0.038012858 0.107735790 -0.013400614 0.993362188
1341845986.042156 0.081990711 0.128341839 -0.206451684 0.039164290 0.107184291 -0.011129560 0.993405163
