1341845948.747856 0.000000000 0.000000000 0.000000000 0.000000000 0.000000000 0.000000000 1.000000000
1341845948.779817 -0.003702296 -0.003964870 -0.009307764 0.001958314 0.005914946 0.001081276 0.999979973
1341845948.811832 0.003433301 -0.007071875 -0.007031019 0.003564348 0.008341563 0.002982742 0.999954402
1341845948.847804 0.007781640 -0.002584950 -0.006727321 0.006179037 0.010748713 0.004683687 0.999912143
1341845948.879918 0.004829636 0.006163431 0.004210889 0.006578171 0.014288695 0.003910021 0.999868631
1341845948.911866 0.005340662 -0.000977894 0.003000507 0.001160113 0.018201007 0.003800997 0.999826431
1341845948.947808 -0.007527960 -0.004875271 0.000963816 -0.003297498 0.021003518 0.002046956 0.999771893
1341845948.979787 -0.006241502 -0.000655198 0.005171285 -0.007239535 0.021377310 0.002130396 0.999742985
1341845949.011787 0.010936014 -0.008664259 0.014603030 -0.014500686 0.021444743 0.001755835 0.999663353
1341845949.047774 0.000095676 -0.019126752 0.026287157 -0.019582143 0.024916757 0.005151014 0.999484479
1341845949.079745 0.011223649 -0.050659515 0.025017291 -0.024906963 0.022901647 0.009317433 0.999383986
1341845949.115941 0.006467591 -0.044038218 0.026152849 -0.023108643 0.025980573 0.011137017 0.999333262
1341845949.147691 0.011110352 -0.050758623 0.029835789 -0.025820974 0.028843500 0.013405159 0.999160469
1341845949.179815 0.009648901 -0.061219718 0.036073074 -0.029045189 0.032022662 0.015986206 0.998937130
1341845949.215795 0.010050546 -0.073320359 0.039533317 -0.031214986 0.034512412 0.015513505 0.998796165
1341845949.247763 0.017946513 -0.074588530 0.041112605 -0.033251725 0.037140135 0.015942361 0.998629451
1341845949.283892 0.019319735 -0.103855282 0.048757572 -0.041254111 0.041795466 0.015432591 0.998154819
1341845949.315792 0.015166771 -0.104385957 0.054541770 -0.039998688 0.046821740 0.014929747 0.997990429
1341845949.347811 0.019470023 -0.103867985 0.058997087 -0.037856508 0.049023762 0.016077971 0.997950375
1341845949.383752 0.016789893 -0.102861509 0.057201166 -0.037117053 0.053643432 0.013779483 0.997774899
1341845949.415733 0.021800214 -0.111803092 0.066085704 -0.040008448 0.054217450 0.013446151 0.997636676
1341845949.451907 0.018720945 -0.113790751 0.068142578 -0.041943394 0.054985646 0.012892703 0.997522473
1341845949.483823 0.025930654 -0.115254529 0.063786417 -0.045518402 0.055094067 0.010769118 0.997384965
1341845949.515817 0.020251632 -0.115133405 0.066447824 -0.051478617 0.057127837 0.009392945 0.996994555
1341845949.551896 0.012756002 -0.122946560 0.073812179 -0.058910966 0.055990703 0.006830197 0.996668398
1341845949.583736 0.016284244 -0.124456279 0.084254153 -0.063255765 0.053815886 0.006002726 0.996527255
1341845949.619753 0.020792451 -0.125893131 0.087778710 -0.067812741 0.053422332 0.004286659 0.996257544
1341845949.651764 0.001727175 -0.150203407 0.089008965 -0.074423790 0.055611022 0.003206445 0.995669723
1341845949.683707 0.012225486 -0.139644310 0.103584565 -0.071171999 0.049394920 0.002140921 0.996237993
1341845949.719890 0.023217820 -0.133112922 0.096561730 -0.074439555 0.048015248 -0.000408207 0.996068835
1341845949.751778 0.011612311 -0.120741032 0.100559793 -0.080062360 0.050838415 0.000398703 0.995492518
1341845949.787857 0.003148333 -0.128824174 0.112659730 -0.085617095 0.050317563 0.000536761 0.995056570
1341845949.819784 0.002753193 -0.132487640 0.113616511 -0.091781594 0.047500890 0.001216123 0.994644821
1341845949.851908 -0.014639122 -0.157701835 0.114365920 -0.107284918 0.050927088 -0.005245923 0.992909312
1341845949.887758 -0.015449055 -0.141047746 0.126316592 -0.113931917 0.049005456 -0.002439061 0.992276192
1341845949.920013 -0.011010845 -0.147067726 0.126688138 -0.119590506 0.043764886 -0.001463384 0.991857171
1341845949.955673 -0.007929360 -0.142947495 0.130127445 -0.121517651 0.041442670 -0.002108684 0.991721511
1341845949.987737 -0.010561615 -0.158325166 0.130825177 -0.128484741 0.041661602 -0.003894585 0.990828335
1341845950.019789 -0.015650153 -0.151768938 0.133345470 -0.129156142 0.040282827 -0.005014705 0.990793049
1341845950.055847 -0.013591900 -0.171685115 0.133846462 -0.134884298 0.037968680 -0.007459624 0.990105569
1341845950.087728 -0.009078391 -0.161322072 0.139741376 -0.136582255 0.037279710 -0.009422520 0.989882171
1341845950.124078 -0.013519404 -0.168390170 0.142884582 -0.143061876 0.038198937 -0.010112396 0.988924623
1341845950.155757 -0.012373026 -0.169215858 0.148206502 -0.145308122 0.036891762 -0.009674343 0.988651097
1341845950.187677 -0.003733126 -0.165032595 0.150202021 -0.146454781 0.036458317 -0.012030114 0.988472104
1341845950.223782 -0.004431056 -0.178632736 0.157316431 -0.154094890 0.039484534 -0.014609572 0.987158716
1341845950.255885 -0.005380268 -0.209997907 0.162233144 -0.163517147 0.039142821 -0.015215365 0.985646248
1341845950.287784 0.003031089 -0.214636445 0.168579847 -0.164808676 0.036812235 -0.016901221 0.985493422
1341845950.323864 -0.009694616 -0.213572979 0.158291057 -0.170828730 0.043140028 -0.019827269 0.984156191
1341845950.355780 -0.028970551 -0.240432188 0.155176982 -0.189663813 0.049350493 -0.021408323 0.980374336
1341845950.387911 -0.010525959 -0.202769965 0.170318618 -0.189086452 0.043442570 -0.022982936 0.980729759
1341845950.424265 -0.005352010 -0.225022286 0.181522965 -0.193954766 0.042993721 -0.024878800 0.979752064
1341845950.455762 -0.008114836 -0.236917332 0.182545125 -0.193040282 0.044431079 -0.027100217 0.979809642
1341845950.487870 -0.008642438 -0.236966327 0.185379460 -0.190570459 0.043208610 -0.027853400 0.980326533
1341845950.523880 -0.002033412 -0.244491547 0.182790622 -0.192221090 0.041470040 -0.028713146 0.980054498
1341845950.555793 -0.028434828 -0.245168358 0.162353396 -0.199412033 0.050374195 -0.028221110 0.978213131
1341845950.587742 -0.025147751 -0.276785076 0.167049557 -0.220698670 0.049064651 -0.027198888 0.973727345
1341845950.623823 -0.025482018 -0.247572869 0.169049129 -0.223203301 0.049098458 -0.026510552 0.973173559
1341845950.655770 -0.007266224 -0.249855056 0.171974733 -0.229783222 0.044139940 -0.028781401 0.971814275
1341845950.691815 -0.005979841 -0.277753890 0.196089506 -0.241117850 0.041522793 -0.033188745 0.969038963
1341845950.756034 -0.008367172 -0.312384069 0.200865135 -0.249463215 0.043443363 -0.030829458 0.966917932
1341845950.817895 -0.012540289 -0.325923622 0.213323608 -0.254073948 0.045965474 -0.030347679 0.965615153
1341845950.853851 -0.008111370 -0.333669424 0.209936693 -0.255189985 0.046682656 -0.031793825 0.965239823
1341845950.885881 -0.005662108 -0.339709818 0.219414905 -0.257334143 0.047606714 -0.034157380 0.964544475
1341845950.917771 -0.005178366 -0.350567639 0.226841584 -0.258263737 0.049075764 -0.034048967 0.964226186
1341845950.953822 -0.007301634 -0.360254675 0.235603422 -0.257777661 0.051956266 -0.033670377 0.964218616
1341845950.985908 -0.010152056 -0.362414926 0.230519250 -0.256134838 0.054893844 -0.034272462 0.964472413
1341845951.017817 -0.007629917 -0.372636944 0.238193750 -0.260027766 0.055143643 -0.035727240 0.963362992
1341845951.053777 -0.009049949 -0.370315373 0.239794046 -0.261835963 0.057124153 -0.032756090 0.962863326
1341845951.085819 -0.008064553 -0.373771966 0.248649314 -0.263831168 0.059299503 -0.028715828 0.962315977
1341845951.121819 -0.011884394 -0.372164011 0.248445630 -0.265619040 0.060960166 -0.024322819 0.961841345
1341845951.153788 0.002055307 -0.395914257 0.272533536 -0.273059368 0.057909358 -0.022710325 0.959984004
1341845951.185690 -0.002078235 -0.392761797 0.274326146 -0.270940632 0.058488708 -0.019730918 0.960614860
1341845951.221846 0.012496857 -0.397274882 0.289026469 -0.270847708 0.052350696 -0.017131081 0.961044967
1341845951.253677 -0.003471720 -0.388302177 0.296348542 -0.266498804 0.051963326 -0.013812053 0.962334335
1341845951.289833 0.004454403 -0.433325976 0.310919791 -0.269604266 0.045103882 -0.009782398 0.961864591
1341845951.321746 0.021893714 -0.466414809 0.310851812 -0.273557842 0.041454457 -0.005706016 0.960944891
1341845951.353781 0.005842629 -0.428765535 0.297493011 -0.264593363 0.045416381 -0.002290801 0.963287294
1341845951.389710 0.012897569 -0.432712615 0.321695358 -0.264077246 0.040531404 -0.002579406 0.963646054
1341845951.421759 0.010650734 -0.446087152 0.324210674 -0.260006934 0.039005168 -0.000885600 0.964818239
1341845951.453714 0.018045578 -0.463443667 0.321265548 -0.259061486 0.036789194 0.002905596 0.965155542
1341845951.489750 0.019254420 -0.465171307 0.322043717 -0.257535279 0.035599176 0.004918733 0.965600371
1341845951.521791 0.025823615 -0.477301836 0.316561073 -0.257299125 0.034313224 -0.001111745 0.965721786
1341845951.557734 0.024888312 -0.465751767 0.322614580 -0.256564677 0.035969816 0.001345246 0.965856612
1341845951.621927 0.022110784 -0.475169927 0.331237584 -0.256507397 0.030779909 0.000021024 0.966052055
1341845951.657740 0.029444128 -0.478631616 0.331952333 -0.259510398 0.026861709 0.000926143 0.965366244
1341845951.689997 0.042048991 -0.502091944 0.354020566 -0.267548501 0.020813527 0.002379982 0.963316619
1341845951.721802 0.029086916 -0.491099358 0.364672899 -0.261640459 0.019115543 0.002692770 0.964972317
1341845951.757837 0.043296576 -0.514426589 0.359107554 -0.264697969 0.013741214 0.001949848 0.964231491
1341845951.789992 0.037374161 -0.509689808 0.359290570 -0.270305187 0.016132446 0.000802250 0.962639213
1341845951.825880 0.042734548 -0.510770798 0.368558645 -0.273592234 0.014454701 0.000462098 0.961737037
1341845951.857655 0.053142417 -0.516915381 0.373688281 -0.275534481 0.011258209 0.000471052 0.961225152
1341845951.889934 0.045221619 -0.512209892 0.372189552 -0.276544303 0.013041536 0.000183295 0.960912645
1341845951.925973 0.041184548 -0.513010919 0.380152941 -0.281765729 0.011614468 0.001734047 0.959411383
1341845951.957775 0.042578697 -0.517087281 0.382102817 -0.284178883 0.009895057 0.000952361 0.958719730
1341845951.989866 0.042519648 -0.505999863 0.374162614 -0.287244797 0.008095041 -0.000261722 0.957822978
1341845952.026044 0.048144076 -0.519896805 0.390533119 -0.296654135 0.003642220 0.001192067 0.954977274
1341845952.057894 0.067428440 -0.536703885 0.402918518 -0.302101910 -0.003373089 0.002064210 0.953267395
1341845952.125827 0.048662521 -0.533041000 0.405611455 -0.301315427 -0.000920454 -0.002234088 0.953521490
1341845952.157796 0.048851669 -0.536817491 0.407649428 -0.300974280 -0.001597380 -0.002324737 0.953628123
1341845952.193712 0.050250337 -0.538102984 0.403969288 -0.300291747 -0.001638193 -0.002482652 0.953842759
1341845952.225758 0.045831457 -0.539452732 0.411565185 -0.300623029 -0.000968777 -0.003475947 0.953736246
1341845952.261888 0.054862183 -0.549703896 0.420522302 -0.300700843 -0.001784381 -0.003119967 0.953711748
1341845952.293773 0.038693022 -0.544954956 0.411541760 -0.295416325 0.004428857 -0.003616662 0.955351532
1341845952.325830 0.049544819 -0.551808894 0.407824457 -0.298202902 0.005433875 -0.005885842 0.954468906
1341845952.361889 0.039273001 -0.556791961 0.414329678 -0.301492214 0.009767098 -0.006687204 0.953395128
1341845952.393746 0.055548329 -0.556523144 0.409390956 -0.300764948 0.009692159 -0.010573435 0.953590453
1341845952.425943 0.051379416 -0.551947176 0.408067495 -0.301409632 0.014431107 -0.012597568 0.953302324
1341845952.461990 0.050678670 -0.555046439 0.414471149 -0.303087264 0.015248223 -0.013650103 0.952743053
1341845952.493879 0.052090757 -0.560544670 0.413800657 -0.304878086 0.015920401 -0.016053202 0.952122986
1341845952.529859 0.050014272 -0.556794703 0.413309127 -0.305690885 0.019259838 -0.016833628 0.951787114
1341845952.561728 0.046959244 -0.549973905 0.413147420 -0.305128545 0.022754885 -0.016468348 0.951896846
1341845952.593773 0.048447702 -0.551479995 0.408845276 -0.307398200 0.023956748 -0.015862722 0.951147079
1341845952.629782 0.044337153 -0.549585223 0.409820884 -0.309173226 0.026916981 -0.016399581 0.950483263
1341845952.661822 0.042088259 -0.535673678 0.413519919 -0.307235897 0.028070088 -0.014532411 0.951108277
1341845952.694133 0.033406064 -0.531410635 0.408857375 -0.305418640 0.028579690 -0.011874457 0.951715112
1341845952.729992 0.040332790 -0.537762880 0.410203248 -0.308756262 0.025343319 -0.013017377 0.950714409
1341845952.761932 0.048035424 -0.548936844 0.428257853 -0.310507506 0.022718014 -0.015326746 0.950175822
1341845952.835955 0.042512603 -0.555735528 0.409988821 -0.306292742 0.027789146 -0.015165943 0.951410770
1341845952.897807 0.043846112 -0.536940753 0.412072390 -0.302519888 0.029311411 -0.020735828 0.952466547
1341845952.929858 0.039122447 -0.532323778 0.407056570 -0.299316198 0.030072451 -0.019917639 0.953471959
1341845952.962152 0.036650691 -0.532105446 0.404023796 -0.297798902 0.030309852 -0.023031764 0.953869283
1341845952.997732 0.038756240 -0.520413399 0.397011399 -0.296559036 0.028893007 -0.022613760 0.954309464
1341845953.029881 0.038609862 -0.504954040 0.396154493 -0.294611126 0.026594704 -0.021052489 0.955015063
1341845953.065883 0.031968664 -0.504951298 0.396791875 -0.292562604 0.026206419 -0.020849643 0.955659807
1341845953.097744 0.021874612 -0.498574197 0.387427568 -0.290026486 0.027228238 -0.018322211 0.956455708
1341845953.130426 0.016267812 -0.471345365 0.380995989 -0.286586314 0.024702465 -0.016440304 0.957594752
1341845953.165700 0.025457704 -0.473994911 0.382394880 -0.285015494 0.020658644 -0.017256020 0.958144903
1341845953.197916 0.013997108 -0.470545232 0.374073267 -0.279621929 0.022392973 -0.017832911 0.959683359
1341845953.230076 0.023350596 -0.476829797 0.355644941 -0.282458365 0.021278957 -0.019134725 0.958852589
1341845953.265747 0.015434891 -0.467739075 0.365700454 -0.284211397 0.025222860 -0.022178588 0.958173156
1341845953.297823 0.026449412 -0.467224687 0.367570013 -0.283369094 0.022071756 -0.021988666 0.958504736
1341845953.333820 0.019003008 -0.469524235 0.365703285 -0.279934227 0.023648083 -0.025023958 0.959401548
1341845953.398118 0.019146562 -0.450166196 0.356452256 -0.270204067 0.027856758 -0.033755712 0.961807847
1341845953.433817 0.015229217 -0.447501749 0.366566807 -0.263175458 0.030418143 -0.037552163 0.963536859
1341845953.465793 0.013833351 -0.424301833 0.354577988 -0.248541966 0.031814702 -0.036288116 0.967418134
1341845953.501850 0.010134978 -0.428574979 0.346473068 -0.242807195 0.033224065 -0.036374118 0.968822837
1341845953.533841 0.007763466 -0.461622000 0.363524467 -0.243639693 0.036188677 -0.041289315 0.968310535
1341845953.565884 0.007587030 -0.470237702 0.364893347 -0.234816149 0.039494559 -0.039118320 0.970449030
1341845953.601851 0.004746814 -0.438020438 0.346428543 -0.219163224 0.042504832 -0.038729586 0.973992229
1341845953.633727 0.002757026 -0.448425472 0.348268420 -0.215363860 0.046302412 -0.043063484 0.974484503
1341845953.665877 0.002758973 -0.437611729 0.342605084 -0.205525815 0.050255343 -0.039563376 0.976559401
1341845953.701988 -0.001205522 -0.415209740 0.328741074 -0.196049228 0.052053217 -0.036297426 0.978538513
1341845953.733959 -0.003161263 -0.405632854 0.319564313 -0.194768026 0.052319866 -0.036670156 0.978766263
1341845953.769755 -0.010901810 -0.405667156 0.314606190 -0.196520984 0.054850042 -0.041130044 0.978099823
1341845953.801776 -0.014881060 -0.391576737 0.310245991 -0.192925528 0.057490565 -0.040097665 0.978706658
1341845953.833838 -0.014947638 -0.386358947 0.309891433 -0.191579297 0.055920839 -0.040861934 0.979030430
1341845953.869932 -0.021801991 -0.389053911 0.310456693 -0.191272154 0.056151174 -0.046411283 0.978829920
1341845953.901831 -0.023360427 -0.378923267 0.306691110 -0.189629614 0.056313545 -0.047891509 0.979068875
1341845953.933922 -0.034091130 -0.366929293 0.304052353 -0.186194167 0.056575906 -0.048393425 0.979688168
1341845953.969955 -0.046306457 -0.376406521 0.309313416 -0.183258206 0.055658158 -0.052596003 0.980077684
1341845954.001752 -0.042817451 -0.359864354 0.298545092 -0.176168784 0.052935593 -0.054205615 0.981439829
1341845954.037754 -0.050938975 -0.345500350 0.296766609 -0.176271915 0.053275991 -0.054850008 0.981367111
1341845954.069971 -0.055825271 -0.345280230 0.300726205 -0.178580463 0.051483661 -0.055387426 0.981015146
1341845954.101821 -0.054075349 -0.343199760 0.298062533 -0.178426549 0.047038704 -0.051292025 0.981488883
1341845954.137723 -0.069467813 -0.330981642 0.295625865 -0.178856000 0.045941997 -0.047958631 0.981631219
1341845954.169776 -0.064029187 -0.332947433 0.290004194 -0.181754127 0.041664194 -0.048313137 0.981272340
1341845954.201769 -0.065214463 -0.324609399 0.289208025 -0.180696383 0.040148832 -0.045663878 0.981657624
1341845954.237931 -0.075275406 -0.312408417 0.284832895 -0.178562865 0.040198892 -0.042501323 0.982187867
1341845954.269821 -0.072802179 -0.318361044 0.278425723 -0.179581746 0.038042702 -0.043130670 0.982060552
1341845954.305896 -0.077217184 -0.315342814 0.275629133 -0.178720638 0.039438963 -0.044609103 0.982096493
1341845954.337899 -0.078336105 -0.307014227 0.271880358 -0.178568289 0.039166652 -0.044524375 0.982138932
1341845954.370323 -0.076267377 -0.309765548 0.279793918 -0.181456298 0.035987116 -0.040968023 0.981886029
1341845954.405781 -0.088499844 -0.269647837 0.262359381 -0.171127379 0.038166162 -0.043209668 0.983560681
1341845954.437770 -0.102901928 -0.273411244 0.257809371 -0.173685819 0.039330747 -0.039431687 0.983225048
1341845954.473700 -0.090364747 -0.299489588 0.289765388 -0.181794047 0.029774817 -0.035243228 0.982253671
1341845954.505685 -0.089709535 -0.306757540 0.281688482 -0.177212462 0.027357882 -0.036116745 0.983129144
1341845954.537884 -0.093715832 -0.293464422 0.266040921 -0.172240302 0.028135573 -0.035334069 0.984018862
1341845954.574129 -0.103804871 -0.292048275 0.270863056 -0.176387832 0.026845325 -0.034856927 0.983336985
1341845954.605772 -0.089904487 -0.288009018 0.266360790 -0.172858268 0.022039553 -0.034435242 0.984097779
1341845954.637774 -0.091713585 -0.280895919 0.258731604 -0.163418949 0.021423317 -0.033338353 0.985760570
1341845954.673990 -0.092173181 -0.278845578 0.252373964 -0.161442399 0.020610815 -0.031321622 0.986169577
1341845954.705864 -0.086589232 -0.279958576 0.249185696 -0.161466390 0.018693248 -0.030613760 0.986226082
1341845954.741959 -0.088298276 -0.275920480 0.258556277 -0.156890005 0.020044733 -0.032844193 0.986866236
1341845954.779824 -0.087846085 -0.276447237 0.248636678 -0.153212681 0.020697018 -0.033462748 0.987409651
1341845954.815761 -0.093778118 -0.273915172 0.249478772 -0.151157990 0.021329997 -0.033862431 0.987699151
1341845954.847702 -0.091416337 -0.284472167 0.254313111 -0.148822486 0.021530176 -0.034759454 0.988018274
1341845954.879857 -0.096532442 -0.283546746 0.250130177 -0.144661382 0.022933656 -0.032647636 0.988676548
1341845954.915883 -0.094957881 -0.272334069 0.240770102 -0.142346114 0.021463163 -0.030803323 0.989104688
1341845954.947742 -0.105478041 -0.268481433 0.243381500 -0.142657802 0.023084238 -0.031865865 0.988989592
1341845954.979793 -0.099071279 -0.273045838 0.249564633 -0.141799659 0.022451518 -0.028617632 0.989226878
1341845955.015775 -0.101860501 -0.267641485 0.247907430 -0.136682928 0.022746438 -0.024210658 0.990057707
1341845955.047748 -0.102745339 -0.252108842 0.239982486 -0.129062012 0.020728767 -0.021485956 0.991186976
1341845955.079963 -0.096224785 -0.260516495 0.244047627 -0.127352983 0.019771505 -0.022916889 0.991395533
1341845955.115765 -0.095336281 -0.254252702 0.237428740 -0.125569448 0.022344628 -0.022029685 0.991588473
1341845955.147819 -0.104648873 -0.251354754 0.239659220 -0.125224575 0.025517892 -0.023516621 0.991521358
1341845955.179771 -0.107862085 -0.246494725 0.242079616 -0.122426525 0.026038570 -0.023921916 0.991847515
1341845955.215834 -0.108428523 -0.243768096 0.237363398 -0.120143741 0.027472358 -0.022543538 0.992120206
1341845955.247700 -0.106748812 -0.236685812 0.233166039 -0.117669910 0.027499240 -0.021035736 0.992449045
1341845955.283796 -0.111970209 -0.235743031 0.234841272 -0.115481354 0.028566502 -0.022437850 0.992645204
1341845955.315766 -0.109811433 -0.235304862 0.235513523 -0.113580346 0.028549010 -0.023900757 0.992830932
1341845955.347689 -0.112061895 -0.232308432 0.233120263 -0.113048814 0.030364851 -0.024851609 0.992814362
1341845955.383825 -0.118094973 -0.225116864 0.232438236 -0.109831430 0.033104192 -0.025740013 0.993065238
1341845955.415689 -0.112103507 -0.228257716 0.231491029 -0.108169593 0.031432372 -0.024572978 0.993331492
1341845955.447780 -0.110277310 -0.236020029 0.240374044 -0.107313693 0.030145297 -0.028344397 0.993363798
1341845955.483775 -0.110566184 -0.230959803 0.236358747 -0.102169231 0.033057820 -0.031639215 0.993714035
1341845955.515995 -0.112971000 -0.232754469 0.231211185 -0.099235028 0.034495678 -0.031499252 0.993966937
1341845955.547652 -0.123153113 -0.205938518 0.239965647 -0.089808285 0.035118505 -0.033078473 0.994789898
1341845955.583803 -0.116176493 -0.198796704 0.240915060 -0.084759317 0.033190124 -0.034104567 0.995264351
1341845955.645874 -0.126803055 -0.193516612 0.234568194 -0.082050696 0.035191808 -0.036848228 0.995324790
1341845955.677690 -0.125426620 -0.187187850 0.235409290 -0.077098630 0.035310969 -0.037513331 0.995691538
1341845955.713997 -0.121002950 -0.184821576 0.236685991 -0.073398978 0.034525845 -0.036936086 0.996020198
1341845955.745913 -0.130436912 -0.175771371 0.237689912 -0.070213646 0.034279697 -0.036093377 0.996289194
1341845955.777825 -0.122777745 -0.179572448 0.236052945 -0.068866938 0.031400271 -0.035693988 0.996492505
1341845955.814143 -0.126096740 -0.174241647 0.238611907 -0.065198489 0.034045517 -0.035533499 0.996658146
1341845955.845690 -0.137540296 -0.161900505 0.236720800 -0.061374851 0.035698917 -0.031440731 0.996980548
1341845955.877977 -0.127262369 -0.164681450 0.240185320 -0.059089109 0.031812895 -0.028747514 0.997331440
1341845955.913787 -0.127124131 -0.167105153 0.236602232 -0.051618244 0.034028370 -0.028554192 0.997678459
1341845955.945707 -0.125734061 -0.151906431 0.237235993 -0.043035597 0.035514835 -0.025386145 0.998119295
1341845955.981865 -0.125720561 -0.143361807 0.237538666 -0.037621263 0.035172340 -0.024116449 0.998381674
1341845956.013788 -0.119908772 -0.125982136 0.237169757 -0.032676939 0.036113102 -0.024480192 0.998513281
1341845956.045763 -0.122298345 -0.122462288 0.232364893 -0.034031458 0.039095607 -0.023283318 0.998384356
1341845956.081817 -0.122773997 -0.127806172 0.234033227 -0.036574930 0.040052712 -0.021685930 0.998292446
1341845956.113872 -0.116042949 -0.127851978 0.236658424 -0.033479322 0.040016897 -0.018956946 0.998458028
1341845956.145853 -0.116423100 -0.105693929 0.234606326 -0.027060701 0.041326020 -0.013461513 0.998688459
1341845956.181712 -0.112472564 -0.100074627 0.228841081 -0.028406201 0.042691045 -0.010307956 0.998631239
1341845956.213966 -0.114906266 -0.113674782 0.231483117 -0.031717654 0.045702115 -0.008909706 0.998411655
1341845956.249720 -0.116178609 -0.096021637 0.231308609 -0.026819309 0.047470402 -0.005720868 0.998496175
1341845956.281792 -0.108930416 -0.084151410 0.217953533 -0.028328599 0.046099372 -0.001682866 0.998533666
1341845956.313799 -0.110803150 -0.076209679 0.225065246 -0.031655975 0.046080783 -0.002335628 0.998433292
1341845956.349790 -0.114264131 -0.073914737 0.227892533 -0.035468187 0.046519451 -0.002587217 0.998284161
1341845956.381671 -0.118166417 -0.066574097 0.231448621 -0.037803881 0.045296241 0.000207319 0.998257995
1341845956.414041 -0.119568408 -0.068101972 0.230323002 -0.042206895 0.042326260 0.000054937 0.998211920
1341845956.449886 -0.120122127 -0.067535922 0.236668393 -0.043922044 0.041952547 -0.001903314 0.998151898
1341845956.481751 -0.125718623 -0.058598157 0.242462218 -0.041724928 0.041505642 0.000308249 0.998266637
1341845956.517751 -0.129816696 -0.051186822 0.239130870 -0.040396962 0.039641898 0.001931605 0.998395145
1341845956.550178 -0.125633299 -0.056036957 0.244226590 -0.042766307 0.036934964 0.001155314 0.998401463
1341845956.581882 -0.119767956 -0.063706815 0.251260638 -0.042001337 0.034883477 0.001405514 0.998507440
1341845956.617921 -0.127730593 -0.046442129 0.257068336 -0.032555461 0.035402756 0.003438870 0.998836815
1341845956.649823 -0.127490908 -0.043149211 0.252367049 -0.026310204 0.035583664 0.003248880 0.999014974
1341845956.686207 -0.126938909 -0.039888140 0.250464141 -0.023125989 0.036377031 0.001771020 0.999068916
1341845956.717815 -0.136167839 -0.022434045 0.251182735 -0.019848477 0.037603859 -0.001382584 0.999094605
1341845956.749871 -0.135713503 -0.024437573 0.260886550 -0.019240750 0.034572378 -0.004625268 0.999206185
1341845956.785882 -0.133349910 -0.024511999 0.264279366 -0.014683536 0.033841338 -0.007485580 0.999291301
1341845956.817915 -0.138306409 -0.018021440 0.257927239 -0.010626403 0.035534579 -0.008305206 0.999277413
1341845956.849925 -0.138973564 -0.007978353 0.266423613 -0.007181012 0.033630338 -0.005785327 0.999391794
1341845956.885848 -0.135880142 -0.019174004 0.267643958 -0.004198943 0.032925796 -0.006342060 0.999428809
1341845956.953936 -0.141072422 0.017587451 0.263834506 0.006323810 0.034649756 0.001268686 0.999378681
1341845956.985677 -0.144902706 0.040732436 0.269537449 0.009117553 0.036209166 -0.000627371 0.999302447
1341845957.017739 -0.135250255 0.027876815 0.263989270 0.000813407 0.036290631 0.000183213 0.999340892
1341845957.053817 -0.131335571 0.011283081 0.277220815 -0.003586250 0.034380674 0.004542858 0.999392033
1341845957.085894 -0.139217615 0.027884850 0.277788788 0.002983306 0.037743017 0.004936475 0.999270797
1341845957.118069 -0.137579218 0.036410987 0.278000325 0.003963389 0.040408418 0.007339390 0.999148428
1341845957.153924 -0.138833225 0.033469837 0.285575479 0.005011381 0.042186081 0.008215170 0.999063432
1341845957.185730 -0.138640389 0.040491112 0.286103785 0.011250935 0.045155849 0.009576554 0.998870671
1341845957.222219 -0.137815922 0.057848044 0.281000108 0.014842213 0.048224874 0.010533280 0.998670638
1341845957.253784 -0.136779875 0.068175197 0.286771566 0.014657091 0.049543846 0.009488551 0.998619258
1341845957.285979 -0.137033835 0.067772947 0.292226732 0.015995067 0.051359102 0.006871481 0.998528481
1341845957.321826 -0.134616926 0.078037463 0.287024856 0.017808607 0.052849665 0.006892394 0.998419881
1341845957.353642 -0.135802478 0.078628905 0.289591402 0.017756341 0.053882189 0.006362457 0.998369098
1341845957.385918 -0.132504448 0.078199923 0.296364456 0.018975822 0.056141816 0.002928070 0.998238146
1341845957.421801 -0.141749620 0.095462352 0.307439297 0.025520455 0.059844676 0.003605755 0.997874916
1341845957.453856 -0.143779293 0.102306850 0.309237301 0.030555660 0.058745105 0.005987729 0.997787297
1341845957.490017 -0.141157731 0.107199080 0.309119254 0.034255132 0.058739696 0.002177144 0.997683048
1341845957.521783 -0.140408605 0.115445942 0.309025258 0.036461882 0.059424281 -0.002318220 0.997564018
1341845957.553863 -0.142644480 0.122111082 0.315316826 0.038137831 0.057111938 -0.003812971 0.997631788
1341845957.589817 -0.138384402 0.119562186 0.313456148 0.040395826 0.054304894 -0.009225421 0.997664273
1341845957.621927 -0.137211233 0.127362505 0.310998321 0.044087242 0.055602558 -0.014030518 0.997380495
1341845957.690210 -0.141736463 0.129721001 0.319451332 0.049323972 0.053528890 -0.016987456 0.997202694
1341845957.721718 -0.148199081 0.132059544 0.308430672 0.055361796 0.056435265 -0.022219824 0.996622503
1341845957.757797 -0.147158965 0.148038805 0.311952382 0.059223514 0.058229405 -0.022342119 0.996294498
1341845957.790095 -0.147488654 0.154830471 0.316971153 0.062187023 0.058466390 -0.021378007 0.996121228
1341845957.821762 -0.150136307 0.151286453 0.337905198 0.070363134 0.057822593 -0.019426353 0.995654643
1341845957.858271 -0.146742448 0.156154171 0.332283407 0.078792751 0.058424447 -0.017993581 0.995014846
1341845957.890302 -0.146056741 0.164338902 0.350655347 0.087526329 0.059247758 -0.015158348 0.994283199
1341845957.926548 -0.145090923 0.172891021 0.359441340 0.096899830 0.059543613 -0.011543144 0.993444383
1341845957.963818 -0.140602469 0.173278213 0.348698407 0.105901293 0.060564019 -0.011013214 0.992469430
1341845957.996582 -0.128331631 0.184794486 0.346323311 0.111733802 0.062840864 -0.011982550 0.991676867
1341845958.028437 -0.131266728 0.196673810 0.341410667 0.114194199 0.065975748 -0.008151380 0.991231740
1341845958.064063 -0.126966178 0.201334476 0.347092390 0.121625170 0.064257719 -0.005577187 0.990478218
1341845958.096285 -0.121855207 0.203393355 0.344625980 0.127899900 0.066946909 -0.006356931 0.989504516
1341845958.163750 -0.119656421 0.236755744 0.367844015 0.138625816 0.068750590 0.002975634 0.987951100
1341845958.225916 -0.116623178 0.248271883 0.367363304 0.147269428 0.068512060 0.002574663 0.986717403
1341845958.257855 -0.114245631 0.258281291 0.382187277 0.151919737 0.066549070 0.004726948 0.986138523
1341845958.293941 -0.110364512 0.263949126 0.379092127 0.158061236 0.062930308 0.006496515 0.985400558
1341845958.325982 -0.105159946 0.260723472 0.367659032 0.160520703 0.063594081 0.003559022 0.984975219
1341845958.357886 -0.108023934 0.266505808 0.376463860 0.165323392 0.065177187 0.004653254 0.984072387
1341845958.393794 -0.099773847 0.279771656 0.361260802 0.173462674 0.061504766 0.011970452 0.982845128
1341845958.425833 -0.101663254 0.282913089 0.366014719 0.181536973 0.058951784 0.015163644 0.981498361
1341845958.461910 -0.094171360 0.298319578 0.376420915 0.186424956 0.059992503 0.017432602 0.980480850
1341845958.493906 -0.096059218 0.303633273 0.380237669 0.190370128 0.059784248 0.020074369 0.979684711
1341845958.525948 -0.101835400 0.302739382 0.392012656 0.198674947 0.054318018 0.027392333 0.978175581
1341845958.561735 -0.095876075 0.318933666 0.383999497 0.202487931 0.053513441 0.026812583 0.977453828
1341845958.593854 -0.093976662 0.342555851 0.392129868 0.200161725 0.055452958 0.023712836 0.977904856
1341845958.625936 -0.107389987 0.318934321 0.406977594 0.198360234 0.055355489 0.020370480 0.978352726
1341845958.661751 -0.095327079 0.335755646 0.394316077 0.205833137 0.050839517 0.022684809 0.977002263
1341845958.693866 -0.094128966 0.364360839 0.403003871 0.206319332 0.051757809 0.025079899 0.976792932
1341845958.729747 -0.099001162 0.361610681 0.410836905 0.203218952 0.051408224 0.023222167 0.977506995
1341845958.761798 -0.097946018 0.369065762 0.417956650 0.207194760 0.049142037 0.029418867 0.976621687
1341845958.793976 -0.096620686 0.367761582 0.418668509 0.212107003 0.047717333 0.032154866 0.975551009
1341845958.836099 -0.097095095 0.383868128 0.415539980 0.214293793 0.048900977 0.034548525 0.974932432
1341845958.872548 -0.098282233 0.392481267 0.420595467 0.214111835 0.049449127 0.034086321 0.974961042
1341845958.905812 -0.103335425 0.390278250 0.430461079 0.218100026 0.047311604 0.036620565 0.974090815
1341845958.936045 -0.097827546 0.401848048 0.427149802 0.221931964 0.045918826 0.036439922 0.973298430
1341845958.967857 -0.095731437 0.424961805 0.432528794 0.223102003 0.046719346 0.034489032 0.973063886
1341845959.003881 -0.103832029 0.419524312 0.442863077 0.220918179 0.047869686 0.031919055 0.973593771
1341845959.035807 -0.101139084 0.423850626 0.437786013 0.222302571 0.046436753 0.031699520 0.973355234
1341845959.067708 -0.095198713 0.445524812 0.443769485 0.223141581 0.047186460 0.031291947 0.973140299
1341845959.103767 -0.101569273 0.440692902 0.458820134 0.219689712 0.050370093 0.030902734 0.973778367
1341845959.135750 -0.104638591 0.436764508 0.458038837 0.222054362 0.049004331 0.032657064 0.973254323
1341845959.172042 -0.107845694 0.444540203 0.472138673 0.228738159 0.047788277 0.036123153 0.971643090
1341845959.203734 -0.100093305 0.464540780 0.470470071 0.230890945 0.049539234 0.034972124 0.971088171
1341845959.235702 -0.107807040 0.470586300 0.463181853 0.229708806 0.051867321 0.030846888 0.971386671
1341845959.271710 -0.111417323 0.466593891 0.459087640 0.230345309 0.047949057 0.028995834 0.971494317
1341845959.303719 -0.106497638 0.478020370 0.468012214 0.234142318 0.047128044 0.027555963 0.970668316
1341845959.339991 -0.109324023 0.477897614 0.475316346 0.235590935 0.051906895 0.023108903 0.970189989
1341845959.371830 -0.117287323 0.464718044 0.464005351 0.240162611 0.049889006 0.025666963 0.969110012
1341845959.403707 -0.113818780 0.478526890 0.470931470 0.250859290 0.044641618 0.029641571 0.966539204
1341845959.440061 -0.113465123 0.485981166 0.487694889 0.256820202 0.047119927 0.029636776 0.964854777
1341845959.471779 -0.115448318 0.498083949 0.470591962 0.259317011 0.049925387 0.030486140 0.964019060
1341845959.507756 -0.124435790 0.495007157 0.481581390 0.263571948 0.048311912 0.033066832 0.962861598
1341845959.539837 -0.121768311 0.502210736 0.486258298 0.268899471 0.046931408 0.034790058 0.961394906
1341845959.571785 -0.122286893 0.519671082 0.480772316 0.271531433 0.047996640 0.035464104 0.960577607
1341845959.607783 -0.131629720 0.505005300 0.492190242 0.273187876 0.046610512 0.036388002 0.960141540
1341845959.639762 -0.129119799 0.516265392 0.495846659 0.279052079 0.044828262 0.037566841 0.958493114
1341845959.671901 -0.128473103 0.522134125 0.490679920 0.281251222 0.046419799 0.035620395 0.957848728
1341845959.707824 -0.130957499 0.522016704 0.488566637 0.284033149 0.046683561 0.035978761 0.957001209
1341845959.740041 -0.135379672 0.526204228 0.489836574 0.288231462 0.045478202 0.036811154 0.955771565
1341845959.776084 -0.131319016 0.530802429 0.490188211 0.292604953 0.043418989 0.039446369 0.954432368
1341845959.807848 -0.133446127 0.532837868 0.508598030 0.298659712 0.042094551 0.043469824 0.952439368
1341845959.839796 -0.132635638 0.546495676 0.515958965 0.303821594 0.041659206 0.046898458 0.950661600
1341845959.875965 -0.132115945 0.555413127 0.519369543 0.304330140 0.042750832 0.047980629 0.950396419
1341845959.907911 -0.136787787 0.564908803 0.522729456 0.307353705 0.042980868 0.049615495 0.949328542
1341845959.939861 -0.134840861 0.570177138 0.526048481 0.309557438 0.041927345 0.052216701 0.948519707
1341845959.975710 -0.134087592 0.588689744 0.535483599 0.310231537 0.041898765 0.054537300 0.948170066
1341845960.007688 -0.134727225 0.604790688 0.533957601 0.308186501 0.043235090 0.053663272 0.948826671
1341845960.039963 -0.133845866 0.598924458 0.535113037 0.307043076 0.041868061 0.057816401 0.949014664
1341845960.075794 -0.131618530 0.594310224 0.545531631 0.309316546 0.041954596 0.058089457 0.948255599
1341845960.107770 -0.136909112 0.607196271 0.549348652 0.311136216 0.044899251 0.058934364 0.947472990
1341845960.144033 -0.140829965 0.615843296 0.557456493 0.310561687 0.045083519 0.059493188 0.947617769
1341845960.175727 -0.135059804 0.610632539 0.562501252 0.311970621 0.043135129 0.060927700 0.947154403
1341845960.207727 -0.131112427 0.629859149 0.559892952 0.314662695 0.044862486 0.059529111 0.946272194
1341845960.243768 -0.136838228 0.627672613 0.560503960 0.310814172 0.046208352 0.058183197 0.947562158
1341845960.275774 -0.127235427 0.618667662 0.559813857 0.311602235 0.045298360 0.059846930 0.947243631
1341845960.307922 -0.125664815 0.644047439 0.571605563 0.317043722 0.045923214 0.062740982 0.945218444
1341845960.343783 -0.131251052 0.651747108 0.577948689 0.315566152 0.046924550 0.062228158 0.945697486
1341845960.375748 -0.125811011 0.633769929 0.573171973 0.313912809 0.046120849 0.061620940 0.946326852
1341845960.407669 -0.122265063 0.637174487 0.580966890 0.317574203 0.046945523 0.064261205 0.944887936
1341845960.443816 -0.125278845 0.645798564 0.578850329 0.319560319 0.047815770 0.065828003 0.944066525
1341845960.475859 -0.122678474 0.645998061 0.590310156 0.321322143 0.047186933 0.066310242 0.943466187
1341845960.507864 -0.118193820 0.638564467 0.602265656 0.323182017 0.048314609 0.065254517 0.942847252
1341845960.543808 -0.121619493 0.644087017 0.592214346 0.326137275 0.050472323 0.065228142 0.941717744
1341845960.575920 -0.133353099 0.653691530 0.600086987 0.328615338 0.048749484 0.065601036 0.940920830
1341845960.611822 -0.125565574 0.649081469 0.608664632 0.329683363 0.044837371 0.062843375 0.940930009
1341845960.675868 -0.124889091 0.644744575 0.610819161 0.333059251 0.041619420 0.061234217 0.939994514
1341845960.738006 -0.116746090 0.651003420 0.621302783 0.330037951 0.040673867 0.055087790 0.941480696
1341845960.773767 -0.121356264 0.650903702 0.609383821 0.329033643 0.041222036 0.054901645 0.941819191
1341845960.805854 -0.115654871 0.654081881 0.615202844 0.328454912 0.038134884 0.057821807 0.941976547
1341845960.837918 -0.114705533 0.653602600 0.622900903 0.328091711 0.039130982 0.057163041 0.942102432
1341845960.873825 -0.116667762 0.654917061 0.623368979 0.325986594 0.040582068 0.056706671 0.942799091
1341845960.905884 -0.110155165 0.644282520 0.612432480 0.325215906 0.040440809 0.058142118 0.942983925
1341845960.941780 -0.111914925 0.651982129 0.615093768 0.328640729 0.042125005 0.059554942 0.941633642
1341845960.973838 -0.123531193 0.653477788 0.611813366 0.326925009 0.043228138 0.058758046 0.942230821
1341845961.006150 -0.117266290 0.637237728 0.610685468 0.325305372 0.040860515 0.058991134 0.942882240
1341845961.041828 -0.115812480 0.624490082 0.613909483 0.328566730 0.042414401 0.058715038 0.941699266
1341845961.073796 -0.121443950 0.626316547 0.592445970 0.329866141 0.043879177 0.057842355 0.941231728
1341845961.110987 -0.118935511 0.616962910 0.590491831 0.331528783 0.042168427 0.056609459 0.940800667
1341845961.141834 -0.118608110 0.611199379 0.593864322 0.333712459 0.043116979 0.052929156 0.940199733
1341845961.173863 -0.126112908 0.604098558 0.579202294 0.333770782 0.044686399 0.049406517 0.940297365
1341845961.209891 -0.116693258 0.586524546 0.563735425 0.335283577 0.042538565 0.048321187 0.939915121
1341845961.242098 -0.118069008 0.586923301 0.561675668 0.340443790 0.043002360 0.046759270 0.938116431
1341845961.273933 -0.122499309 0.596251369 0.559615016 0.341429740 0.043872997 0.043638766 0.937868059
1341845961.310022 -0.126709059 0.575494766 0.567511618 0.338204473 0.044230543 0.040800422 0.939146817
1341845961.341758 -0.124046095 0.569420159 0.561441362 0.336040258 0.043973200 0.038713578 0.940023720
1341845961.378106 -0.121753559 0.590907693 0.543844879 0.329613537 0.043784123 0.037103977 0.942369998
1341845961.409796 -0.122876957 0.588046968 0.535696507 0.321160793 0.042950913 0.035326686 0.945390403
1341845961.441821 -0.131383896 0.557362139 0.555089235 0.313901037 0.042167772 0.035592012 0.947850823
1341845961.477824 -0.132110104 0.546632349 0.533518791 0.301807493 0.043721274 0.030964721 0.951862335
1341845961.509791 -0.138500392 0.529174745 0.525247455 0.294844925 0.043607231 0.031487804 0.954030097
1341845961.541896 -0.145006672 0.519041836 0.521480083 0.288632780 0.041257937 0.033797774 0.955953300
1341845961.577897 -0.143355161 0.498948395 0.514571667 0.283099294 0.040092837 0.034985781 0.957613349
1341845961.609802 -0.148345605 0.500132620 0.506448448 0.278780252 0.039194036 0.036451750 0.958862185
1341845961.645986 -0.144863069 0.486246407 0.494669646 0.267673284 0.036947798 0.034369610 0.962187409
1341845961.677834 -0.145185292 0.457408190 0.490810812 0.261479169 0.037144061 0.033615060 0.963908195
1341845961.709764 -0.148899361 0.456698895 0.470557213 0.258700788 0.038026441 0.034384646 0.964596093
1341845961.745888 -0.157862410 0.440322429 0.476273566 0.250523448 0.037790567 0.034266822 0.966765583
1341845961.778055 -0.157046184 0.423048377 0.471024811 0.245662645 0.037610445 0.034999482 0.967992961
1341845961.809850 -0.155560985 0.413952917 0.465383738 0.241758630 0.038076572 0.036646646 0.968896270
1341845961.845697 -0.164151832 0.397505611 0.456081539 0.236353248 0.039949670 0.036946356 0.970142365
1341845961.877872 -0.167408258 0.381961018 0.451108903 0.232725084 0.039146930 0.041367657 0.970873475
1341845961.913718 -0.166332915 0.374663353 0.448508680 0.227483913 0.039843876 0.040982082 0.972102880
1341845961.945896 -0.179688126 0.363787264 0.438354403 0.220743343 0.041732188 0.039804667 0.973625362
1341845961.977939 -0.182110995 0.342469841 0.425808638 0.215546593 0.037676547 0.041359153 0.974889517
1341845962.013984 -0.170687959 0.334541708 0.423886776 0.213183478 0.035551246 0.041527681 0.975481629
1341845962.046683 -0.180366307 0.319931000 0.409623235 0.208459601 0.038241029 0.039403420 0.976488411
1341845962.078169 -0.183993638 0.307433635 0.400433362 0.204440355 0.036955558 0.039209485 0.977395058
1341845962.114007 -0.178009078 0.280238271 0.391167104 0.200709283 0.037351530 0.036885146 0.978243411
1341845962.145797 -0.185297832 0.264924377 0.389580816 0.200845003 0.039224517 0.038222115 0.978090942
1341845962.182026 -0.184034258 0.264032096 0.376711667 0.199441612 0.038961746 0.039741289 0.978328049
1341845962.214096 -0.185403690 0.245814160 0.369046122 0.195310205 0.040320180 0.036932237 0.979216158
1341845962.245784 -0.186035752 0.234465390 0.365181059 0.191184729 0.041076187 0.035376251 0.980055988
1341845962.281938 -0.189457327 0.214649931 0.358659059 0.185516521 0.042393528 0.034388598 0.981123805
1341845962.313944 -0.188743338 0.205466747 0.355951607 0.182998642 0.043585248 0.033834919 0.981563568
1341845962.349929 -0.188296840 0.195266500 0.344571084 0.177292854 0.046574112 0.031136384 0.982562244
1341845962.381891 -0.192579240 0.169175774 0.340735227 0.171777561 0.047062390 0.032548718 0.983472526
1341845962.413742 -0.195893064 0.156231433 0.332362860 0.172257021 0.045638751 0.033321295 0.983429909
1341845962.449828 -0.196261480 0.147236630 0.322902948 0.169488698 0.043845210 0.033007406 0.984002948
1341845962.487817 -0.191853657 0.137040168 0.311479747 0.165272295 0.041141964 0.031852905 0.984874487
1341845962.549874 -0.193935573 0.107665375 0.294191390 0.156226352 0.042713355 0.029073114 0.986368895
1341845962.581942 -0.194187105 0.086867869 0.296774089 0.154143214 0.043802943 0.030181758 0.986615539
1341845962.617866 -0.193636701 0.078774780 0.281682789 0.154032797 0.045922849 0.031995427 0.986479223
1341845962.649869 -0.188954905 0.071248151 0.259511024 0.153688014 0.047302667 0.033434376 0.986420095
1341845962.682115 -0.194906175 0.069914579 0.258212298 0.152358174 0.048574507 0.033737347 0.986554205
1341845962.717940 -0.197951809 0.054134067 0.257573038 0.149584383 0.050093312 0.031335834 0.986981869
1341845962.749929 -0.197801143 0.054814309 0.248961911 0.148642898 0.051026907 0.029186146 0.987142205
1341845962.781986 -0.203914076 0.040218193 0.236813083 0.144930407 0.051807020 0.026434140 0.987730980
1341845962.817763 -0.197808325 0.036878411 0.238276184 0.143603221 0.051860433 0.025669776 0.987942100
1341845962.849755 -0.201633289 0.024774050 0.233467653 0.141206473 0.055181880 0.024340609 0.988141298
1341845962.885818 -0.211147457 0.022543831 0.233088881 0.140711546 0.056648102 0.025701916 0.988094449
1341845962.918631 -0.210463569 0.022784702 0.222643480 0.139030665 0.055485465 0.027434075 0.988351762
1341845962.964414 -0.200287163 0.031195976 0.214408010 0.134958804 0.057097901 0.026703047 0.988844216
1341845963.017793 -0.216235012 0.021618096 0.211493462 0.121189326 0.060608611 0.028105747 0.990378618
1341845963.085942 -0.205550686 0.030551245 0.201175928 0.109558538 0.060905814 0.026712419 0.991752923
1341845963.117888 -0.217592493 0.014948563 0.206067070 0.100046232 0.064168960 0.026401354 0.992560387
1341845963.154202 -0.218436599 -0.002319557 0.198421940 0.094878167 0.064705208 0.025720296 0.993050814
1341845963.185770 -0.215617985 -0.001501870 0.201191112 0.092083640 0.066692278 0.025503041 0.993187964
1341845963.217782 -0.214309990 -0.010348827 0.196913868 0.087043069 0.069115259 0.024142200 0.993510783
1341845963.253885 -0.219706416 -0.017156256 0.197480112 0.082720816 0.071236089 0.022650266 0.993765354
1341845963.285844 -0.221514031 -0.030432994 0.196978316 0.078763209 0.072803348 0.020850196 0.994012654
1341845963.321913 -0.218393460 -0.026555797 0.198737994 0.076663852 0.075471886 0.018325791 0.994027555
1341845963.353695 -0.219096765 -0.010192137 0.197500318 0.070300505 0.078744546 0.017449319 0.994259834
1341845963.385792 -0.232122734 -0.041039728 0.219916016 0.058336101 0.081823602 0.014929165 0.994826078
1341845963.421875 -0.226120204 -0.057053920 0.222554609 0.051981799 0.084555805 0.013885559 0.994965017
1341845963.453923 -0.228673816 -0.051929928 0.232710510 0.047444314 0.090284333 0.017439229 0.994632423
1341845963.485900 -0.227432296 -0.065941803 0.227366015 0.043852367 0.095697835 0.020518394 0.994232297
1341845963.521709 -0.227912769 -0.067771487 0.233155563 0.045379054 0.103833370 0.023921182 0.993270934
1341845963.553742 -0.226709023 -0.070018210 0.245624870 0.045839395 0.114658870 0.025384085 0.992022038
1341845963.589977 -0.230974495 -0.079815306 0.247667015 0.044829961 0.126198098 0.024026526 0.990700305
1341845963.621850 -0.235175759 -0.059992805 0.263065755 0.049439989 0.136476830 0.028958840 0.988984883
1341845963.654421 -0.243259639 -0.067028232 0.283405632 0.045890894 0.148625195 0.024737837 0.987518430
1341845963.690029 -0.243861035 -0.067417130 0.284714252 0.045761272 0.154737145 0.028098283 0.986495197
1341845963.721864 -0.250955731 -0.076308064 0.289281458 0.044591211 0.162663460 0.027670596 0.985284984
1341845963.753762 -0.247502729 -0.051330261 0.291752070 0.045741491 0.168597370 0.034118902 0.984031737
1341845963.790051 -0.247100681 -0.046608265 0.291022152 0.040936921 0.173279926 0.038841829 0.983254552
1341845963.821840 -0.257880658 -0.057063688 0.292598695 0.035371356 0.178883553 0.037836213 0.982505977
1341845963.857878 -0.270788252 -0.064401969 0.322407752 0.031126712 0.186157390 0.036467593 0.981349409
1341845963.891494 -0.284394473 -0.072570443 0.334411085 0.027208798 0.191878855 0.036518730 0.980361402
1341845963.922038 -0.284801841 -0.067589708 0.322937399 0.026380287 0.194348574 0.037456013 0.979862034
1341845963.957711 -0.289490521 -0.056761585 0.321348846 0.022896176 0.199932113 0.036217161 0.978872418
1341845963.989918 -0.300221413 -0.075023264 0.338192552 0.017574437 0.206124350 0.033864148 0.977781713
1341845964.021882 -0.302813351 -0.078302339 0.332226604 0.021356933 0.209452257 0.037857000 0.976852298
1341845964.057871 -0.307716012 -0.067117974 0.340470761 0.025951905 0.215028211 0.038912848 0.975487113
1341845964.089943 -0.304919124 -0.049079809 0.321269482 0.023881454 0.219490394 0.042609192 0.974391162
1341845964.125808 -0.310735941 -0.070081279 0.337936938 0.017961102 0.228983462 0.041081894 0.972397149
1341845964.157672 -0.319381118 -0.077483572 0.327120006 0.024660261 0.236792490 0.039398063 0.970447838
1341845964.189845 -0.330062658 -0.076115891 0.336534292 0.025956716 0.244379967 0.038495254 0.968567371
1341845964.225746 -0.336652577 -0.076018013 0.357319206 0.023479423 0.253479749 0.037463844 0.966329753
1341845964.257798 -0.344801426 -0.078367651 0.337872207 0.025328627 0.259320766 0.040784229 0.964597225
1341845964.290067 -0.356051743 -0.077228777 0.341399997 0.026196526 0.264075547 0.040536687 0.963293612
1341845964.325751 -0.358830512 -0.076021396 0.369550943 0.025213579 0.266499668 0.043714330 0.962512970
1341845964.357836 -0.356495261 -0.079896301 0.351115853 0.026064126 0.270151466 0.044028070 0.961457431
1341845964.399837 -0.365724951 -0.077815562 0.365357846 0.028230425 0.276694387 0.046744283 0.959405124
1341845964.458009 -0.369925022 -0.078693494 0.355288565 0.026316822 0.284301817 0.048239257 0.957158744
1341845964.493690 -0.385842115 -0.084544145 0.356549591 0.024767410 0.292277902 0.047675263 0.954823136
1341845964.525868 -0.390981525 -0.098877072 0.366715580 0.027509352 0.297089130 0.050641641 0.953108966
1341845964.561820 -0.394202590 -0.093038917 0.353895485 0.032516532 0.302441478 0.053501356 0.951109588
1341845964.593698 -0.408054590 -0.076081552 0.336242974 0.032277755 0.308377415 0.055392850 0.949101210
1341845964.625703 -0.409164369 -0.078216150 0.360324651 0.028307287 0.313590378 0.056664500 0.947443366
1341845964.661788 -0.419639558 -0.088358238 0.365731716 0.027131114 0.317607909 0.056204230 0.946166039
1341845964.693836 -0.431209773 -0.089875855 0.326204002 0.029637251 0.322720438 0.057282034 0.944294393
1341845964.725966 -0.431948036 -0.090995759 0.363257587 0.030132240 0.332411855 0.057067174 0.940923870
1341845964.761841 -0.443966955 -0.097147435 0.392364621 0.032412775 0.339109600 0.057383273 0.938435555
1341845964.793975 -0.454682946 -0.092959829 0.364363432 0.036346883 0.344019145 0.060080398 0.936333299
1341845964.829971 -0.458761990 -0.101881847 0.361278504 0.034848817 0.349851787 0.059360109 0.934272766
1341845964.861928 -0.455397874 -0.103534445 0.386754930 0.034238424 0.353435308 0.057016309 0.933091819
1341845964.893679 -0.460186362 -0.102119870 0.414280862 0.031729847 0.354986221 0.056660324 0.932613313
1341845964.929863 -0.474365383 -0.110810868 0.423205405 0.030019276 0.356054693 0.058301862 0.932161391
1341845964.961832 -0.481233060 -0.111328378 0.418542504 0.030489877 0.359016329 0.058104709 0.931021750
1341845965.029810 -0.499075294 -0.119968265 0.417259455 0.031832680 0.361731231 0.060222268 0.929790556
1341845965.061873 -0.502196193 -0.122997582 0.406637520 0.035835359 0.366022736 0.058912348 0.928047717
1341845965.097818 -0.509984434 -0.123256505 0.426355928 0.035522956 0.371284604 0.057078328 0.926082015
1341845965.130110 -0.509563982 -0.123939656 0.430834144 0.035826012 0.374802947 0.056562703 0.924683690
1341845965.162645 -0.520646095 -0.123775661 0.434236884 0.036357634 0.379791170 0.056158181 0.922649980
1341845965.198514 -0.526026726 -0.118432932 0.415694326 0.035091721 0.385333210 0.055234913 0.920454204
1341845965.230304 -0.531422853 -0.128706321 0.432675779 0.033394195 0.390484989 0.056738161 0.918252230
1341845965.298444 -0.547455311 -0.121845692 0.408151418 0.031547900 0.401720226 0.058161430 0.913369000
1341845965.331043 -0.553965509 -0.132536203 0.449853897 0.031694356 0.409675419 0.061397295 0.909610868
1341845965.366018 -0.565249443 -0.139127553 0.455644935 0.030899415 0.415958881 0.063813753 0.906615257
1341845965.398649 -0.558384478 -0.135247588 0.494616330 0.030852163 0.424089134 0.067069113 0.902606428
1341845965.431881 -0.569112360 -0.139208689 0.463546157 0.030676357 0.431680590 0.067956433 0.898939848
1341845965.466122 -0.571036041 -0.137174696 0.474497408 0.030711595 0.436663806 0.070800647 0.896308422
1341845965.498735 -0.567388952 -0.133881494 0.498718232 0.029659206 0.442841560 0.074122146 0.893038392
1341845965.538924 -0.586129248 -0.138679802 0.485368222 0.027703775 0.448743939 0.077431053 0.889868438
1341845965.574497 -0.582005918 -0.129450411 0.497150123 0.027665766 0.451989710 0.082875885 0.887733936
1341845965.604085 -0.574204504 -0.131333143 0.520193338 0.028604003 0.456515580 0.087491497 0.884940982
1341845965.640215 -0.596761405 -0.155539989 0.497989833 0.028935667 0.462024391 0.094819307 0.881308973
1341845965.671775 -0.589619875 -0.131153017 0.533764720 0.029714530 0.469001740 0.094894983 0.877581537
1341845965.703769 -0.607364178 -0.149054319 0.530317903 0.031395383 0.473608106 0.098588578 0.874637067
1341845965.739932 -0.604894757 -0.149589553 0.523916781 0.031412475 0.477692306 0.100785851 0.872161448
1341845965.771986 -0.612295926 -0.138455778 0.538842440 0.030471824 0.482824564 0.100177281 0.869434536
1341845965.803746 -0.615138531 -0.142533168 0.536122143 0.028499359 0.485579520 0.101075515 0.867861807
1341845965.840020 -0.621399820 -0.148177147 0.567720830 0.028294832 0.488996059 0.101396322 0.865910530
1341845965.871716 -0.639364183 -0.150293961 0.550794959 0.029235013 0.488967150 0.102233559 0.865797162
1341845965.907848 -0.634097338 -0.143781736 0.565663874 0.027063699 0.491597623 0.101111181 0.864509046
1341845965.939897 -0.634113312 -0.143497020 0.587414384 0.027347725 0.492764801 0.102622345 0.863657117
1341845965.971777 -0.642740190 -0.150358126 0.578171194 0.028241443 0.490820378 0.103630759 0.864614606
1341845966.007712 -0.651403725 -0.148600504 0.571647286 0.028832676 0.491579503 0.103985235 0.864121139
1341845966.039925 -0.652978837 -0.134541348 0.592782199 0.026405979 0.492416829 0.103215374 0.863814235
1341845966.071842 -0.665426075 -0.137642175 0.584474266 0.025553226 0.488585502 0.104937196 0.865805626
1341845966.107724 -0.656859100 -0.143471599 0.591642916 0.023969259 0.486397743 0.105202891 0.867049634
1341845966.139710 -0.651474714 -0.149992451 0.623619735 0.022791624 0.488265723 0.105144300 0.866037965
1341845966.171793 -0.642632604 -0.154652402 0.640975952 0.022541560 0.486039430 0.105352983 0.867270589
1341845966.207829 -0.657099187 -0.139024258 0.609121919 0.021341592 0.480197579 0.104567058 0.870643795
1341845966.239904 -0.655756354 -0.148741201 0.617285430 0.019172553 0.479447007 0.103215724 0.871268928
1341845966.275869 -0.655566931 -0.142647192 0.618351877 0.019458564 0.475925982 0.104296118 0.873062491
1341845966.307882 -0.641134202 -0.158135831 0.636175036 0.015672537 0.470460534 0.106518477 0.875828207
1341845966.339897 -0.654153466 -0.143073738 0.611752391 0.014922486 0.465912580 0.107782520 0.878114879
1341845966.375773 -0.653399527 -0.138773397 0.601744592 0.014626651 0.460250646 0.109421574 0.880898595
1341845966.408401 -0.637669265 -0.128410563 0.616708517 0.017499723 0.445455313 0.115754172 0.887617230
1341845966.470009 -0.629766881 -0.132131293 0.605954051 0.010354171 0.440212667 0.108532228 0.891249835
1341845966.502100 -0.614925265 -0.142661452 0.633592129 0.012317035 0.436788887 0.108422235 0.892921269
1341845966.537769 -0.615147173 -0.126185119 0.587143481 0.015396086 0.429744512 0.108003192 0.896335840
1341845966.570051 -0.629386663 -0.125996977 0.555058002 0.013441345 0.429469883 0.105172902 0.896835327
1341845966.605694 -0.607096791 -0.128702849 0.583405852 0.014174658 0.425147682 0.103191137 0.899110734
1341845966.637893 -0.606257379 -0.123576917 0.565763652 0.016546892 0.417514265 0.101628937 0.902817607
1341845966.669930 -0.590298533 -0.125132993 0.556317985 0.014576961 0.413871706 0.097465716 0.904985189
1341845966.705984 -0.592624366 -0.123906463 0.546074927 0.011080510 0.410596907 0.091512613 0.907145441
1341845966.737793 -0.589240074 -0.120040826 0.547121227 0.011430358 0.403013974 0.089221410 0.910762668
1341845966.773893 -0.584102929 -0.115241274 0.515527129 0.010327011 0.396031737 0.084198907 0.914310038
1341845966.806068 -0.582733274 -0.113598295 0.515246272 0.008407343 0.393286645 0.080326669 0.915861666
1341845966.837941 -0.571672320 -0.108870126 0.522598803 0.006617476 0.385102838 0.078215338 0.919529438
1341845966.873813 -0.571314216 -0.105954014 0.506061673 0.003201590 0.376193851 0.075356036 0.923465967
1341845966.905683 -0.567316592 -0.112489313 0.497514278 -0.000901577 0.371053129 0.072582617 0.925770223
1341845966.937810 -0.560500026 -0.101911888 0.496102661 -0.001128108 0.363282949 0.069612645 0.929073870
1341845966.973800 -0.554874837 -0.104817390 0.483275175 -0.000968284 0.354597718 0.068110973 0.932534397
1341845967.005805 -0.551063657 -0.104973435 0.482774138 -0.001257198 0.350600868 0.065190881 0.934252441
1341845967.042225 -0.550038159 -0.097262427 0.462922603 -0.000016002 0.343271792 0.065452904 0.936952710
1341845967.073828 -0.542061150 -0.091683447 0.471923858 -0.000539152 0.334159940 0.067578427 0.940090418
1341845967.105887 -0.533401489 -0.091503337 0.459682792 -0.001823679 0.327178001 0.068404824 0.942481816
1341845967.141740 -0.531804025 -0.096388012 0.457637280 -0.003133070 0.321561545 0.066291362 0.944560111
1341845967.173814 -0.530646861 -0.087664396 0.447400302 -0.003392546 0.311001301 0.066569157 0.948069215
1341845967.205958 -0.523962915 -0.081436194 0.438397795 -0.005753797 0.301572263 0.067362808 0.951043308
1341845967.241684 -0.515169799 -0.085507222 0.434100747 -0.009081861 0.295966566 0.064788908 0.952955246
1341845967.273869 -0.510022700 -0.084320441 0.446954370 -0.010104728 0.288936913 0.064165212 0.955141962
1341845967.310009 -0.502693117 -0.086041324 0.443560243 -0.010148212 0.281418204 0.064024605 0.957393169
1341845967.341721 -0.495577246 -0.082570761 0.433560669 -0.009754736 0.276532352 0.062909916 0.958893657
1341845967.373873 -0.486565799 -0.075207472 0.423867345 -0.010133226 0.269810438 0.063554525 0.960760355
1341845967.409855 -0.481695205 -0.074793831 0.428093970 -0.011744154 0.263554305 0.062998518 0.962513566
1341845967.441891 -0.474405795 -0.074469291 0.425924271 -0.013919283 0.258698136 0.060819823 0.963941097
1341845967.473782 -0.469631493 -0.070992619 0.433238894 -0.015860481 0.257361561 0.059237853 0.964367330
1341845967.509844 -0.465304524 -0.070848629 0.440043807 -0.016071396 0.254411191 0.059832867 0.965109706
1341845967.541835 -0.451635331 -0.066673145 0.424394280 -0.015471321 0.249126092 0.059921946 0.966491699
1341845967.583843 -0.440174490 -0.063325264 0.416273564 -0.017587772 0.248588055 0.057483982 0.966742098
1341845967.641865 -0.424931139 -0.046432566 0.412497342 -0.018555390 0.243384928 0.054168370 0.968238235
1341845967.677848 -0.410513312 -0.035919428 0.390141219 -0.026624836 0.238983005 0.048531957 0.969444633
1341845967.709875 -0.404897124 -0.053778220 0.411362767 -0.035709519 0.240315810 0.044562794 0.969013572
1341845967.745878 -0.399654269 -0.054418806 0.410889804 -0.035069931 0.238391101 0.045778304 0.969455600
1341845967.778746 -0.392069489 -0.059544723 0.412854850 -0.034280084 0.235724553 0.045732826 0.970137775
1341845967.809778 -0.382844746 -0.042958200 0.400140971 -0.033607740 0.234209239 0.045633458 0.970532894
1341845967.845933 -0.379850388 -0.041399445 0.417922884 -0.035563473 0.231808051 0.046492584 0.970998824
1341845967.878439 -0.367462277 -0.040318951 0.405033112 -0.036116015 0.225114703 0.048208665 0.972468495
1341845967.910100 -0.358774602 -0.042731497 0.392385811 -0.039907675 0.221534565 0.044744089 0.973307610
1341845967.945831 -0.353974849 -0.039303157 0.399655432 -0.042250376 0.219830394 0.041075122 0.973756790
1341845967.977896 -0.346753865 -0.043107152 0.393810689 -0.042442594 0.213115111 0.041231371 0.975233614
1341845968.013873 -0.337378114 -0.044472184 0.395415276 -0.041073397 0.208336949 0.040370453 0.976360023
1341845968.046014 -0.328832060 -0.029827466 0.402455807 -0.037507676 0.203732803 0.040144395 0.977483749
1341845968.077840 -0.326650202 -0.036436990 0.385300696 -0.039144777 0.200028569 0.037099529 0.978304625
1341845968.113779 -0.321806043 -0.036228161 0.384008884 -0.040564828 0.193989635 0.036314730 0.979491591
1341845968.146343 -0.311578214 -0.036375280 0.374470502 -0.043773543 0.187152669 0.031169752 0.980859935
1341845968.178020 -0.306557626 -0.033700489 0.366446555 -0.048855271 0.180700302 0.028616222 0.981907129
1341845968.213838 -0.293583751 -0.030579042 0.368678421 -0.050972238 0.171769664 0.028061651 0.983417273
1341845968.245986 -0.282829612 -0.025441576 0.357392490 -0.050878283 0.163652137 0.026841674 0.984839559
1341845968.281755 -0.278936505 -0.028915679 0.360427648 -0.052868042 0.158105791 0.021568667 0.985769928
1341845968.313859 -0.266488701 -0.020478889 0.362610877 -0.052119043 0.151355281 0.021458212 0.986871183
1341845968.381845 -0.246060327 -0.021874111 0.340362191 -0.045215242 0.135144398 0.015256952 0.989676118
1341845968.413829 -0.242736205 -0.017349832 0.335553885 -0.046070095 0.127351701 0.010385042 0.990732670
1341845968.445783 -0.227418527 -0.016964298 0.330851674 -0.048470862 0.118845485 0.005043466 0.991716146
1341845968.481950 -0.222728550 -0.017397678 0.341096729 -0.046533119 0.112439312 0.003833655 0.992561042
1341845968.513880 -0.222103745 -0.016889436 0.348664939 -0.041753154 0.103386082 0.003518599 0.993758321
1341845968.549874 -0.201012284 -0.005218246 0.329129845 -0.039270554 0.093042389 -0.000404745 0.994887292
1341845968.581797 -0.189114496 -0.007920750 0.328923762 -0.045844778 0.087014683 -0.010059477 0.995100737
1341845968.613836 -0.183649346 -0.013763672 0.323483765 -0.046837904 0.081163712 -0.011668558 0.995531261
1341845968.649866 -0.165678740 -0.023464859 0.315935105 -0.044440370 0.072673939 -0.014162305 0.996264517
1341845968.681800 -0.140864938 -0.011733063 0.300184846 -0.043271821 0.067734718 -0.016499372 0.996627986
1341845968.713888 -0.131978571 -0.012598975 0.298305780 -0.046255972 0.066453874 -0.018648215 0.996542275
1341845968.749871 -0.122062042 -0.016543254 0.307348520 -0.045324292 0.063311666 -0.017713727 0.996806681
1341845968.781921 -0.103686839 -0.013744358 0.291577876 -0.043757822 0.060544875 -0.017288351 0.997056007
1341845968.817754 -0.089239769 -0.012539103 0.283579528 -0.047127087 0.059678096 -0.021307053 0.996876895
1341845968.850259 -0.080190830 -0.014993260 0.290963978 -0.049335685 0.058090042 -0.022397196 0.996839941
1341845968.881826 -0.063364290 -0.018449869 0.284094602 -0.047331303 0.055131599 -0.022214778 0.997109234
1341845968.917722 -0.047660504 -0.012636422 0.278096378 -0.046592269 0.053293921 -0.023904352 0.997204840
1341845968.949889 -0.038079042 -0.009372775 0.282469273 -0.048896771 0.051850028 -0.025057320 0.997142315
1341845968.985958 -0.027570395 -0.008116412 0.297084749 -0.048899401 0.049717207 -0.024579531 0.997262716
1341845969.017732 -0.011599967 -0.004480630 0.292668372 -0.047929596 0.047263209 -0.025703922 0.997400761
1341845969.049916 0.004511437 -0.004664259 0.277291715 -0.049853522 0.044714466 -0.029161524 0.997328818
1341845969.085845 0.014738414 -0.003728621 0.282580465 -0.052703295 0.042055588 -0.032027695 0.997210085
1341845969.117802 0.029002342 -0.010878397 0.284736037 -0.054492656 0.040162455 -0.035411540 0.997077525
1341845969.149856 0.036958765 -0.013640093 0.293951899 -0.052826699 0.039812621 -0.037361827 0.997110009
1341845969.185864 0.054626592 0.000642395 0.298119247 -0.049439434 0.037399769 -0.034806103 0.997469544
1341845969.217819 0.076356068 -0.005083532 0.285443902 -0.050341669 0.035241324 -0.037721269 0.997397065
1341845969.254025 0.087648898 -0.006313642 0.292488039 -0.048672501 0.035587046 -0.040550251 0.997356653
1341845969.317925 0.118889309 -0.000144649 0.289194524 -0.044750802 0.032638907 -0.043010473 0.997538090
1341845969.353755 0.130714685 0.006201964 0.288000435 -0.045931704 0.030649714 -0.047255371 0.997355402
1341845969.386150 0.136359870 0.012003776 0.303782195 -0.048786905 0.026680293 -0.051697712 0.997113526
1341845969.417886 0.151368350 -0.000778281 0.296714276 -0.051753733 0.022031132 -0.057462208 0.996761918
1341845969.453876 0.161020026 -0.007785759 0.298812807 -0.051718220 0.020648677 -0.062451396 0.996493161
1341845969.485873 0.169631064 -0.004362115 0.302445114 -0.049942661 0.019420927 -0.065557592 0.996408939
1341845969.521785 0.178339779 0.006219096 0.308854640 -0.046481606 0.013052797 -0.063604645 0.996806681
1341845969.553864 0.186950222 -0.000799409 0.305730730 -0.047961362 0.007347078 -0.065093182 0.996698856
1341845969.585920 0.194619760 -0.007996291 0.302328974 -0.052758060 0.005283568 -0.070022903 0.996135235
1341845969.621808 0.196789950 -0.008563251 0.309334487 -0.054404497 0.003402503 -0.068294235 0.996174932
1341845969.653912 0.210560828 -0.007633267 0.303470641 -0.049802817 -0.002804326 -0.061276995 0.996873558
1341845969.685996 0.224041596 -0.002044312 0.308402807 -0.043553185 -0.006433569 -0.055812381 0.997470140
1341845969.721838 0.226886168 0.004868296 0.300668508 -0.043128792 -0.006369771 -0.054277215 0.997573733
1341845969.753718 0.229466543 0.007536345 0.301494002 -0.044304803 -0.010058451 -0.053778876 0.997518778
1341845969.789954 0.245080620 0.008149963 0.301808566 -0.043745939 -0.015108190 -0.056351542 0.997337699
1341845969.821781 0.247170329 0.006565574 0.300368637 -0.046459228 -0.016239263 -0.058973540 0.997045636
1341845969.853649 0.232149333 0.002191329 0.303702295 -0.050057177 -0.015692493 -0.061371822 0.996735454
1341845969.889965 0.249389574 -0.006622146 0.298259139 -0.052509237 -0.023493389 -0.061213288 0.996465623
1341845969.922004 0.258372664 -0.001469502 0.299505979 -0.050974842 -0.028855342 -0.060854785 0.996426463
1341845969.957892 0.250694990 0.002369588 0.285851687 -0.051303986 -0.031811710 -0.060665097 0.996331096
1341845969.989937 0.301847398 -0.006619197 0.300142795 -0.053274233 -0.051210057 -0.061058495 0.995395005
1341845970.021841 0.305828005 -0.003576483 0.299919516 -0.053461373 -0.055947430 -0.062697470 0.995028019
1341845970.057886 0.296022266 -0.007165345 0.297434092 -0.055620216 -0.056571007 -0.065022759 0.994725168
1341845970.089962 0.324500382 -0.009868154 0.307648987 -0.053312853 -0.068846948 -0.065322816 0.994057715
1341845970.121869 0.347212285 -0.009738739 0.301913679 -0.049431164 -0.077998735 -0.066041775 0.993534744
1341845970.158120 0.349024475 0.001728961 0.294109762 -0.046631582 -0.079790577 -0.069325939 0.993304014
1341845970.189970 0.373092681 -0.002253321 0.304196179 -0.048824146 -0.088086143 -0.072678953 0.992257416
1341845970.225844 0.405224204 -0.016202906 0.315277129 -0.051731613 -0.097228795 -0.076719478 0.990951300
1341845970.258244 0.390830547 -0.014579988 0.313297570 -0.050294839 -0.098158389 -0.080422074 0.990639985
1341845970.289882 0.410462499 -0.000038672 0.313631296 -0.046973601 -0.107388318 -0.079791613 0.989896238
1341845970.325836 0.455171406 -0.009009772 0.311909378 -0.052087624 -0.119499087 -0.085406654 0.987781644
1341845970.357771 0.440486908 -0.005406519 0.312836379 -0.054239411 -0.118051246 -0.093078315 0.987146616
1341845970.400198 0.468793124 -0.003870589 0.320671350 -0.056809951 -0.134022713 -0.091558240 0.985102832
1341845970.432233 0.507328808 0.018609388 0.334689319 -0.055907387 -0.151375711 -0.090449631 0.982740343
1341845970.464489 0.485164016 -0.006111719 0.321710914 -0.063355908 -0.148776487 -0.097343899 0.982026339
1341845970.500675 0.494118899 -0.009473381 0.324665517 -0.063148834 -0.154724807 -0.099112481 0.980943024
1341845970.532407 0.459752887 -0.059115857 0.329457134 -0.067339435 -0.160218284 -0.088159837 0.980827868
1341845970.567803 0.499062598 -0.010923479 0.318904907 -0.050177041 -0.166191101 -0.086501583 0.981009841
1341845970.600041 0.531186998 -0.021606065 0.337140530 -0.049371947 -0.173333973 -0.085390016 0.979911387
1341845970.631820 0.545330465 0.006907355 0.344128966 -0.037900105 -0.181907073 -0.077173308 0.979549766
1341845970.667826 0.546634674 0.008150322 0.329151511 -0.037056670 -0.182478622 -0.075581178 0.979599833
1341845970.699966 0.550874710 -0.005543733 0.336085171 -0.042901859 -0.183601350 -0.079886720 0.978809536
1341845970.735804 0.553264439 -0.029315118 0.355787784 -0.046664078 -0.188938618 -0.079799533 0.977628112
1341845970.767731 0.584044755 -0.008462519 0.357445270 -0.037195273 -0.198052689 -0.075070083 0.976604402
1341845970.799873 0.573943257 -0.008953453 0.343037456 -0.036509536 -0.195704192 -0.077064075 0.976948321
1341845970.835874 0.567076921 -0.002835402 0.345448494 -0.037354358 -0.196211889 -0.079375170 0.976629496
1341845970.867820 0.584459126 -0.002232250 0.349600762 -0.039217357 -0.201746181 -0.080282599 0.975353837
1341845970.899906 0.590393364 0.009306581 0.363297015 -0.038154900 -0.202996612 -0.084556833 0.974775255
1341845970.935978 0.613346517 -0.017923970 0.386721969 -0.041087132 -0.212335378 -0.086312592 0.972509980
1341845970.967783 0.624857187 -0.022274241 0.375855714 -0.036803074 -0.217593566 -0.082282960 0.971868336
1341845970.999794 0.633516669 -0.031877086 0.383013368 -0.035420753 -0.217526972 -0.083235063 0.971853554
1341845971.035783 0.626776516 -0.028981026 0.393365592 -0.029999088 -0.218201801 -0.085890129 0.971653700
1341845971.067826 0.637386739 -0.036154386 0.384523183 -0.028177414 -0.223860830 -0.082399242 0.970722795
1341845971.099725 0.636575103 -0.030061018 0.382466108 -0.028380407 -0.223076910 -0.085506611 0.970628619
1341845971.135748 0.641185880 -0.012679210 0.397674978 -0.025373440 -0.225309074 -0.090364218 0.969755828
1341845971.167793 0.651094556 -0.017523728 0.401249021 -0.027786860 -0.229582116 -0.088947125 0.968818009
1341845971.203833 0.658443689 -0.019281395 0.402941942 -0.033412952 -0.232014686 -0.091241449 0.967846990
1341845971.235879 0.663495421 -0.012719599 0.422376215 -0.033903956 -0.235379592 -0.093527988 0.966798544
1341845971.267817 0.689883888 -0.048444867 0.444672883 -0.040575139 -0.248166636 -0.086436830 0.963999808
1341845971.303920 0.699739158 0.005228559 0.432991356 -0.029730616 -0.248381913 -0.087275289 0.964264274
1341845971.335818 0.689578056 -0.016168386 0.426870644 -0.036058079 -0.244789928 -0.095170952 0.964219987
1341845971.367721 0.715262353 -0.028525194 0.467398971 -0.037241030 -0.256787688 -0.094493836 0.961116076
1341845971.403863 0.722071528 -0.006416227 0.445406318 -0.031215334 -0.257791847 -0.094980597 0.961013854
1341845971.436064 0.718470275 -0.015348460 0.442705601 -0.036675613 -0.254767001 -0.103665069 0.960730016
1341845971.467656 0.741833985 -0.030667486 0.475133747 -0.040615257 -0.265974373 -0.104787700 0.957406700
1341845971.503829 0.751244545 -0.002109247 0.467798591 -0.034482580 -0.269587427 -0.103070296 0.956822932
1341845971.535782 0.759745717 0.002050275 0.469695181 -0.034769319 -0.267433167 -0.113690838 0.956213892
1341845971.567956 0.757909894 -0.047254845 0.491831899 -0.044016421 -0.269570589 -0.109686539 0.955700338
1341845971.603941 0.768402338 -0.025921520 0.478961289 -0.035979435 -0.273079157 -0.100772418 0.956022084
1341845971.636365 0.791401684 -0.015443006 0.480249763 -0.037774175 -0.273128152 -0.107106023 0.955249906
1341845971.671762 0.788194597 -0.042560693 0.498415977 -0.043462917 -0.272017300 -0.108090937 0.955214024
1341845971.703863 0.793772697 -0.036414914 0.493680775 -0.036958139 -0.273519903 -0.098792948 0.956065357
1341845971.735710 0.823023796 -0.015438509 0.490513325 -0.031544749 -0.272955537 -0.099943027 0.956300974
1341845971.771695 0.823119760 -0.047689244 0.517162859 -0.036714297 -0.270509332 -0.099418826 0.956866026
1341845971.803762 0.821021914 -0.036314916 0.508103430 -0.027642112 -0.268155813 -0.089097895 0.958848238
1341845971.835834 0.837883651 -0.017578209 0.507861018 -0.022746604 -0.269559383 -0.086934261 0.958781898
1341845971.871793 0.832629263 -0.027504075 0.512528837 -0.028093673 -0.266185224 -0.091063924 0.959199429
1341845971.903763 0.836107194 -0.036850002 0.525615752 -0.026535161 -0.269328952 -0.085473694 0.958880603
1341845971.939872 0.838738203 -0.031645503 0.510747135 -0.022930712 -0.268645853 -0.084353030 0.959264398
1341845971.971790 0.838076770 -0.024301315 0.508171141 -0.024078209 -0.266644120 -0.089258030 0.959350884
1341845972.003888 0.840264261 -0.052689962 0.525508583 -0.030136744 -0.269839078 -0.087261654 0.958469629
1341845972.039793 0.837525010 -0.033901729 0.515111208 -0.022415087 -0.269279689 -0.085712962 0.958978295
1341845972.071849 0.835944235 -0.033874132 0.506322503 -0.021839261 -0.266354293 -0.087526500 0.959644496
1341845972.107796 0.829188168 -0.042090818 0.517733395 -0.022786651 -0.265679598 -0.087128438 0.959845662
1341845972.139775 0.830203354 -0.042074047 0.516680300 -0.017790856 -0.267355829 -0.084393010 0.959730268
1341845972.171696 0.824735343 -0.037539274 0.499606282 -0.016793014 -0.264624000 -0.085161030 0.960437238
1341845972.207893 0.813710093 -0.034895491 0.499888927 -0.018356014 -0.261785209 -0.089723185 0.960771203
1341845972.270076 0.804573774 -0.049560662 0.505025387 -0.016010076 -0.263155580 -0.078408539 0.961428583
1341845972.301845 0.794898748 -0.044185918 0.496068835 -0.014618983 -0.259517968 -0.075859822 0.962643266
1341845972.334234 0.784937620 -0.036386158 0.502284825 -0.011806089 -0.257601351 -0.073721193 0.963362515
1341845972.369757 0.779435813 -0.036185037 0.501429737 -0.007122450 -0.256894827 -0.067710184 0.964038193
1341845972.401738 0.758178771 -0.029180367 0.488481522 -0.002816368 -0.250536680 -0.063546978 0.966015100
1341845972.437788 0.751057863 -0.035877615 0.493129134 -0.003469666 -0.249415800 -0.060192250 0.966517746
1341845972.469777 0.740734994 -0.042142190 0.485787153 -0.003475424 -0.247078568 -0.057028390 0.967309594
1341845972.501817 0.732937515 -0.033593934 0.488859832 -0.000053506 -0.243623003 -0.055802207 0.968263388
1341845972.537909 0.721128523 -0.031001877 0.492854565 0.003630758 -0.239604101 -0.052635085 0.969436049
1341845972.569894 0.707800567 -0.035798311 0.488448948 0.006495674 -0.235325560 -0.045283254 0.970839381
1341845972.601946 0.694256186 -0.037400611 0.482351243 0.009571037 -0.226774350 -0.043567490 0.972925305
1341845972.637827 0.675979972 -0.038757905 0.488515824 0.012448907 -0.218990758 -0.042303573 0.974729955
1341845972.669939 0.671524525 -0.064749040 0.485383421 0.011584489 -0.215227380 -0.037759416 0.975764930
1341845972.705766 0.663636148 -0.046026420 0.482972652 0.023152158 -0.208458558 -0.034725383 0.977140248
1341845972.737731 0.632606387 -0.042723577 0.470699966 0.027035391 -0.197339132 -0.034397542 0.979358554
1341845972.770011 0.622413456 -0.040533148 0.476752490 0.029743196 -0.192750156 -0.031531855 0.980289996
1341845972.805697 0.606294692 -0.039871141 0.471865445 0.031362187 -0.186674625 -0.028276881 0.981513858
1341845972.837902 0.595552862 -0.059418593 0.469613850 0.029394856 -0.182859182 -0.026184045 0.982350707
1341845972.869858 0.575054467 -0.052187286 0.464675069 0.032295931 -0.178484470 -0.020444993 0.983200014
1341845972.905813 0.558751941 -0.054742001 0.462244123 0.031646047 -0.176291361 -0.019402171 0.983637869
1341845972.937837 0.553675771 -0.054678369 0.465774357 0.032868654 -0.174875215 -0.019251177 0.983853519
1341845973.006643 0.523754478 -0.053353135 0.462184429 0.033393577 -0.171870872 -0.018453989 0.984380364
1341845973.037797 0.516346931 -0.038917597 0.462471902 0.035617311 -0.170197323 -0.020561200 0.984551430
1341845973.073733 0.511050642 -0.062286880 0.462208927 0.030444227 -0.168042824 -0.020640170 0.985093296
1341845973.106021 0.501219392 -0.067391895 0.458817959 0.033438403 -0.164920092 -0.020316152 0.985530555
1341845973.137862 0.490600049 -0.048155822 0.456002355 0.040363226 -0.161122382 -0.019405071 0.985917747
1341845973.173821 0.489116162 -0.054818790 0.457272947 0.038862117 -0.159591198 -0.020180840 0.986211479
1341845973.205866 0.477302700 -0.066594020 0.457403451 0.038705669 -0.157131761 -0.019991418 0.986616373
1341845973.241913 0.468831629 -0.048959766 0.453553706 0.046326075 -0.153133601 -0.018010667 0.986954749
1341845973.273972 0.450753778 -0.059557106 0.445547789 0.044403415 -0.147489741 -0.018955633 0.987884521
1341845973.306456 0.448120058 -0.047154028 0.441573620 0.048414376 -0.147333756 -0.019808115 0.987702608
1341845973.341851 0.436921537 -0.054689992 0.445340097 0.048541471 -0.144279361 -0.016927222 0.988200724
1341845973.373892 0.433780819 -0.063559607 0.442848474 0.048995949 -0.142077580 -0.015110395 0.988526702
1341845973.409787 0.419836164 -0.060289372 0.438370436 0.054165315 -0.138372660 -0.011719175 0.988828480
1341845973.441766 0.401564032 -0.038823884 0.432494402 0.060059957 -0.133348420 -0.010616592 0.989190698
1341845973.474155 0.403209418 -0.053162999 0.432789564 0.055608157 -0.130016804 -0.009380619 0.989906788
1341845973.509824 0.399454832 -0.050351124 0.424632579 0.060028236 -0.125732183 -0.006991650 0.990221798
1341845973.541876 0.390968829 -0.051980674 0.418347359 0.063161619 -0.119559906 -0.001325827 0.990814984
1341845973.573858 0.367935717 -0.047938891 0.414771289 0.066303067 -0.111148000 -0.000805309 0.991589308
1341845973.609706 0.366131544 -0.051451657 0.411904782 0.069904335 -0.107155696 0.001479696 0.991780639
1341845973.641832 0.351717412 -0.043518316 0.406339228 0.074487038 -0.102250129 0.004689977 0.991954923
1341845973.677783 0.347290814 -0.032433882 0.399050385 0.074384734 -0.097028375 0.004118771 0.992489517
1341845973.709911 0.314912558 -0.045705978 0.386047930 0.070535541 -0.087721489 0.004430255 0.993634760
1341845973.741811 0.312868744 -0.037623316 0.388035536 0.074654154 -0.086792938 0.008054177 0.993392587
1341845973.777893 0.302274317 -0.033147428 0.382360488 0.075658314 -0.080683358 0.009353977 0.993820190
1341845973.810234 0.293611139 -0.027139815 0.371615440 0.075578384 -0.073812373 0.008324582 0.994369328
1341845973.841682 0.276024401 -0.036755785 0.365808874 0.074800849 -0.066698395 0.012475215 0.994887173
1341845973.877808 0.279082537 -0.032130085 0.366440386 0.079076178 -0.062519394 0.015250470 0.994789243
1341845973.909935 0.253946513 -0.017107788 0.355625182 0.080978036 -0.050889723 0.016101740 0.995285630
1341845973.946008 0.252077252 -0.022421356 0.350058705 0.076397158 -0.045822725 0.021109147 0.995800257
1341845973.977874 0.234611705 -0.029918415 0.345814258 0.074969836 -0.038010836 0.023911459 0.996174157
1341845974.009966 0.226096198 -0.030206341 0.339607984 0.077194825 -0.033863705 0.027362961 0.996065021
1341845974.045762 0.222942322 -0.023231355 0.331656098 0.077649496 -0.030518411 0.028452920 0.996107280
1341845974.077904 0.210788310 -0.023059705 0.314648002 0.073621899 -0.022235880 0.024658514 0.996733308
1341845974.109840 0.192248657 -0.027949292 0.304567635 0.069469944 -0.013877327 0.019088278 0.997304857
1341845974.145742 0.186293945 -0.032675825 0.306558996 0.067511924 -0.010091346 0.019351110 0.997479737
1341845974.177833 0.173657238 -0.038847949 0.295676500 0.068126887 -0.002927686 0.018155100 0.997507155
1341845974.213769 0.174806088 -0.038404483 0.291428089 0.070078142 0.003375203 0.016950497 0.997391760
1341845974.245781 0.161788061 -0.042747915 0.293837696 0.071177073 0.011828783 0.019182246 0.997209072
1341845974.278874 0.147603929 -0.048619788 0.291293263 0.076080352 0.018867791 0.018685998 0.996748030
1341845974.313829 0.133691937 -0.039809987 0.279986054 0.078803137 0.022248780 0.019445876 0.996452153
1341845974.345963 0.122311465 -0.037796557 0.277313501 0.079249904 0.019964833 0.022961715 0.996390283
1341845974.381701 0.117517784 -0.045137327 0.271590620 0.080322176 0.019910570 0.022885488 0.996307254
1341845974.413828 0.108807892 -0.035907909 0.268360168 0.081453472 0.019844988 0.022557721 0.996224225
1341845974.445772 0.093139879 -0.035333402 0.269791752 0.079097405 0.018531512 0.022086350 0.996449888
1341845974.481775 0.095974185 -0.036586907 0.265603006 0.076777622 0.016002689 0.020423785 0.996710598
1341845974.513798 0.090302594 -0.037144199 0.264911473 0.075943746 0.018240999 0.013014332 0.996860325
1341845974.545930 0.072518475 -0.027529581 0.278724700 0.075279675 0.018358698 0.006834492 0.996969998
1341845974.581793 0.074788570 -0.027408637 0.273597836 0.069762804 0.016236743 -0.003620040 0.997424901
1341845974.613863 0.081385389 -0.032431044 0.271183997 0.063974351 0.021229703 -0.017782534 0.997567177
1341845974.649867 0.065468237 -0.032422423 0.279701561 0.062203787 0.024966653 -0.027637882 0.997368276
1341845974.681899 0.064513445 -0.031193234 0.278901726 0.060418807 0.023898218 -0.034185745 0.997301280
1341845974.713894 0.068059832 -0.031649660 0.274629265 0.058379840 0.026102468 -0.042047821 0.997066915
1341845974.749846 0.058299832 -0.038476642 0.286271632 0.054853290 0.033266999 -0.051313128 0.996619999
1341845974.783846 0.046446316 -0.045472275 0.293030977 0.055042285 0.034489680 -0.052461952 0.996508181
1341845974.815998 0.042963631 -0.040455688 0.300004482 0.059118290 0.032345727 -0.053154942 0.996309876
1341845974.850024 0.043018047 -0.035184525 0.293077469 0.053940862 0.037520170 -0.062229592 0.995896637
1341845974.882164 0.021174375 -0.045184668 0.323629647 0.047203925 0.040583894 -0.071556777 0.995492041
1341845974.918337 0.013637731 -0.050317075 0.325551540 0.046289708 0.037744556 -0.077448398 0.995205700
1341845974.982668 0.010765985 -0.041046258 0.315934092 0.036599204 0.037930746 -0.098163776 0.993773460
1341845975.017979 0.007121560 -0.052415457 0.316762984 0.031584822 0.037150797 -0.107360855 0.993023634
1341845975.051071 0.003524224 -0.053517319 0.321165502 0.030177217 0.036867458 -0.118536390 0.991806030
1341845975.081985 -0.000536518 -0.059730880 0.321264178 0.026757637 0.038685616 -0.128538981 0.990588307
1341845975.124057 -0.010040631 -0.071358189 0.320169508 0.025623711 0.041788291 -0.139189750 0.989051759
1341845975.149794 -0.015302540 -0.074496128 0.322071373 0.030490248 0.042536266 -0.147093967 0.987737000
1341845975.186157 -0.007551169 -0.060750317 0.312515706 0.033952054 0.040209211 -0.151908025 0.986992598
1341845975.249885 -0.020697126 -0.066039249 0.314556718 0.028238613 0.040416609 -0.174268931 0.983462989
1341845975.285858 -0.020591889 -0.062701017 0.314028710 0.028762728 0.036678266 -0.182653278 0.982071877
1341845975.318226 -0.027525993 -0.069744989 0.312773585 0.026616983 0.034715753 -0.192906529 0.980241537
1341845975.349820 -0.043499615 -0.079181321 0.322975159 0.026552672 0.035698574 -0.208530977 0.977003276
1341845975.385748 -0.042012680 -0.068803638 0.317626894 0.033094000 0.027513335 -0.214310452 0.975817025
1341845975.418586 -0.041912697 -0.072955683 0.300350100 0.028843537 0.024692696 -0.226528004 0.973264277
1341845975.453683 -0.047858320 -0.083204739 0.313727111 0.019332845 0.025623696 -0.248701066 0.968048275
1341845975.485815 -0.069735721 -0.082570128 0.326146632 0.019244444 0.021448247 -0.262404144 0.964527667
1341845975.518370 -0.049061075 -0.078966439 0.312566072 0.021046745 0.011938298 -0.267879993 0.963148415
1341845975.553830 -0.046592884 -0.071906149 0.294866830 0.016501181 0.011704455 -0.284217954 0.958546221
1341845975.585815 -0.055316407 -0.076192193 0.304342508 0.006034655 0.011123790 -0.303742975 0.952669978
1341845975.621790 -0.063288771 -0.075571701 0.316776961 0.003808361 0.007331284 -0.312863350 0.949762225
1341845975.653892 -0.060873888 -0.079616524 0.305154979 0.002662984 0.003969496 -0.325991631 0.945360541
1341845975.685822 -0.057352293 -0.073213145 0.307014942 0.000815597 0.002354676 -0.338023305 0.941134453
1341845975.721839 -0.059170857 -0.073913179 0.311780751 -0.003062926 -0.001771417 -0.346751541 0.937950373
1341845975.753916 -0.061840773 -0.077127010 0.303084642 -0.004998629 -0.003364555 -0.357399255 0.933932245
1341845975.785898 -0.059928805 -0.073178999 0.307320684 -0.005740056 -0.004652105 -0.365745217 0.930685699
1341845975.822033 -0.063881382 -0.074300878 0.305507660 -0.008091705 -0.006343863 -0.373920858 0.927403629
1341845975.853847 -0.073786542 -0.086057603 0.298550814 -0.011204854 -0.004848783 -0.386830866 0.922069848
1341845975.889898 -0.068331122 -0.078572661 0.308487475 -0.007351010 -0.004718865 -0.394496620 0.918855846
1341845975.921738 -0.071275614 -0.081418291 0.299784362 -0.007171544 -0.004001326 -0.402989596 0.915167689
1341845975.953818 -0.074493513 -0.083343260 0.290078789 -0.007549494 -0.000434166 -0.416311294 0.909190714
1341845975.990225 -0.063213758 -0.072315767 0.295307100 -0.004973457 0.000687517 -0.427153558 0.904165149
1341845976.021756 -0.063773856 -0.075524405 0.296045274 -0.007955031 0.000592840 -0.438355237 0.898766398
1341845976.053955 -0.066285104 -0.074119680 0.305100858 -0.008001199 0.000311886 -0.452786207 0.891583145
1341845976.089793 -0.059902102 -0.074833751 0.292139560 -0.008696881 -0.000167502 -0.467174143 0.884122550
1341845976.121752 -0.064167723 -0.072775491 0.297005445 -0.013143070 -0.001443002 -0.482989907 0.875526071
1341845976.157709 -0.067355767 -0.073229291 0.296184987 -0.016073328 -0.002715499 -0.499597192 0.866104424
1341845976.189850 -0.071315169 -0.077331223 0.285603225 -0.018152485 -0.000188354 -0.517974377 0.855203450
1341845976.221929 -0.071451880 -0.063805632 0.309736401 -0.015803548 -0.000421038 -0.531038523 0.847200155
1341845976.257665 -0.074514061 -0.062106904 0.310043454 -0.015672715 -0.004375590 -0.540990055 0.840871572
1341845976.289829 -0.081563033 -0.072167568 0.293984234 -0.018766170 -0.004671677 -0.555751264 0.831123650
1341845976.321779 -0.076811448 -0.069311105 0.296984076 -0.019293290 -0.004122560 -0.565687418 0.824383676
1341845976.357875 -0.075605169 -0.063067354 0.314438671 -0.017280998 -0.007128743 -0.570133090 0.821339607
1341845976.389787 -0.087409422 -0.071827516 0.298641622 -0.020071892 -0.008120202 -0.578163564 0.815633535
1341845976.425771 -0.080287404 -0.059926566 0.290348887 -0.020150341 -0.004834013 -0.586447597 0.809722066
1341845976.457783 -0.081700377 -0.055293255 0.309904814 -0.018206792 -0.003219389 -0.591031313 0.806436658
1341845976.490566 -0.085400276 -0.059256263 0.305324197 -0.014664016 -0.005491373 -0.593490899 0.804688334
1341845976.525853 -0.079344518 -0.059620995 0.288389951 -0.013314991 -0.005768797 -0.598056436 0.801322639
1341845976.557683 -0.073548764 -0.065032095 0.284765810 -0.015185483 -0.005681509 -0.605791390 0.795458257
1341845976.593985 -0.070870504 -0.057545841 0.286264598 -0.014844770 -0.006014621 -0.613490105 0.789539933
1341845976.625785 -0.076239243 -0.052538536 0.278326571 -0.016726457 -0.003907398 -0.624138474 0.781124890
1341845976.657816 -0.080714792 -0.046229772 0.277084321 -0.020542948 0.001768892 -0.638109922 0.769669116
1341845976.693834 -0.069844209 -0.048619900 0.275783896 -0.026203215 0.004324020 -0.651568532 0.758124769
1341845976.725744 -0.071559958 -0.049747109 0.281698078 -0.029920310 0.004406463 -0.659803689 0.750829160
1341845976.757761 -0.077935167 -0.049743898 0.283702761 -0.032618038 0.006353484 -0.667893171 0.743514895
1341845976.793836 -0.077185929 -0.048467726 0.287561119 -0.032712810 0.006958577 -0.671828449 0.739951313
1341845976.826300 -0.078165263 -0.048170164 0.285481393 -0.032594942 0.008472840 -0.675190449 0.736874223
1341845976.861779 -0.081918314 -0.045855053 0.297370166 -0.030138303 0.011018075 -0.678245127 0.734134734
1341845976.893752 -0.074540019 -0.051038168 0.289317399 -0.027671665 0.010966748 -0.679136574 0.733408153
1341845976.925967 -0.065509342 -0.048735123 0.288932413 -0.027344855 0.011236231 -0.679059327 0.733487904
1341845976.961807 -0.070016928 -0.046860278 0.293028861 -0.026320409 0.012883595 -0.681515336 0.731216908
1341845976.993832 -0.061630320 -0.051634338 0.283744693 -0.025808549 0.012618283 -0.681826770 0.730949342
1341845977.025851 -0.069937661 -0.052893277 0.282571614 -0.029358359 0.014900283 -0.682821572 0.729842961
1341845977.061870 -0.074785598 -0.053244211 0.279773504 -0.030614311 0.019031532 -0.686438799 0.726293504
1341845977.093926 -0.065245785 -0.052891254 0.288652480 -0.024457673 0.020290297 -0.684135795 0.728662014
1341845977.129845 -0.060291070 -0.049109966 0.299362153 -0.017178526 0.018358039 -0.678601801 0.734075904
1341845977.161883 -0.066129200 -0.053756405 0.284641355 -0.017464288 0.019487897 -0.678684711 0.733963370
1341845977.193791 -0.062744789 -0.053909663 0.292635322 -0.017222192 0.021666991 -0.678454161 0.734121144
1341845977.229795 -0.069206156 -0.055542637 0.293877333 -0.015905101 0.023659403 -0.676061928 0.736293137
1341845977.261832 -0.063463643 -0.056655411 0.278347373 -0.012932946 0.024499791 -0.667860150 0.743771017
1341845977.293884 -0.053255450 -0.061345931 0.269621998 -0.005783613 0.025377627 -0.653294384 0.756656468
1341845977.329839 -0.053800382 -0.063131966 0.281359971 0.000115574 0.028511800 -0.642278671 0.765940726
1341845977.361782 -0.046715915 -0.066252187 0.292822868 0.006545903 0.027151516 -0.625927091 0.779381275
1341845977.397810 -0.055952720 -0.073862553 0.278537661 0.010418077 0.029326530 -0.615264952 0.787705839
1341845977.429761 -0.060709417 -0.072863765 0.282727689 0.013002515 0.032269161 -0.604814470 0.795606136
1341845977.461824 -0.053198565 -0.069232710 0.285093307 0.018339837 0.031559948 -0.592671752 0.804616570
1341845977.498015 -0.052739564 -0.076278605 0.285993338 0.022571277 0.029411206 -0.580812573 0.813192606
1341845977.529931 -0.049709182 -0.077511683 0.274185032 0.024664806 0.028863892 -0.571650863 0.819618106
1341845977.562577 -0.049585540 -0.081362367 0.274865448 0.024675444 0.030212056 -0.565193534 0.824035585
1341845977.597887 -0.053684834 -0.083517984 0.274287611 0.028227517 0.031052820 -0.553990126 0.831464887
1341845977.634076 -0.050715398 -0.081468768 0.277522475 0.032930639 0.031743843 -0.541647255 0.839360595
1341845977.666205 -0.054958761 -0.081821859 0.276838303 0.035100680 0.033670750 -0.528501034 0.847538114
1341845977.704065 -0.051263344 -0.091161877 0.269961447 0.037722416 0.034618773 -0.511551559 0.857725799
1341845977.737376 -0.054727241 -0.091630191 0.280521661 0.043949425 0.036020804 -0.492562562 0.868419886
1341845977.803839 -0.045551121 -0.089714289 0.279495955 0.050636280 0.037397549 -0.461642295 0.884829819
1341845977.865926 -0.047962904 -0.091917917 0.283615828 0.057171002 0.037830204 -0.425666392 0.902279615
1341845977.897857 -0.044831242 -0.084703453 0.263249755 0.058912296 0.040834047 -0.409866303 0.909324765
1341845977.933745 -0.045678291 -0.092087254 0.271881580 0.057609364 0.041819446 -0.393329024 0.916637659
1341845977.965785 -0.042783078 -0.094805405 0.277577311 0.061598599 0.041726571 -0.376026839 0.923616946
1341845977.997875 -0.044015966 -0.099477001 0.269158959 0.061993159 0.044102229 -0.360066831 0.929819167
1341845978.033893 -0.043718148 -0.088734709 0.279999793 0.065652415 0.046448920 -0.341896117 0.936290205
1341845978.065776 -0.040765043 -0.094009839 0.281918913 0.068207309 0.046314269 -0.323576570 0.942603290
1341845978.101685 -0.038546842 -0.092576556 0.277350962 0.072064169 0.048156448 -0.303837627 0.948773086
1341845978.133916 -0.045338314 -0.093805611 0.285904616 0.076490201 0.051002361 -0.284314841 0.954312861
1341845978.166013 -0.035867147 -0.087674893 0.270643979 0.081297137 0.051524144 -0.263830096 0.959755003
1341845978.201775 -0.033632424 -0.082528569 0.275746286 0.082759395 0.053403221 -0.242033944 0.965255678
1341845978.233774 -0.038497791 -0.087920845 0.272692978 0.082074001 0.056920387 -0.224991143 0.969227970
1341845978.266075 -0.037490197 -0.088665389 0.288337171 0.084188916 0.058521003 -0.206828952 0.972989857
1341845978.301839 -0.038519334 -0.089268528 0.295186162 0.086469673 0.059890747 -0.181725934 0.977707386
1341845978.333873 -0.039996229 -0.098529130 0.293420821 0.090843387 0.060714729 -0.157954037 0.981382549
1341845978.369922 -0.039022096 -0.102969483 0.289902478 0.095496692 0.062515453 -0.133532479 0.984449744
1341845978.401825 -0.036090676 -0.090298280 0.307164878 0.099560335 0.063149408 -0.110699728 0.986836076
1341845978.433846 -0.035694964 -0.081145249 0.313831002 0.104088865 0.064059056 -0.085406780 0.988821328
1341845978.469873 -0.039292239 -0.085873745 0.309388846 0.108622104 0.066829726 -0.067846976 0.989510894
1341845978.501917 -0.041422304 -0.078186639 0.309623212 0.110834591 0.067590170 -0.051406220 0.990204334
1341845978.533810 -0.042215314 -0.081556797 0.315156013 0.107373826 0.065755330 -0.034642655 0.991436839
1341845978.569963 -0.045778118 -0.094840795 0.318152696 0.107171431 0.067883469 -0.023363419 0.991645217
1341845978.602229 -0.046313241 -0.087998554 0.314044267 0.112430394 0.069576778 -0.006460697 0.991199672
1341845978.638563 -0.052363016 -0.091529213 0.324195176 0.116812013 0.069490179 0.010864843 0.990660429
1341845978.677613 -0.053522203 -0.089020491 0.323541284 0.119506031 0.070831940 0.024996132 0.989988029
1341845978.711940 -0.056620970 -0.091520652 0.325617999 0.118901469 0.072814733 0.035899766 0.989581585
1341845978.744132 -0.060637437 -0.093695380 0.328005552 0.119228683 0.073840879 0.047314245 0.988986075
1341845978.776002 -0.060528152 -0.101951398 0.330739260 0.121803135 0.073928744 0.060312588 0.987957954
1341845978.813431 -0.057004537 -0.092152201 0.323073566 0.124513827 0.074606590 0.071050420 0.986854553
1341845978.871942 -0.054468632 -0.096728012 0.325153649 0.129860282 0.077522457 0.103552327 0.983058214
1341845978.906198 -0.051970508 -0.097190097 0.331185609 0.136708140 0.080705665 0.123723425 0.979535580
1341845978.938406 -0.053457960 -0.094428398 0.324631929 0.140245229 0.083373129 0.143012598 0.976180077
1341845978.970707 -0.050429009 -0.095850185 0.330061644 0.145116508 0.085367776 0.160803124 0.972520411
1341845979.008922 -0.050492730 -0.096041642 0.331711113 0.146125436 0.088740714 0.177138373 0.969223619
1341845979.038481 -0.046675697 -0.093238965 0.332454473 0.148182377 0.091827691 0.194113538 0.965364993
1341845979.106609 -0.048942022 -0.097975738 0.334024072 0.154949144 0.097474217 0.227732867 0.956361473
1341845979.138100 -0.038266756 -0.108872481 0.332218945 0.161026716 0.100417241 0.247507364 0.950119376
1341845979.174196 -0.039027479 -0.099960849 0.340207249 0.167001471 0.104047514 0.264634430 0.944062054
1341845979.207845 -0.043003995 -0.095151454 0.337240309 0.165432945 0.107513376 0.278434098 0.939971924
1341845979.238051 -0.031280007 -0.098319694 0.329552293 0.165292278 0.109207220 0.292699546 0.935456693
1341845979.275090 -0.025872111 -0.099278681 0.338802069 0.172302589 0.113219887 0.307769954 0.928854525
1341845979.306155 -0.036012050 -0.096078217 0.328210682 0.174196616 0.117629908 0.324807733 0.922127247
1341845979.341682 -0.028076658 -0.100070886 0.330984175 0.176261202 0.121473067 0.348046541 0.912710190
1341845979.373833 -0.016946584 -0.101397537 0.347685367 0.186107948 0.125177950 0.370330483 0.901415348
1341845979.405940 -0.025433252 -0.101067834 0.332615286 0.187757805 0.127080590 0.385515213 0.894413531
1341845979.441794 -0.033912778 -0.094920427 0.362530231 0.187572703 0.128898516 0.404527277 0.885753512
1341845979.506448 -0.024836641 -0.099651165 0.312008083 0.196286604 0.133265257 0.437753439 0.867227674
1341845979.541810 -0.021434713 -0.101904757 0.325720936 0.196573809 0.130545139 0.453620046 0.859386742
1341845979.573970 -0.002801752 -0.106765263 0.367613703 0.194380283 0.132425472 0.465890050 0.853010118
1341845979.610159 -0.019573608 -0.104955584 0.329843521 0.192642644 0.133186594 0.485759020 0.842133164
1341845979.641873 -0.020990264 -0.106085919 0.322870880 0.193871647 0.131125063 0.499435931 0.834136546
1341845979.673902 -0.027222028 -0.092177935 0.350862026 0.192379981 0.130876675 0.510454655 0.827826858
1341845979.709834 -0.018621471 -0.100038305 0.323183656 0.182822227 0.132200211 0.527342498 0.819151402
1341845979.741768 -0.017986504 -0.125564769 0.348388046 0.184505329 0.130450174 0.543216705 0.808613718
1341845979.773945 -0.001917356 -0.111742936 0.343575388 0.189739630 0.129259318 0.559103966 0.796676636
1341845979.809735 -0.019548969 -0.093568176 0.336436749 0.190959468 0.130272508 0.576092720 0.784015775
1341845979.841996 -0.027174370 -0.091617383 0.324882358 0.186760068 0.128777102 0.585988760 0.777916670
1341845979.877871 -0.033061873 -0.100249164 0.381195396 0.183788702 0.128396913 0.599534869 0.768305838
1341845979.909740 -0.023228725 -0.105237693 0.375430852 0.179941475 0.128499955 0.609508634 0.761319876
1341845979.942014 -0.024466159 -0.093466297 0.340397894 0.175840944 0.127887964 0.621379733 0.752736270
1341845979.977959 -0.021233113 -0.084639400 0.335066497 0.173048943 0.125533551 0.632225752 0.744705319
1341845980.009881 0.009081807 -0.091634579 0.376397640 0.171752483 0.125383154 0.640516222 0.737915337
1341845980.045974 -0.013758414 -0.086651862 0.329113364 0.169644713 0.125414282 0.648143768 0.731711388
1341845980.077990 -0.022818126 -0.083738551 0.335550994 0.165629998 0.122221962 0.655357122 0.726729333
1341845980.109753 -0.002883436 -0.083545223 0.348278135 0.164363295 0.121804200 0.662950516 0.720170140
1341845980.145844 0.004294907 -0.080512635 0.339529961 0.161872789 0.118084505 0.671451032 0.713447094
1341845980.177822 0.005095136 -0.074790888 0.346934080 0.161638141 0.116026849 0.678218842 0.707410812
1341845980.209884 -0.009387556 -0.081904992 0.343796790 0.162074894 0.119499259 0.683578134 0.701550126
1341845980.246566 -0.032923531 -0.087515898 0.358871549 0.160036474 0.115687601 0.689544022 0.696802497
1341845980.277813 0.005962952 -0.077435419 0.352859914 0.158721119 0.107804887 0.696986437 0.690938234
1341845980.313780 0.002474078 -0.074714035 0.344788700 0.164663538 0.109474443 0.703148067 0.682996392
1341845980.345768 -0.031275839 -0.070856340 0.313823462 0.164578035 0.109836616 0.700383663 0.685793519
1341845980.377905 -0.007976891 -0.073689409 0.341806650 0.160474330 0.102520555 0.699625432 0.688666761
1341845980.413651 -0.001719604 -0.077175356 0.345991850 0.163130820 0.106636755 0.697679043 0.689391673
1341845980.445742 -0.014265551 -0.084753558 0.333559781 0.161821082 0.107172035 0.696708143 0.690598190
1341845980.478245 0.001117356 -0.078337409 0.343770236 0.161531121 0.102428727 0.698006332 0.690074801
1341845980.513799 -0.002775325 -0.077001877 0.342202067 0.164592490 0.107523680 0.699017406 0.687548220
1341845980.546985 -0.014024539 -0.085658334 0.330190718 0.164289817 0.105670758 0.699868441 0.687041938
1341845980.581857 -0.001737122 -0.079264104 0.344786942 0.163557291 0.103731714 0.697601020 0.689812720
1341845980.614011 -0.007015279 -0.082284935 0.338579506 0.162064105 0.106831640 0.693773448 0.693542063
1341845980.646075 -0.008498733 -0.083449207 0.329727083 0.160422012 0.105279744 0.685675621 0.702160835
1341845980.681743 -0.016156135 -0.086814731 0.329861194 0.160643324 0.105632886 0.670679390 0.716396928
1341845980.713878 -0.001212251 -0.090936795 0.368712425 0.166746885 0.112804092 0.651717961 0.731255352
1341845980.745857 -0.000500558 -0.095722280 0.390897542 0.169440731 0.117557973 0.631647885 0.747322500
1341845980.781789 -0.018179407 -0.090475187 0.329398841 0.161858872 0.121642448 0.603363395 0.771334827
1341845980.813856 -0.016356517 -0.089016467 0.313485622 0.160664737 0.132305861 0.576494098 0.790149748
1341845980.849947 -0.028751243 -0.090944208 0.314300418 0.160559863 0.141634122 0.559717536 0.800547659
1341845980.881654 -0.015592464 -0.103499040 0.365145206 0.166788474 0.144963101 0.549355209 0.805838823
1341845980.913789 -0.022379249 -0.095644593 0.359242350 0.174598217 0.147653073 0.539149046 0.810575306
1341845980.949937 -0.030939789 -0.097955912 0.351130217 0.178785592 0.148760214 0.531104803 0.814760029
1341845980.981906 -0.039764538 -0.094445199 0.316372246 0.180697203 0.145364687 0.521441460 0.821167707
1341845981.017867 -0.034882382 -0.094778031 0.350995719 0.182989463 0.142268807 0.509143651 0.828883111
1341845981.049727 -0.037293125 -0.096744373 0.341858000 0.182356983 0.140827134 0.494551957 0.838052511
1341845981.081877 -0.046990130 -0.103584290 0.360498458 0.181971848 0.138727948 0.478175610 0.847932100
1341845981.117941 -0.040314086 -0.103677921 0.361615628 0.180954039 0.136178270 0.452441722 0.862558722
1341845981.150069 -0.042219434 -0.100378111 0.356731266 0.174549401 0.134179294 0.427484900 0.876803875
1341845981.181996 -0.068411656 -0.104178473 0.319927126 0.168530494 0.136139780 0.402345330 0.889483929
1341845981.217830 -0.050270643 -0.110605113 0.348438293 0.166138709 0.131407410 0.372391194 0.903578877
1341845981.249922 -0.043162089 -0.085791960 0.356638551 0.164214268 0.128043726 0.350790799 0.913008332
1341845981.285840 -0.062498085 -0.092983648 0.311970353 0.158987537 0.131541923 0.311964035 0.927414775
1341845981.317832 -0.062964477 -0.089105695 0.300354689 0.153936833 0.128016487 0.283069372 0.937969565
1341845981.349932 -0.076662719 -0.086207576 0.285586387 0.142914161 0.126064166 0.250407308 0.949199438
1341845981.385812 -0.057917483 -0.087674357 0.319954872 0.129730031 0.126627520 0.217418224 0.959095836
1341845981.417735 -0.059815988 -0.089643620 0.318947196 0.125822797 0.126692638 0.195717469 0.964267731
1341845981.449800 -0.058665860 -0.095789053 0.325292349 0.128471747 0.124888226 0.175241321 0.968084931
1341845981.485916 -0.057143699 -0.092638232 0.319683433 0.122025147 0.128209665 0.152330101 0.972351611
1341845981.517844 -0.064803191 -0.081810348 0.319956481 0.115547195 0.129398316 0.132817134 0.975840390
1341845981.553971 -0.056933671 -0.080858350 0.320332170 0.114850901 0.123211771 0.118236557 0.978595018
1341845981.585866 -0.050808690 -0.053785078 0.309273332 0.107586794 0.122298822 0.099696644 0.981594980
1341845981.617907 -0.054390009 -0.070588253 0.334197462 0.099526525 0.122617744 0.084146164 0.983859122
1341845981.653938 -0.060314897 -0.088983417 0.331195235 0.100329407 0.118809029 0.076428041 0.984874189
1341845981.685889 -0.055044245 -0.081298247 0.329492271 0.100259572 0.116293050 0.068478391 0.985765994
1341845981.718038 -0.055193830 -0.092125759 0.340417832 0.095750161 0.117721461 0.057471614 0.986747444
1341845981.753884 -0.061612185 -0.097734891 0.339436561 0.097160332 0.118703946 0.051275875 0.986833334
1341845981.785897 -0.060061213 -0.092636392 0.328916937 0.100216374 0.114860669 0.048953753 0.987100422
1341845981.822013 -0.054134592 -0.092472196 0.321964741 0.099976823 0.113441423 0.041070774 0.987648129
1341845981.853820 -0.054217707 -0.089762412 0.326795310 0.099091448 0.116255537 0.028970037 0.987839162
1341845981.885838 -0.061333727 -0.098970093 0.335384816 0.099493816 0.116321981 0.023550209 0.987935007
1341845981.922032 -0.055494573 -0.121351615 0.323094428 0.105223268 0.115022823 0.019058684 0.987590253
1341845981.953799 -0.057695273 -0.104401477 0.322536409 0.114121251 0.116326615 0.013217026 0.986544371
1341845981.986027 -0.058911111 -0.094276480 0.314872026 0.115994886 0.115244411 0.011143137 0.986478448
1341845982.022212 -0.050809726 -0.087180935 0.309325516 0.114378855 0.111692958 0.009176067 0.987095714
1341845982.053889 -0.050922241 -0.078002550 0.312217295 0.110997498 0.110540248 0.006021015 0.987635672
1341845982.089857 -0.047685072 -0.078261577 0.313849896 0.106787860 0.109145030 0.005534377 0.988257587
1341845982.121719 -0.048245337 -0.086058334 0.308209658 0.103814535 0.108016208 0.005307760 0.988699615
1341845982.153770 -0.043759774 -0.093098715 0.303738594 0.104416639 0.104528703 0.006221565 0.989005685
1341845982.190068 -0.035702083 -0.091289282 0.292343974 0.105838425 0.105065629 0.007000523 0.988792419
1341845982.222482 -0.040813711 -0.087619036 0.296524197 0.108005643 0.105725467 0.007877217 0.988481104
1341845982.259008 -0.033879273 -0.071453787 0.274606198 0.108542882 0.102101326 0.008687231 0.988796413
1341845982.291023 -0.023160072 -0.072310910 0.262407541 0.101739183 0.100697875 0.007646443 0.989671946
1341845982.327843 -0.028493630 -0.073247395 0.265866071 0.098163471 0.101227067 0.004880026 0.989996552
1341845982.421902 -0.021261383 -0.064102516 0.251464009 0.082063809 0.095112823 0.008825401 0.992038906
1341845982.457800 -0.022703588 -0.063657075 0.253752142 0.081921376 0.095047474 0.012399625 0.992018700
1341845982.490452 -0.017274750 -0.051688269 0.235925645 0.082779169 0.092527129 0.019382644 0.992073894
1341845982.526007 -0.004357341 -0.038944509 0.222966284 0.079497680 0.091644645 0.021760898 0.992374837
1341845982.592787 -0.013597894 -0.027178030 0.231158569 0.073124632 0.087451622 0.028155459 0.993082166
1341845982.626246 0.000184625 -0.031568095 0.207671970 0.068187319 0.084686778 0.029142251 0.993644476
1341845982.689935 -0.013658045 0.001971544 0.226131305 0.054049324 0.080509111 0.033250794 0.994731784
1341845982.731856 -0.017228169 0.027919171 0.260307223 0.047277957 0.075255610 0.039977305 0.995240271
1341845982.763845 -0.020582089 0.024977861 0.277007073 0.036059219 0.076335035 0.036831014 0.995749056
1341845982.796143 -0.008952188 0.003731050 0.237303093 0.025796782 0.073769197 0.036944065 0.996256888
1341845982.831723 -0.002793959 0.000400950 0.183519334 0.021331150 0.069155350 0.040070184 0.996572554
1341845982.863934 0.010551806 0.017587883 0.160099015 0.017890798 0.065957248 0.040665645 0.996832907
1341845982.899816 0.003622942 0.024617506 0.165009499 0.012164868 0.065613650 0.037916608 0.997050285
1341845982.931713 -0.009830492 0.032307155 0.208262399 0.008105446 0.062054072 0.038518172 0.997296333
1341845982.963912 0.011855328 0.037097495 0.151042730 0.001400680 0.057342917 0.037099410 0.997663975
1341845982.999924 -0.004132175 0.042855691 0.194607869 -0.003255725 0.059288830 0.032815516 0.997696042
1341845983.031814 -0.010700026 0.038917352 0.195969090 -0.007742732 0.056796189 0.030296754 0.997895956
1341845983.067798 0.000830329 0.050799418 0.176289931 -0.010006264 0.051948074 0.032903150 0.998057425
1341845983.099710 0.008576774 0.047854368 0.130509287 -0.019151362 0.051408004 0.028076192 0.998099267
1341845983.131896 0.000977230 0.055079829 0.139039949 -0.024993498 0.050803307 0.024283065 0.998100519
1341845983.167777 -0.001727322 0.045723230 0.138816670 -0.029247835 0.047651723 0.023678306 0.998154938
1341845983.199716 0.002478955 0.045949496 0.129504561 -0.029927613 0.045638517 0.021448983 0.998279214
1341845983.235789 0.003749106 0.041590560 0.117450625 -0.032511313 0.045823611 0.016845735 0.998278260
1341845983.267839 0.004893230 0.049233977 0.110011309 -0.031621259 0.045564786 0.017252393 0.998311698
1341845983.299732 0.006567998 0.048933599 0.103278697 -0.030914841 0.044355310 0.016723523 0.998397350
1341845983.335764 0.010437656 0.057268109 0.093558423 -0.031901255 0.044951547 0.014328378 0.998376846
1341845983.367849 0.008650450 0.059816353 0.093380742 -0.034815807 0.045521561 0.013001405 0.998271823
1341845983.403853 0.005506550 0.055048153 0.092059627 -0.035324223 0.044944879 0.013644928 0.998271525
1341845983.436166 0.013918540 0.056892343 0.078287289 -0.033871423 0.044423245 0.013440947 0.998347938
1341845983.467855 0.013950223 0.061957922 0.069837101 -0.033450756 0.046923395 0.012021138 0.998265862
1341845983.503861 0.013763248 0.066520348 0.061374091 -0.033441789 0.047269054 0.011798945 0.998252511
1341845983.535831 0.016235238 0.068484269 0.056883793 -0.033404548 0.046675313 0.010612530 0.998295009
1341845983.572117 0.021400122 0.065927021 0.043445647 -0.034531575 0.046816867 0.006861059 0.998282850
1341845983.603785 0.022198692 0.075142838 0.034418855 -0.035085525 0.048121892 0.004682641 0.998214066
1341845983.635679 0.022318108 0.088754743 0.026879810 -0.036542732 0.046364568 0.001756054 0.998254418
1341845983.671908 0.025394103 0.092949040 0.014301259 -0.044917539 0.044706449 -0.003154904 0.997984886
1341845983.703949 0.024072476 0.092047259 0.010619925 -0.054699603 0.045571838 -0.011180557 0.997399688
1341845983.735713 0.023917532 0.097293429 0.011333012 -0.060787831 0.044593003 -0.016150298 0.997023284
1341845983.771983 0.024655487 0.091925785 -0.003030314 -0.065647803 0.042230558 -0.016799279 0.996807277
1341845983.803724 0.023861688 0.088675559 -0.007662937 -0.065171495 0.040578865 -0.016772565 0.996907592
1341845983.836050 0.031074725 0.115509830 -0.012452922 -0.060913678 0.037864882 -0.016388223 0.997289896
1341845983.871914 0.028215291 0.113095768 -0.024067573 -0.061958525 0.037360754 -0.018785015 0.997202337
1341845983.904546 0.027971784 0.103337251 -0.025767718 -0.060655903 0.037283938 -0.016463220 0.997326314
1341845983.939732 0.029546149 0.113520041 -0.033774171 -0.050612979 0.036264066 -0.012506025 0.997981369
1341845983.971972 0.029235179 0.119186282 -0.044447750 -0.046114113 0.033811513 -0.008302577 0.998329282
1341845984.003943 0.031316619 0.117719486 -0.056004882 -0.046606369 0.033956237 -0.004597187 0.998325467
1341845984.039814 0.038843278 0.133776501 -0.072921813 -0.043800566 0.032789581 -0.003431447 0.998496175
1341845984.071924 0.038240612 0.124243692 -0.077622026 -0.046132889 0.034088079 -0.004767945 0.998342156
1341845984.103750 0.040672276 0.112875551 -0.075714320 -0.047261715 0.038714733 -0.004868038 0.998120129
1341845984.139977 0.037504666 0.114407018 -0.087571755 -0.040832974 0.043514814 -0.000103031 0.998218000
1341845984.171953 0.044513959 0.124149561 -0.093392029 -0.030522207 0.044363864 0.005863501 0.998531878
1341845984.203755 0.047471814 0.132931575 -0.120925851 -0.026323425 0.048757445 0.008090902 0.998430908
1341845984.239999 0.043139923 0.132491708 -0.117268853 -0.023805629 0.054477058 0.007767684 0.998201013
1341845984.271868 0.047975253 0.137609020 -0.125182256 -0.017903494 0.058748379 0.008386327 0.998077035
1341845984.304166 0.046245925 0.144021466 -0.129910320 -0.014967795 0.062629767 0.011124817 0.997862577
1341845984.366023 0.055418950 0.149822786 -0.152053684 -0.003837359 0.070240967 0.009863555 0.997473896
1341845984.403843 0.056908231 0.158830985 -0.162780762 -0.004076795 0.073192999 0.010281322 0.997256458
1341845984.469893 0.053334065 0.160548240 -0.166938305 -0.003555646 0.079399057 -0.001156576 0.996835887
1341845984.533876 0.064450666 0.164768100 -0.190742180 -0.005131712 0.078434415 -0.005221718 0.996892393
1341845984.570371 0.056724489 0.157002926 -0.179934651 -0.012083080 0.081761427 -0.013384888 0.996488810
1341845984.601869 0.051459100 0.140563488 -0.177375376 -0.012944159 0.086513050 -0.014399884 0.996062517
1341845984.633883 0.067740239 0.142746001 -0.194723323 -0.007658434 0.089604333 -0.011987793 0.995875835
1341845984.669661 0.061425775 0.147802204 -0.185059190 -0.008146565 0.094652086 -0.013245171 0.995388985
1341845984.701697 0.056547083 0.139339507 -0.171165824 -0.007049222 0.097701132 -0.013166112 0.995103776
1341845984.737816 0.067032941 0.134031624 -0.188280314 -0.002185804 0.099746495 -0.012696115 0.994929492
1341845984.769971 0.066806100 0.151384950 -0.184667692 0.001217100 0.103271604 -0.012542301 0.994573355
1341845984.801680 0.069000244 0.147645399 -0.184880584 -0.000135824 0.103861965 -0.012224072 0.994516611
1341845984.837943 0.075753912 0.139190599 -0.199009657 0.000917352 0.105576262 -0.014878865 0.994299471
1341845984.869774 0.076609261 0.146903604 -0.198380888 0.005418497 0.109256044 -0.013642602 0.993905246
1341845984.901904 0.073848285 0.156230733 -0.186238319 0.005414099 0.107956856 -0.011155160 0.994078219
1341845984.937830 0.078513600 0.138001755 -0.201227278 0.003903397 0.107976779 -0.016774120 0.994004250
1341845984.969931 0.079038762 0.143371895 -0.198241577 0.006358529 0.111630268 -0.017225377 0.993580163
1341845985.005758 0.075141624 0.142281696 -0.187667683 0.008534455 0.111153908 -0.017556598 0.993611455
1341845985.037996 0.078195907 0.142123044 -0.196830958 0.010810469 0.110206947 -0.018263124 0.993682027
1341845985.069753 0.080100052 0.136144504 -0.201290801 0.012999412 0.109803319 -0.021304861 0.993639946
1341845985.105902 0.080564544 0.131550461 -0.198746800 0.015272136 0.110119335 -0.022754706 0.993540466
1341845985.137721 0.082543634 0.133932695 -0.207800999 0.018212866 0.109524108 -0.023856169 0.993530869
1341845985.169874 0.085314490 0.131024510 -0.208707944 0.019201569 0.110420935 -0.024673916 0.993393004
1341845985.205765 0.083681032 0.133657470 -0.201450437 0.023951530 0.110955447 -0.022455072 0.993282914
1341845985.237899 0.087074079 0.132636964 -0.216332510 0.025631871 0.111423776 -0.023788290 0.993157506
1341845985.274008 0.084966697 0.138684332 -0.207928881 0.025927085 0.111444868 -0.023276912 0.993159592
1341845985.305922 0.078239277 0.129235893 -0.201129422 0.025784120 0.110857159 -0.023005378 0.993235469
1341845985.337748 0.079907350 0.124463595 -0.200814366 0.029305542 0.109656900 -0.023280021 0.993264616
1341845985.374220 0.082442783 0.129902020 -0.211490974 0.032415036 0.108586751 -0.021746000 0.993320346
1341845985.406011 0.084594458 0.130975544 -0.213011011 0.032644793 0.108070299 -0.021573380 0.993372917
1341845985.442252 0.084015481 0.130569726 -0.212289944 0.032610524 0.107572109 -0.022706972 0.993402839
1341845985.473860 0.079260983 0.126928583 -0.204889655 0.034189429 0.107034937 -0.021925194 0.993425369
1341845985.505802 0.084112585 0.127451777 -0.213012412 0.036921166 0.104664370 -0.019663911 0.993627489
1341845985.541999 0.088646710 0.134251535 -0.221057475 0.037154578 0.103941374 -0.018271750 0.993721247
1341845985.573799 0.083315797 0.126170829 -0.214905277 0.034984857 0.105634019 -0.021178056 0.993563831
1341845985.605839 0.080440000 0.125365421 -0.211546972 0.036572911 0.104882203 -0.018354408 0.993642449
1341845985.641753 0.087080218 0.130031690 -0.220496401 0.036988519 0.103629895 -0.016348051 0.993793488
1341845985.673719 0.085418232 0.126505911 -0.221002698 0.035667866 0.105710931 -0.018908717 0.993577063
1341845985.709785 0.083181359 0.130641297 -0.210948452 0.036119483 0.105668701 -0.016800927 0.993603170
1341845985.741805 0.085977368 0.126904935 -0.223433509 0.035581492 0.104235768 -0.015740279 0.993791282
1341845985.773867 0.087373987 0.124160506 -0.229915366 0.035225656 0.106676541 -0.017990222 0.993506730
1341845985.809875 0.083544642 0.126343593 -0.217897281 0.035894211 0.108741470 -0.016557183 0.993283808
1341845985.841811 0.084768079 0.130144238 -0.219589382 0.036494512 0.107430674 -0.013690447 0.993448198
1341845985.873899 0.089656793 0.127576783 -0.230173290 0.035180271 0.107341118 -0.014901369 0.993487895
1341845985.909743 0.082933404 0.123674922 -0.217985615 0.034386531 0.109829165 -0.016150713 0.993224204
1341845985.941740 0.079973139 0.126549512 -0.213185877 0.037157491 0.108114712 -0.012694002 0.993362665
1341845985.977718 0.085133269 0.124359749 -0.224327669 0.037905537 0.106613256 -0.012503506 0.993499100
1341845986.009726 0.084158659 0.125028551 -0.225786820 0.038291298 0.107919104 -0.014477191 0.993316472
1341845986.042156 0.082643360 0.128540054 -0.216649815 0.039311439 0.107503518 -0.012375975 0.993350148
