1341845948.747856 0.000000000 0.000000000 0.000000000 0.000000000 0.000000000 0.000000000 1.000000000
1341845948.779817 -0.003777306 -0.003534863 -0.008776781 0.002001910 0.005888287 0.001156279 0.999979973
1341845948.811832 0.002594099 -0.007224484 -0.009394301 0.003480143 0.008518630 0.003051446 0.999953032
1341845948.847804 0.007029567 -0.002014532 -0.009239604 0.006256253 0.010864950 0.004383205 0.999911785
1341845948.879918 0.005314919 0.004748746 0.000475151 0.006321631 0.014255521 0.003811013 0.999871135
1341845948.911866 0.005999408 -0.000758279 0.005893401 0.001338252 0.018108036 0.003189616 0.999830067
1341845948.947808 0.003745910 -0.004387304 0.003598672 -0.004033678 0.018840967 0.005435184 0.999799609
1341845948.979787 -0.000751687 0.000763060 0.008022281 -0.007981056 0.020229124 0.004628704 0.999752820
1341845949.011787 0.006901880 -0.006589800 0.013831026 -0.014131780 0.022201683 0.002040967 0.999651551
1341845949.047774 -0.001023128 -0.021125417 0.025483498 -0.019956011 0.025209034 0.005009370 0.999470472
1341845949.079745 0.010583078 -0.051791955 0.023365706 -0.025179440 0.023176726 0.009582133 0.999368310
1341845949.115941 0.005130780 -0.035423748 0.028576005 -0.021277372 0.026127554 0.011317872 0.999368072
1341845949.147691 0.009822997 -0.053433869 0.030533172 -0.026425662 0.029136399 0.013199619 0.999138892
1341845949.179815 0.008712308 -0.062317163 0.038647115 -0.029206492 0.032125723 0.015887642 0.998930693
1341845949.215795 0.009824803 -0.069937445 0.039661191 -0.030746058 0.034396324 0.016644470 0.998796523
1341845949.247763 0.015871866 -0.069136053 0.037935287 -0.032421354 0.037533998 0.017248621 0.998620331
1341845949.283892 0.017045971 -0.085207373 0.044132736 -0.037748802 0.042326435 0.016965430 0.998246312
1341845949.315792 0.015914852 -0.099812463 0.055989463 -0.039389797 0.046449263 0.016486796 0.998007596
1341845949.347811 0.017134564 -0.098834097 0.062327150 -0.036759607 0.049379852 0.016029179 0.997974694
1341845949.383752 0.022530193 -0.115316145 0.058577828 -0.039772026 0.052515853 0.013934948 0.997730494
1341845949.415733 0.020281749 -0.108466655 0.069990769 -0.039611507 0.054102741 0.013900546 0.997652531
1341845949.451907 0.017391505 -0.110379755 0.071834825 -0.041504506 0.055017933 0.013382262 0.997532606
1341845949.483823 0.030515956 -0.103780650 0.062678747 -0.043873511 0.054054029 0.013516395 0.997482121
1341845949.515817 0.030904626 -0.102320112 0.074985012 -0.049886875 0.054433819 0.013408517 0.997180223
1341845949.551896 0.019059395 -0.107710719 0.089163229 -0.056732867 0.053777494 0.009989231 0.996889949
1341845949.583736 0.026759978 -0.111110032 0.082748525 -0.061227001 0.051618990 0.008967191 0.996747851
1341845949.619753 0.031118382 -0.117666073 0.086640179 -0.066778407 0.051251050 0.006930972 0.996426582
1341845949.651764 0.010343510 -0.130338520 0.097665295 -0.070540406 0.053309709 0.005527578 0.996068060
1341845949.683707 0.019856635 -0.127102017 0.101573586 -0.069130383 0.047728825 0.004719349 0.996454060
1341845949.719890 0.032826684 -0.116598383 0.095759995 -0.071707197 0.045985997 0.003032549 0.996360421
1341845949.751778 0.021034202 -0.119703054 0.105000317 -0.080042288 0.048655964 0.002546609 0.995599985
1341845949.787857 0.012076596 -0.130694285 0.117215037 -0.086602584 0.047975581 0.003172717 0.995082021
1341845949.819784 0.017622264 -0.131211609 0.114100061 -0.092117935 0.044142351 0.005727015 0.994752705
1341845949.851908 0.015839161 -0.136798501 0.114022106 -0.105236918 0.044381388 0.002703520 0.993452668
1341845949.887758 0.008025894 -0.123984836 0.124991894 -0.112704560 0.043939035 0.004960174 0.992644191
1341845949.920013 0.014764436 -0.127002358 0.125409544 -0.116276428 0.038370144 0.003528625 0.992469192
1341845949.955673 0.021071713 -0.138090283 0.127367541 -0.121507071 0.035484910 0.002923289 0.991951764
1341845949.987737 0.009486332 -0.131597713 0.134648457 -0.123963632 0.037155192 0.001420268 0.991589904
1341845950.019789 0.014521737 -0.139246404 0.135698959 -0.127841011 0.033729341 0.001459711 0.991219878
1341845950.055847 0.013022748 -0.147092894 0.139961019 -0.130896613 0.031695329 -0.001215773 0.990888476
1341845950.087728 0.016486468 -0.164513931 0.140209675 -0.137982890 0.031667184 -0.004549488 0.989917755
1341845950.124078 0.015117697 -0.157000870 0.140575737 -0.141773790 0.032039210 -0.004493863 0.989370286
1341845950.155757 0.004925082 -0.156853154 0.147097379 -0.143590286 0.033107273 -0.005013218 0.989070594
1341845950.187677 0.019261507 -0.175825790 0.145030469 -0.149199694 0.031688463 -0.008506380 0.988262594
1341845950.223782 0.016380683 -0.170233175 0.152896479 -0.153320909 0.035058048 -0.009720879 0.987506509
1341845950.255885 0.014849537 -0.166967481 0.159687519 -0.155234233 0.034614973 -0.011408731 0.987205148
1341845950.287784 0.016950557 -0.178315535 0.161167294 -0.157978177 0.034068841 -0.012026127 0.986781418
1341845950.323864 0.016767049 -0.181266204 0.162478507 -0.165678933 0.036955137 -0.015362495 0.985367358
1341845950.355780 0.004190438 -0.192543834 0.168928728 -0.180537000 0.041167155 -0.017911477 0.982543051
1341845950.387911 0.008350095 -0.224135846 0.180255279 -0.193382427 0.038800560 -0.023142394 0.980082750
1341845950.424265 0.013311769 -0.237324074 0.182778686 -0.195804015 0.038578022 -0.026010009 0.979538679
1341845950.455762 0.005888295 -0.236259058 0.190170571 -0.192665547 0.040829085 -0.028047852 0.980013430
1341845950.487870 0.005397951 -0.236647427 0.190809339 -0.190149516 0.039800853 -0.028212406 0.980542243
1341845950.523880 0.017463820 -0.248035103 0.189058900 -0.192697257 0.036878776 -0.028866753 0.980140030
1341845950.555793 0.005001732 -0.264505655 0.183835909 -0.205659166 0.042059086 -0.029768074 0.977266192
1341845950.587742 0.006067329 -0.258753926 0.184117407 -0.216494545 0.041947402 -0.031372130 0.974877596
1341845950.623823 0.010538514 -0.226581365 0.177728370 -0.219481871 0.040329434 -0.027152758 0.974404395
1341845950.655770 0.010067061 -0.232660607 0.174967557 -0.227191299 0.039822642 -0.027145151 0.972656846
1341845950.691815 0.009747564 -0.250553221 0.188293904 -0.235943556 0.038009379 -0.029891901 0.970562935
1341845950.756034 0.007279372 -0.276837200 0.190215424 -0.242165342 0.040371645 -0.029524956 0.968944967
1341845950.817895 -0.006954560 -0.327209979 0.223444149 -0.254494518 0.044636376 -0.030614076 0.965558350
1341845950.853851 -0.000471952 -0.345440418 0.225226521 -0.258432299 0.044834420 -0.031549558 0.964472532
1341845950.885881 -0.001071152 -0.341488421 0.228932694 -0.257972002 0.046682246 -0.034067184 0.964422405
1341845950.917771 -0.013126670 -0.349796444 0.240366489 -0.258158624 0.050857212 -0.035075322 0.964125156
1341845950.953822 -0.006627035 -0.346076757 0.239149258 -0.254109502 0.052075982 -0.034242272 0.965165257
1341845950.985908 -0.003893340 -0.365794003 0.246619195 -0.257269531 0.053173639 -0.034846071 0.964246213
1341845951.017817 0.004811227 -0.376922935 0.246337041 -0.261030495 0.052318737 -0.036157720 0.963233352
1341845951.053777 -0.010329200 -0.372382194 0.249772519 -0.262062043 0.057409059 -0.034733515 0.962715566
1341845951.085819 -0.004303060 -0.384290785 0.262866557 -0.266439319 0.058217645 -0.029896358 0.961627245
1341845951.121819 -0.002238909 -0.386387736 0.263287067 -0.269127101 0.058422446 -0.025593672 0.960990310
1341845951.153788 -0.006369352 -0.394025862 0.278923839 -0.272288471 0.059790611 -0.023784135 0.960061669
1341845951.185690 -0.005791784 -0.396514297 0.286368996 -0.271807402 0.059042931 -0.020493953 0.960320115
1341845951.221846 0.013074561 -0.400890619 0.289175659 -0.271216929 0.051791634 -0.016892919 0.960975349
1341845951.253677 0.034224235 -0.390077978 0.295019895 -0.266640246 0.042875092 -0.013887684 0.962741852
1341845951.289833 0.006621272 -0.375252992 0.282485783 -0.254843086 0.044681177 -0.011374144 0.965882599
1341845951.321746 0.033774327 -0.428666741 0.294658691 -0.263681263 0.039226063 -0.005276127 0.963797510
1341845951.353781 0.024015935 -0.422969937 0.298481286 -0.263239443 0.041025911 -0.003040538 0.963853002
1341845951.389710 0.027071668 -0.423571765 0.306559682 -0.261318237 0.037277158 -0.001973225 0.964530587
1341845951.421759 0.019081479 -0.449953407 0.325487554 -0.260316789 0.036587566 -0.001266732 0.964828968
1341845951.453714 0.023837574 -0.449991494 0.316502482 -0.255557448 0.035444919 0.002585167 0.966140449
1341845951.489750 0.030641500 -0.457438290 0.321648896 -0.255449414 0.032778449 0.003558471 0.966260076
1341845951.521791 0.033737540 -0.471618742 0.318365604 -0.256779909 0.032082830 0.001580952 0.965935946
1341845951.557734 0.036081031 -0.465630263 0.318647265 -0.255802989 0.033268813 0.001117817 0.966155648
1341845951.621927 0.038122438 -0.472517163 0.329655915 -0.256349474 0.026832396 0.002358447 0.966208756
1341845951.657740 0.036905129 -0.470694184 0.329475462 -0.257555485 0.025030794 0.001795133 0.965937555
1341845951.689997 0.043848645 -0.482111722 0.347574800 -0.262542337 0.019908853 0.001222760 0.964714289
1341845951.721802 0.038635500 -0.491280735 0.362281561 -0.261165321 0.016027614 0.001191333 0.965160310
1341845951.757837 0.048474260 -0.500846565 0.357657373 -0.261948168 0.012170739 0.003262300 0.964999676
1341845951.789992 0.046838231 -0.514967442 0.364534706 -0.271959066 0.013629083 -0.001206205 0.962211549
1341845951.825880 0.052754253 -0.519774675 0.375274092 -0.275994688 0.011859551 -0.001377137 0.961084962
1341845951.857655 0.048159596 -0.501989961 0.366629541 -0.271685094 0.012225369 -0.001643696 0.962307155
1341845951.889934 0.052782308 -0.509845078 0.367835104 -0.275719255 0.011356186 -0.000845605 0.961170733
1341845951.925973 0.050258834 -0.514164865 0.380287856 -0.281958938 0.009539268 0.000625637 0.959378839
1341845951.957775 0.052293558 -0.515052140 0.382599920 -0.284055024 0.007580895 0.001319834 0.958777130
1341845951.989866 0.051020041 -0.512872398 0.381378412 -0.289857060 0.005720925 -0.000351973 0.957052767
1341845952.026044 0.059935331 -0.517106771 0.395615339 -0.296253264 0.000730730 -0.000619122 0.955108941
1341845952.057894 0.043413576 -0.527217746 0.408258796 -0.300027192 0.001655348 -0.000904699 0.953928769
1341845952.125827 0.038626924 -0.531272769 0.416405439 -0.301830590 0.000520732 -0.004840632 0.953349113
1341845952.157796 0.040961951 -0.537233472 0.420654058 -0.301945716 -0.000894167 -0.005263390 0.953310192
1341845952.193712 0.047011014 -0.541262627 0.419210583 -0.301991224 -0.001970697 -0.005446758 0.953293085
1341845952.225758 0.043723091 -0.543660641 0.425045639 -0.302696884 -0.001485973 -0.005802295 0.953068078
1341845952.261888 0.048307125 -0.552786410 0.429824084 -0.302155852 -0.000949342 -0.005245304 0.953243613
1341845952.293773 0.059169989 -0.558068275 0.421346009 -0.298780650 -0.000713171 -0.006123226 0.954301894
1341845952.325830 0.050160214 -0.550730228 0.413091362 -0.298299432 0.004807156 -0.007896412 0.954427600
1341845952.361889 0.065389954 -0.548838735 0.418964326 -0.299495071 0.003172759 -0.009199169 0.954048216
1341845952.393746 0.071667977 -0.552994072 0.415999889 -0.300214499 0.005510430 -0.011645130 0.953784704
1341845952.425943 0.070339344 -0.556882322 0.418671072 -0.303297698 0.009532479 -0.013416249 0.952753723
1341845952.461990 0.062858842 -0.563534498 0.425011665 -0.305594474 0.012041447 -0.014922859 0.951968670
1341845952.493879 0.062671900 -0.554579437 0.416020572 -0.303688586 0.013101853 -0.016579753 0.952537000
1341845952.529859 0.057570700 -0.554170609 0.414138913 -0.304661214 0.017321577 -0.018527545 0.952123046
1341845952.561728 0.050403241 -0.547023356 0.412753761 -0.303981751 0.021874219 -0.017909298 0.952258289
1341845952.593773 0.058616966 -0.546749234 0.410834461 -0.306486219 0.021476401 -0.016633879 0.951487422
1341845952.629782 0.051985528 -0.554635704 0.421883285 -0.311012715 0.024358291 -0.018495405 0.949913502
1341845952.661822 0.052944183 -0.546939194 0.430731028 -0.310766697 0.024622487 -0.017649414 0.950003326
1341845952.694133 0.045676287 -0.537716210 0.416568279 -0.307222933 0.025350200 -0.013351176 0.951206148
1341845952.729992 0.052115239 -0.538512468 0.418555111 -0.309288472 0.022076476 -0.014875721 0.950595617
1341845952.761932 0.042186722 -0.536224723 0.424650997 -0.307398409 0.023838479 -0.017445851 0.951122284
1341845952.835955 0.049517017 -0.548972428 0.412813723 -0.304801434 0.025648532 -0.018064421 0.951899111
1341845952.897807 0.040421717 -0.524888456 0.411740750 -0.299601793 0.029800951 -0.022989338 0.953321636
1341845952.929858 0.041366581 -0.528988421 0.410291910 -0.298426956 0.028896034 -0.022927908 0.953719378
1341845952.962152 0.035361394 -0.517441213 0.400639981 -0.294059813 0.030242663 -0.025156792 0.954977155
1341845952.997732 0.033288848 -0.505854607 0.394796163 -0.292824715 0.029822713 -0.024645230 0.955383122
1341845953.029881 0.036035869 -0.492686629 0.394837707 -0.291418463 0.026945142 -0.023282295 0.955932617
1341845953.065883 0.024922758 -0.492526561 0.398589581 -0.289815634 0.027351396 -0.022324145 0.956431091
1341845953.097744 0.017357424 -0.477712005 0.382628381 -0.284914404 0.027980248 -0.018914724 0.957957804
1341845953.130426 0.023043681 -0.474064171 0.382827431 -0.287191987 0.022746976 -0.017902514 0.957435548
1341845953.165700 0.015016727 -0.481610775 0.398068190 -0.287273943 0.022104423 -0.019406511 0.957396686
1341845953.197916 0.018089948 -0.476211160 0.386080295 -0.281319201 0.020541983 -0.019028232 0.959205627
1341845953.230076 0.003184805 -0.481651157 0.379407257 -0.284359515 0.024734817 -0.022178654 0.958141923
1341845953.265747 0.009646355 -0.471579760 0.380356073 -0.285674393 0.025604805 -0.024395645 0.957673967
1341845953.297823 0.012856688 -0.459243834 0.379656047 -0.282052159 0.024570996 -0.024591191 0.958769083
1341845953.333820 0.005916827 -0.467539907 0.379252702 -0.280032098 0.025901327 -0.028059890 0.959230840
1341845953.398118 0.006297421 -0.455492467 0.372594237 -0.272017479 0.029979860 -0.036064047 0.961148858
1341845953.433817 0.003243418 -0.430531591 0.368687481 -0.259471089 0.032974306 -0.039469093 0.964380443
1341845953.465793 0.001643274 -0.425559014 0.360856831 -0.249085203 0.033904728 -0.039834816 0.967067838
1341845953.501850 -0.003489488 -0.417570740 0.347656280 -0.240099758 0.035997808 -0.039666437 0.969269216
1341845953.533841 -0.004893316 -0.424149811 0.347150505 -0.233948305 0.039620016 -0.043338779 0.970474184
1341845953.565884 -0.009462958 -0.409265637 0.348071665 -0.220921546 0.043655343 -0.042599682 0.973382294
1341845953.601851 -0.012725080 -0.410130203 0.334588289 -0.211754173 0.046437778 -0.043954931 0.975229025
1341845953.633727 0.005151814 -0.416000515 0.337815732 -0.207877442 0.045762073 -0.043145671 0.976130784
1341845953.665877 -0.006053979 -0.393985569 0.321689457 -0.194774091 0.052640609 -0.040752072 0.978586376
1341845953.701988 -0.012118422 -0.388200670 0.316958994 -0.189464450 0.054563522 -0.039339490 0.979580760
1341845953.733959 -0.020371025 -0.377922595 0.309852749 -0.187870458 0.056185763 -0.040207420 0.979760826
1341845953.769755 -0.024865706 -0.366409719 0.302085400 -0.186903983 0.058218777 -0.043912400 0.979667902
1341845953.801776 -0.028539188 -0.361353874 0.303485304 -0.185715228 0.060499895 -0.043544121 0.979772151
1341845953.833838 -0.032842476 -0.355709106 0.300222397 -0.184180617 0.059977911 -0.044959206 0.980030000
1341845953.869932 -0.030341931 -0.355577320 0.298065007 -0.183133096 0.058319956 -0.049344122 0.980115414
1341845953.901831 -0.034417447 -0.342458308 0.293843448 -0.180796459 0.059040904 -0.050776511 0.980432808
1341845953.933922 -0.041032214 -0.338104188 0.297074676 -0.179403931 0.057998482 -0.051790942 0.980697751
1341845953.969955 -0.055648528 -0.343147576 0.300881416 -0.174783453 0.057734203 -0.057624582 0.981222153
1341845954.001752 -0.058657061 -0.322261363 0.286294907 -0.167066947 0.056729496 -0.057632539 0.982623458
1341845954.037754 -0.068287633 -0.310499549 0.283423930 -0.167753026 0.057495471 -0.059086263 0.982375681
1341845954.069971 -0.062772043 -0.314278185 0.290510565 -0.170732707 0.053047411 -0.059099641 0.982111752
1341845954.101821 -0.065083303 -0.308923453 0.283561617 -0.169778466 0.050059959 -0.055456150 0.982646346
1341845954.137723 -0.079059660 -0.307820916 0.285585046 -0.173463926 0.048442233 -0.050791211 0.982335925
1341845954.169776 -0.076382749 -0.298907489 0.279630452 -0.173719779 0.044696540 -0.051704187 0.982420623
1341845954.201769 -0.070517391 -0.286432296 0.276220649 -0.171733052 0.041464638 -0.047957201 0.983101487
1341845954.237931 -0.075724460 -0.284269959 0.277383298 -0.172127083 0.040197957 -0.045669202 0.983194113
1341845954.269821 -0.083915658 -0.284250170 0.274723291 -0.171838164 0.040561121 -0.046959240 0.983169019
1341845954.305896 -0.082162380 -0.282996297 0.269327611 -0.171566263 0.040384062 -0.047166776 0.983213842
1341845954.337899 -0.085803740 -0.272931188 0.265619636 -0.170586303 0.040957153 -0.048662979 0.983287692
1341845954.370323 -0.081937380 -0.271176040 0.271702886 -0.172219813 0.037432905 -0.045181464 0.983309627
1341845954.405781 -0.084833272 -0.276342869 0.268329591 -0.172712848 0.036946461 -0.045310788 0.983235538
1341845954.437770 -0.086596787 -0.271576881 0.275054902 -0.173606560 0.034473140 -0.042360783 0.983299494
1341845954.473700 -0.103240795 -0.269548476 0.278873444 -0.174027473 0.032932866 -0.041114900 0.983330786
1341845954.505685 -0.106949717 -0.265006810 0.267290235 -0.166962162 0.031552009 -0.041785590 0.984571993
1341845954.537884 -0.105570145 -0.257841349 0.252821743 -0.163946211 0.031212509 -0.038697559 0.985215664
1341845954.574129 -0.118683659 -0.250934899 0.263758332 -0.166899294 0.030339995 -0.038591441 0.984751165
1341845954.605772 -0.108675353 -0.257603228 0.262197167 -0.166184366 0.026200997 -0.033613503 0.985173285
1341845954.637774 -0.118009955 -0.271909773 0.248275429 -0.161944166 0.027601246 -0.033491064 0.985845149
1341845954.673990 -0.118008226 -0.253181159 0.248169184 -0.156345904 0.026285667 -0.031115731 0.986862123
1341845954.705864 -0.104236200 -0.246188208 0.242386132 -0.154127389 0.022646522 -0.029881760 0.987339318
1341845954.741959 -0.098496430 -0.250415921 0.247751340 -0.151216581 0.022402760 -0.031332053 0.987749934
1341845954.779824 -0.106179178 -0.234756142 0.239981502 -0.143965110 0.024862051 -0.032772474 0.988727391
1341845954.815761 -0.103455350 -0.247729599 0.243358999 -0.145330071 0.023704858 -0.033851542 0.988519728
1341845954.847702 -0.105192348 -0.251174361 0.245263621 -0.142003745 0.024529213 -0.032943223 0.989013612
1341845954.879857 -0.111006126 -0.233102128 0.241560727 -0.133521587 0.026407855 -0.031689435 0.990187049
1341845954.915883 -0.106827088 -0.240056470 0.234535277 -0.135374516 0.024129542 -0.029882412 0.990049779
1341845954.947742 -0.122061871 -0.228291497 0.236134171 -0.134025797 0.026958173 -0.030273682 0.990148425
1341845954.979793 -0.109312184 -0.239662156 0.240768284 -0.134490624 0.024986265 -0.027189063 0.990226626
1341845955.015775 -0.125298351 -0.232212991 0.237067476 -0.128594637 0.028218698 -0.023950614 0.991006315
1341845955.047748 -0.121888161 -0.229226530 0.237206355 -0.124231994 0.025033416 -0.021040501 0.991714180
1341845955.079963 -0.104367763 -0.221581519 0.236492053 -0.119018979 0.021716649 -0.020557087 0.992441595
1341845955.115765 -0.109078407 -0.205910727 0.235121697 -0.115178913 0.025534615 -0.020406807 0.992806792
1341845955.147819 -0.125192806 -0.208276480 0.228625089 -0.115867592 0.030276060 -0.021974124 0.992559910
1341845955.179771 -0.121951580 -0.207359076 0.230011135 -0.113969713 0.029568903 -0.022137465 0.992797315
1341845955.215834 -0.124287531 -0.206118301 0.229549348 -0.112002574 0.031073647 -0.021252157 0.992994547
1341845955.247700 -0.121379979 -0.204314724 0.227109253 -0.110948220 0.030871853 -0.019420734 0.993156672
1341845955.283796 -0.118827827 -0.201912284 0.229025871 -0.108360559 0.030133247 -0.021197893 0.993428707
1341845955.315766 -0.126746684 -0.197680190 0.226666093 -0.105551355 0.032515027 -0.022419531 0.993629217
1341845955.347689 -0.124229297 -0.194603503 0.225677043 -0.104619078 0.033234999 -0.024243578 0.993661165
1341845955.383825 -0.122596972 -0.202058569 0.228257567 -0.104973003 0.034229755 -0.025394574 0.993561327
1341845955.415689 -0.133750096 -0.193242595 0.226562113 -0.100629911 0.036332909 -0.024787171 0.993951261
1341845955.447780 -0.121940948 -0.193409994 0.230268493 -0.098014347 0.033019118 -0.026671307 0.994279444
1341845955.483775 -0.122033902 -0.189629599 0.227865174 -0.093180135 0.036022373 -0.029675096 0.994554758
1341845955.515995 -0.127860457 -0.188307822 0.227183208 -0.089826919 0.038168289 -0.029280519 0.994794905
1341845955.547652 -0.136398613 -0.187021181 0.238750130 -0.086136036 0.038209699 -0.032567017 0.995017588
1341845955.583803 -0.135707095 -0.182958290 0.232587695 -0.081499800 0.038014855 -0.034883171 0.995337069
1341845955.645874 -0.143535256 -0.176273182 0.233745933 -0.078607209 0.039131470 -0.037650779 0.995425582
1341845955.677690 -0.137680292 -0.178629100 0.234377846 -0.075362913 0.038136166 -0.038085587 0.995698571
1341845955.713997 -0.136499554 -0.169008359 0.233186364 -0.070031017 0.038361754 -0.038109511 0.996078193
1341845955.745913 -0.148796245 -0.157281652 0.237372369 -0.066376336 0.038655672 -0.037326664 0.996346653
1341845955.777825 -0.139871135 -0.160513863 0.231109649 -0.064922296 0.035569038 -0.036387008 0.996592164
1341845955.814143 -0.132265672 -0.153050154 0.239211485 -0.060969636 0.035525478 -0.034597326 0.996907055
1341845955.845690 -0.142440602 -0.141539514 0.238029271 -0.057297878 0.036821268 -0.031432875 0.997182608
1341845955.877977 -0.139801294 -0.149642274 0.238993168 -0.055846352 0.034737293 -0.030210596 0.997377455
1341845955.913787 -0.126935363 -0.162590072 0.237068102 -0.050635967 0.034141760 -0.029877027 0.997686207
1341845955.945707 -0.128955662 -0.142876476 0.238444880 -0.041267682 0.036157534 -0.026320565 0.998146713
1341845955.981865 -0.125362366 -0.137219191 0.235037535 -0.036491893 0.035313934 -0.025167646 0.998392642
1341845956.013788 -0.123523273 -0.107389726 0.236009687 -0.028720334 0.037061233 -0.025889276 0.998564661
1341845956.045763 -0.127078921 -0.119772963 0.224371850 -0.033458795 0.040688697 -0.024827905 0.998302817
1341845956.081817 -0.129718825 -0.117859066 0.228714570 -0.034619093 0.041971561 -0.022880975 0.998256683
1341845956.113872 -0.116862610 -0.121687680 0.228398994 -0.032119188 0.040598288 -0.019841054 0.998462021
1341845956.145853 -0.123096518 -0.096664928 0.231496260 -0.025249291 0.043074675 -0.014214611 0.998651564
1341845956.181712 -0.120262057 -0.081691496 0.232099846 -0.024608878 0.044302132 -0.010842822 0.998656154
1341845956.213966 -0.125511527 -0.097186565 0.226490930 -0.027702652 0.048254125 -0.011044134 0.998389781
1341845956.249720 -0.128778279 -0.080634087 0.225988761 -0.023588138 0.050355960 -0.006853264 0.998429239
1341845956.281792 -0.125355378 -0.061957974 0.219542295 -0.023230115 0.049682695 -0.004208464 0.998485982
1341845956.313799 -0.120564461 -0.050592192 0.224473104 -0.025669383 0.048550013 -0.004688012 0.998479843
1341845956.349790 -0.125130817 -0.050340783 0.225840271 -0.030058732 0.049205042 -0.004801400 0.998324752
1341845956.381671 -0.124902137 -0.049228385 0.233586892 -0.033945858 0.046759710 -0.001105962 0.998328626
1341845956.414041 -0.120405711 -0.047175795 0.233369902 -0.037629131 0.042592041 -0.000856897 0.998383343
1341845956.449886 -0.120712675 -0.051709037 0.240912780 -0.040506773 0.042057429 -0.002635889 0.998290241
1341845956.481751 -0.128286853 -0.047090657 0.242044970 -0.038961425 0.042491462 -0.002192084 0.998334467
1341845956.517751 -0.131909311 -0.032361407 0.243129015 -0.036080502 0.040131211 0.000264590 0.998542786
1341845956.550178 -0.125582367 -0.033169027 0.245414510 -0.037788581 0.037104450 0.000208534 0.998596668
1341845956.581882 -0.124247894 -0.040088098 0.255288124 -0.036388200 0.036021598 -0.001164656 0.998687685
1341845956.617921 -0.141983509 -0.029089142 0.254581124 -0.028685590 0.038607698 0.001094235 0.998842061
1341845956.649823 -0.142594069 -0.014882308 0.255457491 -0.019806512 0.038854681 0.001793895 0.999046981
1341845956.686207 -0.145596266 -0.016375029 0.249798000 -0.017445154 0.040929027 -0.001006242 0.999009252
1341845956.717815 -0.151498020 -0.007473154 0.255992889 -0.016090447 0.041017067 -0.003761010 0.999021828
1341845956.749871 -0.149483219 -0.011767514 0.260925502 -0.015973350 0.037956189 -0.007623808 0.999122679
1341845956.785882 -0.149622813 -0.006822402 0.269788295 -0.010304085 0.037454337 -0.010749716 0.999187410
1341845956.817915 -0.155770749 0.000732011 0.263959557 -0.005940327 0.039461691 -0.012077435 0.999130428
1341845956.849925 -0.153421700 0.005681252 0.272305548 -0.003720524 0.036815837 -0.008802374 0.999276400
1341845956.885848 -0.151141524 0.002390095 0.273477703 0.000643572 0.036127280 -0.008392696 0.999311745
1341845956.953936 -0.163263351 0.035766527 0.268832654 0.010519643 0.039440941 -0.001419625 0.999165535
1341845956.985677 -0.156532884 0.038178783 0.267688572 0.008528288 0.038986556 -0.002292559 0.999200702
1341845957.017739 -0.152105927 0.047246195 0.274284124 0.005131615 0.039816272 -0.000570358 0.999193668
1341845957.053817 -0.153253809 0.027739825 0.283125401 0.000278078 0.039198555 0.003190762 0.999226272
1341845957.085894 -0.156989351 0.043472573 0.281217009 0.006353871 0.041762162 0.004300509 0.999098122
1341845957.118069 -0.157278985 0.050896313 0.285643190 0.007310087 0.044772968 0.005803360 0.998953581
1341845957.153924 -0.158144876 0.052104067 0.288188428 0.008886806 0.046450760 0.007615726 0.998852015
1341845957.185730 -0.152414009 0.052332822 0.284557939 0.013722665 0.048287656 0.008828144 0.998700142
1341845957.222219 -0.154766276 0.072294556 0.291600734 0.018360103 0.051504757 0.009749786 0.998456359
1341845957.253784 -0.153926075 0.073204227 0.291515946 0.016063944 0.053275101 0.007578728 0.998421907
1341845957.285979 -0.153440103 0.082672551 0.295267552 0.019488694 0.054889515 0.006156523 0.998283267
1341845957.321826 -0.152714580 0.093843646 0.295211315 0.021510471 0.056399293 0.006172685 0.998157501
1341845957.353642 -0.152639568 0.092042595 0.296128571 0.021042999 0.057282392 0.005459798 0.998121321
1341845957.385918 -0.150596842 0.098752275 0.300254613 0.023497170 0.060048796 0.002974991 0.997914433
1341845957.421801 -0.150937304 0.104022503 0.302858204 0.027637718 0.062386945 0.003384887 0.997663558
1341845957.453856 -0.152102709 0.109761700 0.304901302 0.032543678 0.061131574 0.005489550 0.997583926
1341845957.490017 -0.147932544 0.118226819 0.303123027 0.036620792 0.060549106 0.002786034 0.997489333
1341845957.521783 -0.147763729 0.124858409 0.300681978 0.038624905 0.061634868 -0.002109864 0.997348905
1341845957.553863 -0.152077317 0.127828822 0.308287084 0.039290711 0.059829980 -0.004028145 0.997426927
1341845957.589817 -0.144743592 0.126482055 0.307877570 0.042078253 0.056122210 -0.010080388 0.997485936
1341845957.621927 -0.143681541 0.134071901 0.308857560 0.045882490 0.057432864 -0.014839087 0.997184098
1341845957.690210 -0.150418177 0.128832832 0.318970114 0.049742442 0.055779368 -0.017858444 0.997043371
1341845957.721718 -0.141517669 0.143666968 0.316485316 0.057460237 0.055023678 -0.018925745 0.996650696
1341845957.757797 -0.141725957 0.158426002 0.316373497 0.061072599 0.057135906 -0.019439222 0.996307075
1341845957.790095 -0.145799577 0.153070450 0.314128309 0.061779961 0.058591757 -0.020915458 0.996149004
1341845957.821762 -0.146109834 0.150204748 0.311424851 0.068777651 0.058267042 -0.018329050 0.995760381
1341845957.858271 -0.137617081 0.161970526 0.319789320 0.079247542 0.057258848 -0.015738279 0.995084703
1341845957.890302 -0.131449252 0.174401954 0.333993137 0.088038132 0.056818627 -0.012454513 0.994417369
1341845957.926548 -0.138173819 0.181945205 0.327714235 0.096450843 0.059114363 -0.010497166 0.993525326
1341845957.963818 -0.136377499 0.186908260 0.328005254 0.106797919 0.060446348 -0.008694811 0.992403567
1341845957.996582 -0.126147270 0.199265510 0.330739886 0.112648353 0.062730461 -0.009262295 0.991609514
1341845958.028437 -0.121863268 0.198205501 0.336937010 0.113370903 0.064292349 -0.006375014 0.991449893
1341845958.064063 -0.125863537 0.213944852 0.348415792 0.123840205 0.064060330 -0.003457789 0.990226150
1341845958.096285 -0.119295865 0.219250306 0.347305030 0.130511463 0.066743784 -0.004288869 0.989188373
1341845958.163750 -0.123195864 0.231724575 0.352111101 0.137816101 0.070519209 0.000907956 0.987943828
1341845958.225916 -0.116046123 0.250627220 0.366482854 0.147611141 0.068749949 0.002890561 0.986648858
1341845958.257855 -0.118759699 0.247331098 0.367048204 0.149191901 0.068238229 0.003174688 0.986445785
1341845958.293941 -0.114191972 0.259069681 0.371172577 0.156486616 0.064241469 0.005788924 0.985571623
1341845958.325982 -0.112516969 0.261560500 0.382212013 0.161336198 0.064713813 0.004582906 0.984764814
1341845958.357886 -0.112977535 0.263231933 0.383207232 0.165231228 0.066393897 0.005108384 0.984004319
1341845958.393794 -0.111113392 0.271065503 0.376499295 0.173358142 0.062949009 0.011000382 0.982783496
1341845958.425833 -0.101430446 0.284402817 0.380235404 0.183076873 0.058674552 0.016878519 0.981200933
1341845958.461910 -0.099684291 0.296386003 0.378574789 0.186367109 0.060804788 0.017402869 0.980442345
1341845958.493906 -0.104363367 0.305392772 0.396448284 0.192293063 0.060194951 0.022030164 0.979241848
1341845958.525948 -0.107290573 0.308293015 0.406149864 0.200437814 0.055118822 0.028259888 0.977746367
1341845958.561735 -0.098121911 0.315560997 0.397111356 0.202283949 0.053982522 0.026277969 0.977484822
1341845958.593854 -0.093946353 0.352694660 0.403640449 0.202263266 0.055569790 0.025384992 0.977423787
1341845958.625936 -0.105867341 0.343050182 0.432415247 0.203218430 0.053995296 0.024506811 0.977336287
1341845958.661751 -0.101962633 0.350621909 0.417400360 0.208740875 0.051538240 0.024678377 0.976300180
1341845958.693866 -0.099275403 0.375728965 0.419623494 0.208859026 0.052235160 0.025953276 0.976204813
1341845958.729747 -0.100560568 0.375467539 0.423919499 0.205744401 0.051367979 0.024799783 0.976941943
1341845958.761798 -0.101530500 0.372352093 0.430129945 0.207943499 0.049743611 0.027255507 0.976494849
1341845958.793976 -0.100830644 0.378583640 0.432216704 0.213644236 0.047866236 0.034531277 0.975126982
1341845958.836099 -0.100266114 0.398515075 0.434711635 0.217037171 0.048798084 0.036948550 0.974242508
1341845958.872548 -0.101805061 0.395130545 0.431732535 0.215270042 0.049794938 0.034293868 0.974681079
1341845958.905812 -0.105948463 0.392400980 0.434508085 0.219076425 0.047942139 0.036460515 0.973846853
1341845958.936045 -0.109786294 0.409329891 0.447462201 0.224241391 0.047262032 0.038282689 0.972633779
1341845958.967857 -0.099091649 0.423088908 0.435152709 0.223218530 0.047340572 0.034788411 0.972996473
1341845959.003881 -0.104302660 0.420037806 0.441109866 0.221391529 0.048127014 0.032204930 0.973464131
1341845959.035807 -0.102546819 0.422431111 0.438823253 0.222626343 0.046891466 0.031581711 0.973263204
1341845959.067708 -0.091070853 0.445783526 0.440847814 0.223866761 0.047002427 0.031189775 0.972985923
1341845959.103767 -0.102473550 0.443797648 0.456140012 0.220745236 0.051036604 0.030495092 0.973517776
1341845959.135750 -0.103042394 0.439281076 0.443772703 0.222375602 0.049512926 0.032626603 0.973156273
1341845959.172042 -0.102431118 0.445667893 0.448922753 0.228246957 0.048179802 0.034797177 0.971787632
1341845959.203734 -0.104406446 0.466214657 0.466266692 0.231627181 0.050717127 0.034409177 0.970872104
1341845959.235702 -0.110824540 0.470364809 0.465465635 0.230595231 0.052991599 0.028800869 0.971178770
1341845959.271710 -0.114141479 0.473203272 0.472352892 0.233416900 0.048194930 0.028222796 0.970771492
1341845959.303719 -0.104958996 0.479867071 0.467457980 0.235074461 0.047310464 0.027179733 0.970444739
1341845959.339991 -0.104878701 0.485400498 0.467038721 0.236753985 0.051606018 0.023595566 0.969911158
1341845959.371830 -0.122114025 0.470713824 0.469442755 0.242263153 0.050008509 0.026903944 0.968547285
1341845959.403707 -0.114175662 0.480427146 0.472855389 0.251584530 0.044679437 0.029824724 0.966343343
1341845959.440061 -0.114118069 0.490360469 0.496019095 0.258074522 0.047084276 0.030915789 0.964481652
1341845959.471779 -0.116691738 0.500207245 0.479876965 0.260460407 0.049759675 0.031222405 0.963695765
1341845959.507756 -0.122836940 0.499194294 0.481004119 0.264608681 0.047835149 0.034082275 0.962565541
1341845959.539837 -0.121109664 0.503870070 0.480255038 0.269159168 0.047321171 0.035032235 0.961294293
1341845959.571785 -0.121431671 0.513001800 0.475571662 0.270719111 0.048277657 0.034686130 0.960821152
1341845959.607783 -0.132679567 0.508779824 0.494080484 0.274404317 0.046818908 0.036857963 0.959766507
1341845959.639762 -0.130786955 0.513209999 0.489106864 0.278669059 0.045983396 0.035962313 0.958611369
1341845959.671901 -0.127370641 0.526473939 0.492801487 0.282610923 0.046143424 0.036511533 0.957428217
1341845959.707824 -0.130175442 0.524710000 0.495112032 0.285242915 0.046204511 0.036946017 0.956627727
1341845959.740041 -0.129960522 0.527052939 0.491640866 0.288608372 0.044563077 0.037368875 0.955679297
1341845959.776084 -0.129573733 0.530221283 0.493429214 0.293183059 0.043147597 0.038833790 0.954292357
1341845959.807848 -0.131829455 0.538970828 0.506676316 0.299770951 0.041867562 0.043936137 0.952078819
1341845959.839796 -0.129512697 0.553925812 0.507725835 0.304594994 0.041515544 0.046753231 0.950427532
1341845959.875965 -0.132949159 0.562911868 0.516543150 0.305779397 0.043164458 0.048085060 0.949907184
1341845959.907911 -0.132750064 0.567461073 0.517000794 0.307953447 0.042650953 0.049828514 0.949137866
1341845959.939861 -0.135170534 0.575552881 0.525425434 0.310197234 0.041912828 0.052684024 0.948285460
1341845959.975710 -0.127413779 0.593596518 0.526191056 0.310776770 0.041304637 0.054830905 0.948000669
1341845960.007688 -0.124522537 0.611370504 0.532174587 0.309384406 0.041626193 0.055870056 0.948381305
1341845960.039963 -0.135386392 0.593301654 0.529513001 0.306859493 0.042913958 0.055182844 0.949184120
1341845960.075794 -0.130366310 0.599109650 0.540463507 0.310262889 0.042506356 0.057465237 0.947959840
1341845960.107770 -0.134022847 0.613591492 0.551303864 0.312764078 0.044645637 0.058935955 0.946948767
1341845960.144033 -0.137970969 0.620454192 0.550981820 0.311427623 0.044798329 0.059897222 0.947321594
1341845960.175727 -0.132729813 0.609600782 0.561060250 0.312733322 0.043015283 0.060780037 0.946917772
1341845960.207727 -0.131599516 0.635657370 0.569257259 0.316183537 0.044714533 0.059868984 0.945750654
1341845960.243768 -0.136315823 0.637412071 0.576593935 0.313082635 0.045945629 0.058633722 0.946800053
1341845960.275774 -0.126454264 0.623193800 0.562646747 0.312670499 0.045063172 0.060207378 0.946879864
1341845960.307922 -0.127643213 0.642272055 0.577608764 0.317734003 0.045882631 0.062817588 0.944983482
1341845960.343783 -0.129538417 0.649467111 0.578152716 0.315885663 0.046913970 0.061871279 0.945614755
1341845960.375748 -0.128218681 0.633192599 0.584354401 0.315060019 0.046441749 0.061438821 0.945941627
1341845960.407669 -0.125789076 0.637129426 0.596534848 0.318851948 0.047369082 0.064015649 0.944453061
1341845960.443816 -0.128207266 0.646031559 0.594772756 0.321017355 0.047916759 0.066062011 0.943550527
1341845960.475859 -0.124139108 0.649525702 0.600689113 0.322817624 0.047321271 0.066396162 0.942942739
1341845960.507864 -0.117515124 0.643611610 0.609155059 0.324376225 0.048095133 0.065718971 0.942416012
1341845960.543808 -0.124201268 0.647226870 0.602570653 0.327516466 0.050673924 0.065493748 0.941209674
1341845960.575920 -0.133734971 0.659667909 0.599900365 0.329702795 0.049142335 0.065337911 0.940538168
1341845960.611822 -0.120616667 0.657046139 0.601102114 0.330535352 0.044357799 0.063180655 0.940631151
1341845960.675868 -0.127434611 0.644388139 0.611023962 0.333916306 0.042354312 0.060400624 0.939711511
1341845960.738006 -0.119166352 0.652784646 0.625673711 0.331406593 0.041269038 0.054314736 0.941018820
1341845960.773767 -0.124090828 0.651707172 0.613679528 0.330337137 0.041644420 0.054561757 0.941363990
1341845960.805854 -0.120380498 0.654452741 0.620667338 0.329828978 0.038978852 0.057014663 0.941510975
1341845960.837918 -0.114162549 0.659263134 0.620527267 0.329151422 0.039252799 0.057194881 0.941725731
1341845960.873825 -0.117240153 0.658121526 0.615906298 0.326860487 0.040937398 0.056493148 0.942494035
1341845960.905884 -0.109894358 0.648964763 0.602035403 0.325872272 0.040489413 0.058192540 0.942752123
1341845960.941780 -0.113195933 0.654577494 0.613465428 0.329572201 0.042445801 0.059352148 0.941306472
1341845960.973838 -0.122641630 0.658083618 0.605645597 0.327699631 0.043567453 0.058369651 0.941970170
1341845961.006150 -0.115519643 0.642002583 0.593704224 0.325612634 0.041359238 0.058171827 0.942805350
1341845961.041828 -0.112043701 0.632912040 0.608418047 0.329627365 0.041805722 0.059185874 0.941326201
1341845961.073796 -0.120043151 0.630326450 0.600542963 0.331349194 0.043551777 0.058311570 0.940696955
1341845961.110987 -0.119855911 0.623958409 0.592403412 0.332889467 0.042051598 0.057016447 0.940300703
1341845961.141834 -0.116486222 0.621708393 0.581032455 0.334330857 0.043253399 0.052793361 0.939981341
1341845961.173863 -0.122866303 0.612500131 0.574082077 0.334882528 0.044459391 0.049569827 0.939904213
1341845961.209891 -0.116701551 0.590790927 0.560704648 0.336482167 0.042343114 0.048478156 0.939487457
1341845961.242098 -0.119288839 0.591733277 0.559048712 0.341342300 0.043212425 0.046510689 0.937792599
1341845961.273933 -0.124410287 0.599623382 0.563542306 0.342661083 0.043949917 0.043866936 0.937404692
1341845961.310022 -0.126113728 0.583972096 0.563198090 0.339269936 0.044165667 0.040825762 0.938764393
1341845961.341758 -0.123136677 0.580694258 0.554589570 0.337231129 0.043696936 0.038869590 0.939603627
1341845961.378106 -0.115265235 0.593095899 0.541364610 0.330701739 0.042669293 0.037282661 0.942032754
1341845961.409796 -0.131694168 0.577281237 0.552613795 0.322185993 0.043289259 0.035926107 0.945003450
1341845961.441821 -0.134752721 0.558401227 0.542547941 0.313788176 0.043402027 0.033891145 0.947894871
1341845961.477824 -0.131910324 0.554129004 0.535720110 0.303350002 0.043354161 0.031505100 0.951370955
1341845961.509791 -0.137819111 0.535303116 0.521222234 0.295546889 0.043910727 0.031040683 0.953813553
1341845961.541896 -0.137794629 0.527194381 0.515991330 0.289745986 0.040443771 0.034246210 0.955635250
1341845961.577897 -0.136650801 0.505863607 0.512895942 0.284358978 0.038996737 0.036019374 0.957247019
1341845961.609802 -0.145077452 0.510411680 0.502166688 0.280480504 0.039115597 0.036561284 0.958365262
1341845961.645986 -0.144776508 0.489058971 0.494083941 0.268635124 0.037038151 0.033992492 0.961929262
1341845961.677834 -0.144105315 0.458852738 0.491704226 0.262329340 0.036631905 0.034091238 0.963680029
1341845961.709764 -0.152326584 0.457163006 0.489646226 0.260566592 0.037680909 0.035275266 0.964075148
1341845961.745888 -0.152136058 0.451721698 0.484332681 0.253192961 0.036190055 0.036238626 0.966059208
1341845961.778055 -0.154051334 0.425677985 0.470276862 0.246276245 0.036994405 0.035486594 0.967843056
1341845961.809850 -0.154137820 0.419833153 0.460009396 0.242629528 0.038038298 0.036616575 0.968681216
1341845961.845697 -0.158891767 0.397943646 0.459406495 0.237135068 0.038865931 0.037727516 0.969965458
1341845961.877872 -0.165020660 0.389435500 0.456683576 0.234445244 0.038420253 0.041752342 0.970472097
1341845961.913718 -0.159845501 0.386950970 0.436508030 0.229129076 0.038817953 0.042037793 0.971712828
1341845961.945896 -0.174118847 0.373384953 0.437928736 0.222365335 0.040650681 0.040444545 0.973275661
1341845961.977939 -0.187357023 0.345004439 0.448003680 0.217604652 0.037809551 0.042020116 0.974398792
1341845962.013984 -0.184204906 0.335055500 0.448911667 0.215849385 0.037043244 0.040411938 0.974886537
1341845962.046683 -0.177975416 0.325006843 0.412645280 0.209804580 0.037997715 0.039565094 0.976203263
1341845962.078169 -0.187419564 0.306002706 0.404801995 0.204668120 0.037856165 0.038448267 0.977343142
1341845962.114007 -0.177401498 0.284507662 0.396338791 0.201789826 0.037196130 0.037190843 0.978015423
1341845962.145797 -0.186413899 0.266898990 0.391793728 0.201716289 0.039456595 0.038362548 0.977896750
1341845962.182026 -0.190110594 0.260119945 0.386668682 0.199776441 0.039806992 0.038979888 0.978256285
1341845962.214096 -0.187337875 0.248377189 0.375532091 0.196135253 0.040667273 0.036970515 0.979035378
1341845962.245784 -0.188834742 0.238182634 0.367159456 0.192386389 0.041645229 0.035184477 0.979803681
1341845962.281938 -0.192763656 0.215942577 0.360199153 0.186235756 0.043131888 0.034365367 0.980956137
1341845962.313944 -0.187079892 0.206864133 0.349526018 0.183216944 0.043707166 0.033887178 0.981515646
1341845962.349929 -0.188337997 0.196847335 0.340360910 0.177436769 0.046833076 0.031142831 0.982523799
1341845962.381891 -0.193735540 0.168281332 0.336326808 0.172020510 0.047533754 0.032259449 0.983416915
1341845962.413742 -0.198532790 0.158172220 0.337669075 0.172842577 0.045819938 0.034102634 0.983291924
1341845962.449828 -0.198498994 0.153948367 0.331220716 0.170602471 0.043870691 0.034478173 0.983758807
1341845962.487817 -0.194322467 0.139828056 0.316125989 0.166292801 0.041361444 0.032917060 0.984658539
1341845962.549874 -0.196328491 0.109693356 0.297618896 0.156749025 0.043235090 0.029832551 0.986240566
1341845962.581942 -0.193528861 0.089533009 0.288964778 0.154531375 0.044081207 0.030871348 0.986521065
1341845962.617866 -0.196578741 0.080759794 0.289483428 0.154616565 0.046197809 0.032927889 0.986344397
1341845962.649869 -0.198048189 0.067301475 0.279251009 0.153506905 0.048125014 0.033284862 0.986413598
1341845962.682115 -0.201900020 0.068482570 0.268433332 0.152518794 0.049667969 0.033701818 0.986476243
1341845962.717940 -0.200906336 0.052613545 0.260210007 0.149568036 0.050442282 0.032006219 0.986945033
1341845962.749929 -0.202657744 0.053094886 0.255625963 0.148820862 0.051843934 0.029551599 0.987061918
1341845962.781986 -0.207807198 0.040377624 0.244364157 0.145479798 0.052470047 0.027280139 0.987592220
1341845962.817763 -0.200539306 0.035296384 0.240231931 0.143592611 0.052532312 0.025520951 0.987912059
1341845962.849755 -0.204462633 0.023670556 0.235877588 0.141127780 0.055921566 0.024253398 0.988113105
1341845962.885818 -0.211496189 0.021444675 0.234360456 0.140732408 0.057007805 0.026476603 0.988050401
1341845962.918631 -0.210539296 0.019744569 0.224818125 0.138756216 0.055952314 0.028011344 0.988347888
1341845962.964414 -0.205500782 0.027529012 0.226866752 0.134550542 0.058379829 0.026304740 0.988835692
1341845963.017793 -0.219971806 0.015645439 0.210757390 0.120316610 0.061802734 0.027872710 0.990417838
1341845963.085942 -0.208824232 0.031171853 0.213902384 0.110303164 0.061203856 0.027946349 0.991618037
1341845963.117888 -0.213907182 0.021356218 0.213738024 0.100736000 0.063498698 0.029867079 0.992435455
1341845963.154202 -0.210861623 0.013177541 0.214023128 0.097213998 0.063104212 0.030772422 0.992784142
1341845963.185770 -0.207297102 0.011915126 0.210267469 0.094061896 0.065149479 0.029889764 0.992982626
1341845963.217782 -0.218443483 -0.010106672 0.206919998 0.087097332 0.070035011 0.025009135 0.993420243
1341845963.253885 -0.222095236 -0.018456114 0.207809567 0.082719475 0.071500845 0.023561932 0.993725300
1341845963.285844 -0.223361835 -0.034086175 0.204390481 0.078456506 0.073083244 0.021001860 0.994013250
1341845963.321913 -0.221658930 -0.024963774 0.214013070 0.076980531 0.075826362 0.018727377 0.993968606
1341845963.353695 -0.219685331 0.001888280 0.212597355 0.073384590 0.078480773 0.020762580 0.993994176
1341845963.385792 -0.225578368 -0.013082329 0.245782033 0.063011758 0.079930902 0.021318659 0.994578362
1341845963.421875 -0.216670126 -0.022707932 0.242952481 0.057649408 0.081891477 0.021809751 0.994733453
1341845963.453923 -0.215535283 -0.023703387 0.251730561 0.051974840 0.086859889 0.023779977 0.994579554
1341845963.485900 -0.228742898 -0.058775865 0.253370583 0.044788819 0.095119663 0.021429904 0.994226813
1341845963.521709 -0.212945074 -0.072020516 0.224920109 0.044561055 0.100487754 0.023770427 0.993655622
1341845963.553742 -0.233244941 -0.067261472 0.232969031 0.046861060 0.116464943 0.026541939 0.991733611
1341845963.589977 -0.213511080 -0.071734108 0.239800483 0.047038298 0.122622550 0.027438486 0.990958273
1341845963.621850 -0.230109900 -0.072875813 0.244877398 0.047995020 0.135396808 0.026440008 0.989275098
1341845963.654421 -0.229360014 -0.068665028 0.256246775 0.046397220 0.145935386 0.025739742 0.987870276
1341845963.690029 -0.232183114 -0.065891296 0.269233346 0.046421666 0.152558014 0.028956424 0.986778915
1341845963.721864 -0.235627130 -0.073711917 0.271561474 0.045366984 0.159542859 0.027746804 0.985757589
1341845963.753762 -0.250729889 -0.069953464 0.274494290 0.042857952 0.169472530 0.030002331 0.984145343
1341845963.790051 -0.258554697 -0.070237510 0.279728740 0.037419211 0.175920442 0.032918349 0.983142018
1341845963.821840 -0.267674357 -0.074900150 0.289414912 0.033065714 0.181421697 0.033453725 0.982279837
1341845963.857878 -0.271256626 -0.074225187 0.298368096 0.030407721 0.186431125 0.034898192 0.981377065
1341845963.891494 -0.282756716 -0.081408292 0.304309040 0.026233727 0.191877395 0.035522658 0.980424881
1341845963.922038 -0.285935342 -0.077761352 0.300677657 0.025058949 0.195142090 0.035324376 0.979818225
1341845963.957711 -0.289349973 -0.069160163 0.298775345 0.021089286 0.200354010 0.033023614 0.978939712
1341845963.989918 -0.300524056 -0.074794114 0.339313716 0.017693760 0.206479058 0.032964077 0.977735519
1341845964.021882 -0.306541473 -0.092604004 0.329935193 0.019081097 0.211548999 0.033580914 0.976603925
1341845964.057871 -0.313720822 -0.077882148 0.324976891 0.024423121 0.217302069 0.035721794 0.975144744
1341845964.089943 -0.308734238 -0.066302665 0.308835626 0.020826856 0.221542463 0.037288088 0.974214971
1341845964.125808 -0.313651949 -0.082733013 0.336986840 0.016092911 0.230858967 0.037271652 0.972139895
1341845964.157672 -0.320270419 -0.086746737 0.352728039 0.022745863 0.239249215 0.038812984 0.969915450
1341845964.189845 -0.325471878 -0.076073229 0.340331823 0.025906308 0.244022280 0.039330564 0.968625367
1341845964.225746 -0.333344042 -0.083197512 0.344435513 0.022092370 0.253720880 0.036755159 0.966326416
1341845964.257798 -0.340670049 -0.082241945 0.343847275 0.023945006 0.259625405 0.038888529 0.964628935
1341845964.290067 -0.356933355 -0.075228699 0.360171258 0.026371267 0.264912993 0.041234545 0.963029265
1341845964.325751 -0.365038097 -0.078864723 0.354616702 0.024410382 0.267722994 0.042977653 0.962227345
1341845964.357836 -0.363729775 -0.080472410 0.370650619 0.025927158 0.272107750 0.043008808 0.960955441
1341845964.399837 -0.373028845 -0.080059648 0.354901493 0.027768079 0.277693421 0.045293611 0.959199548
1341845964.458009 -0.372765511 -0.075027317 0.380220592 0.027190806 0.285276115 0.049964637 0.956755817
1341845964.493690 -0.380271614 -0.082540080 0.368403584 0.025407763 0.292013615 0.048956547 0.954822361
1341845964.525868 -0.391874999 -0.087140724 0.392915547 0.029418899 0.297997922 0.052523315 0.952666283
1341845964.561820 -0.394542158 -0.087251373 0.385965228 0.033689093 0.302800894 0.055604309 0.950833738
1341845964.593698 -0.410495937 -0.077054180 0.369369328 0.032888591 0.309887648 0.056336835 0.948532641
1341845964.625703 -0.425649196 -0.076860562 0.386575222 0.028568119 0.316114038 0.056534156 0.946604252
1341845964.661788 -0.422222137 -0.093932875 0.378550619 0.027058272 0.318238646 0.057483014 0.945879340
1341845964.693836 -0.433915645 -0.086394444 0.360183269 0.031007318 0.323404819 0.059653495 0.943869352
1341845964.725966 -0.442575455 -0.096522778 0.350062698 0.030672450 0.332200944 0.059972174 0.940800250
1341845964.761841 -0.431436688 -0.099916860 0.372357428 0.032024469 0.337883294 0.057980031 0.938854396
1341845964.793975 -0.442205876 -0.093523636 0.353103071 0.036721744 0.343100935 0.059730038 0.936677933
1341845964.829971 -0.459214836 -0.099372141 0.360383511 0.034975007 0.349947512 0.058543958 0.934283733
1341845964.861928 -0.468230665 -0.099756189 0.386771023 0.034652151 0.354326218 0.056887269 0.932746470
1341845964.893679 -0.473946750 -0.104769602 0.418846667 0.032470521 0.356046200 0.058278192 0.932083905
1341845964.929863 -0.471983880 -0.112388037 0.403527081 0.029703338 0.355306745 0.058218800 0.932461977
1341845964.961832 -0.480649889 -0.111510038 0.417281151 0.030171162 0.358676404 0.057336412 0.931210756
1341845965.029810 -0.495497972 -0.115442097 0.419837475 0.032574669 0.361558706 0.060480505 0.929815173
1341845965.061873 -0.501466215 -0.120988660 0.419895440 0.036220174 0.366603047 0.058981206 0.927799284
1341845965.097818 -0.505209386 -0.118536562 0.432889670 0.036719728 0.371302366 0.058735337 0.925924599
1341845965.130110 -0.522800744 -0.128387034 0.427226454 0.035538226 0.374780029 0.057234932 0.924662709
1341845965.162645 -0.514395952 -0.121813290 0.420894533 0.036763366 0.378741056 0.056506176 0.923044264
1341845965.198514 -0.524675906 -0.124548718 0.426443487 0.035515904 0.385322064 0.056952327 0.920337975
1341845965.230304 -0.525956273 -0.122835912 0.433449060 0.034554288 0.390244782 0.057783861 0.918246150
1341845965.298444 -0.549127162 -0.131528929 0.411143243 0.031162888 0.401415467 0.059138477 0.913453400
1341845965.331043 -0.546410263 -0.141107082 0.451842874 0.031660520 0.409348428 0.062036615 0.909715831
1341845965.366018 -0.564342439 -0.134925365 0.415854454 0.031098245 0.413785666 0.065383837 0.907490671
1341845965.398649 -0.565833986 -0.140377581 0.435830355 0.029322000 0.422639340 0.066487931 0.903380096
1341845965.431881 -0.566193879 -0.140173301 0.441707075 0.030119404 0.429981053 0.067813203 0.899783552
1341845965.466122 -0.568164229 -0.133986443 0.456004351 0.031248750 0.435620934 0.071914904 0.896708488
1341845965.498735 -0.568417490 -0.135264829 0.477907240 0.029549984 0.441354990 0.074963294 0.893707514
1341845965.538924 -0.580049276 -0.136213660 0.471480012 0.027938990 0.447571903 0.078669250 0.890342593
1341845965.574497 -0.582872152 -0.136716649 0.496618807 0.027263943 0.452359021 0.084568873 0.887398541
1341845965.604085 -0.580284595 -0.141512498 0.515985906 0.027453175 0.456908494 0.088783987 0.884645879
1341845965.640215 -0.590182662 -0.136413231 0.528330922 0.028501213 0.463123620 0.091665730 0.881079793
1341845965.671775 -0.590941429 -0.142307654 0.555958569 0.028476050 0.469923764 0.094542421 0.877167344
1341845965.703769 -0.602028549 -0.142906249 0.546073139 0.031259399 0.474066198 0.098871380 0.874361813
1341845965.739932 -0.614261806 -0.141462252 0.541932940 0.032024276 0.478669852 0.101292692 0.871544302
1341845965.771986 -0.612729728 -0.145965591 0.556750953 0.030489828 0.483497679 0.102471501 0.868792236
1341845965.803746 -0.612949550 -0.144524306 0.586149156 0.027504321 0.488389671 0.099808916 0.866462529
1341845965.840020 -0.612979889 -0.144406930 0.597909212 0.027792057 0.490374327 0.100436121 0.865259051
1341845965.871716 -0.625403106 -0.146082163 0.601329923 0.029418105 0.491096169 0.101765864 0.864640296
1341845965.907848 -0.635673106 -0.139111564 0.577556074 0.026998017 0.491551101 0.100933239 0.864558339
1341845965.939897 -0.639090955 -0.142870843 0.592983246 0.027023781 0.492715776 0.102155119 0.863750696
1341845965.971777 -0.640523851 -0.146044180 0.598792732 0.028478935 0.491309345 0.103395827 0.864357233
1341845966.007712 -0.641967237 -0.149367735 0.613887787 0.028469246 0.493267030 0.103436075 0.863237023
1341845966.039925 -0.645337820 -0.146771997 0.613262236 0.025502129 0.492842704 0.103786372 0.863529980
1341845966.071842 -0.659041226 -0.147970021 0.598003507 0.023161085 0.489183575 0.104750514 0.865557790
1341845966.107724 -0.654822111 -0.149702206 0.604932189 0.022425720 0.486576289 0.104560807 0.867068410
1341845966.139710 -0.661554277 -0.143967658 0.595950305 0.021843407 0.486078233 0.104238905 0.867401302
1341845966.171793 -0.654899716 -0.150083110 0.604122102 0.020059785 0.483608305 0.103354439 0.868929505
1341845966.207829 -0.663309753 -0.149537653 0.597284794 0.018414490 0.479431957 0.103720181 0.871233582
1341845966.239904 -0.659465432 -0.145623639 0.606623828 0.018075647 0.478410304 0.102321014 0.871967494
1341845966.275869 -0.647631466 -0.143017828 0.655463696 0.019140955 0.477725387 0.104663186 0.872042239
1341845966.307882 -0.651232064 -0.140276730 0.634804130 0.017151160 0.470485300 0.107223473 0.875701189
1341845966.339897 -0.641705155 -0.142642304 0.635698378 0.014085647 0.466655284 0.106579959 0.877881050
1341845966.375773 -0.652100444 -0.143969849 0.620687485 0.014438060 0.461180419 0.110010318 0.880341947
1341845966.408401 -0.623943031 -0.141173095 0.665274441 0.016736215 0.449290276 0.114985004 0.885797203
1341845966.470009 -0.631114781 -0.129619032 0.621625960 0.011585623 0.441500843 0.110145196 0.890399218
1341845966.502100 -0.631863356 -0.130475223 0.603137970 0.014362974 0.435606867 0.110305399 0.893237412
1341845966.537769 -0.616568089 -0.128300160 0.596743703 0.015632275 0.430507839 0.108581871 0.895895422
1341845966.570051 -0.622710466 -0.127757072 0.569370449 0.012393897 0.429964274 0.104144111 0.896733582
1341845966.605694 -0.602676570 -0.128291368 0.602737844 0.014487348 0.426594496 0.104366966 0.898284376
1341845966.637893 -0.609993398 -0.121747591 0.573278725 0.016677883 0.418271989 0.101997122 0.902422845
1341845966.669930 -0.606490970 -0.124416724 0.552286386 0.014107632 0.414340734 0.097264782 0.904799581
1341845966.705984 -0.596069515 -0.121713839 0.552318811 0.011191281 0.411050200 0.092111528 0.906878114
1341845966.737793 -0.587391853 -0.116485633 0.556536853 0.011760358 0.403195888 0.089580193 0.910642684
1341845966.773893 -0.574752688 -0.110942438 0.551279068 0.011819556 0.397693455 0.086088769 0.913394213
1341845966.806068 -0.579539597 -0.110841662 0.532142401 0.008491473 0.394245684 0.080992997 0.915389717
1341845966.837941 -0.566601574 -0.105788574 0.525820196 0.007212974 0.384467393 0.079614230 0.919670820
1341845966.873813 -0.568488479 -0.103583254 0.511279047 0.003943203 0.376173586 0.076816559 0.923350990
1341845966.905683 -0.567926884 -0.104353108 0.499652237 -0.000627951 0.371439189 0.072615147 0.925613046
1341845966.937810 -0.556470692 -0.112023577 0.511125028 -0.003000331 0.364278197 0.069199853 0.928710818
1341845966.973800 -0.552769184 -0.104788862 0.496204078 -0.001130975 0.355159342 0.068664148 0.932279885
1341845967.005805 -0.547319591 -0.102902144 0.488275707 -0.000657247 0.350213140 0.066586755 0.934300005
1341845967.042225 -0.546847284 -0.098326631 0.468029141 -0.000030781 0.343026042 0.066594712 0.936962247
1341845967.073828 -0.539484322 -0.093421556 0.478040814 -0.000661166 0.333925843 0.068361565 0.940116882
1341845967.105887 -0.529486060 -0.093471453 0.482813656 -0.002474683 0.328208566 0.068056956 0.942147136
1341845967.141740 -0.530842781 -0.091286562 0.473740757 -0.002582842 0.322118670 0.067071818 0.944316804
1341845967.173814 -0.524839103 -0.084838204 0.448579639 -0.002598736 0.310163587 0.068570986 0.948203444
1341845967.205958 -0.523519218 -0.083234191 0.450136036 -0.005435884 0.302130282 0.069043383 0.950747490
1341845967.241684 -0.515578568 -0.082973540 0.456847817 -0.007962373 0.296969354 0.066450559 0.952538788
1341845967.273869 -0.509071290 -0.086259134 0.458382517 -0.010314719 0.289281934 0.064392164 0.955020010
1341845967.310009 -0.504684925 -0.082902454 0.441980124 -0.008970605 0.281349778 0.066234328 0.957274675
1341845967.341721 -0.496469170 -0.077512391 0.439728111 -0.007652223 0.276522428 0.066258013 0.958690107
1341845967.373873 -0.487954587 -0.071593449 0.428665936 -0.008829192 0.269622177 0.065847203 0.960671663
1341845967.409855 -0.485769987 -0.073999733 0.431004047 -0.011046240 0.263497233 0.065066367 0.962399900
1341845967.441891 -0.474621564 -0.072597846 0.426716805 -0.012964209 0.258562386 0.062486071 0.963884294
1341845967.473782 -0.463960290 -0.066900298 0.431777507 -0.014485602 0.256357104 0.061727256 0.964500368
1341845967.509844 -0.460078955 -0.066896379 0.434155792 -0.014999418 0.253289431 0.061718613 0.965303183
1341845967.541835 -0.450164050 -0.065287687 0.428599387 -0.014848338 0.248930991 0.061269075 0.966467261
1341845967.583843 -0.439886540 -0.063370064 0.415203571 -0.017215507 0.248429865 0.058608562 0.966721892
1341845967.641865 -0.424513400 -0.041690513 0.401268065 -0.017536627 0.242913365 0.055686988 0.968289495
1341845967.677848 -0.412344992 -0.034544896 0.381639153 -0.025439793 0.238780126 0.051787008 0.969358027
1341845967.709875 -0.405701429 -0.053212032 0.402761728 -0.034894422 0.239551768 0.046185587 0.969156444
1341845967.745878 -0.397026539 -0.050978344 0.407083929 -0.033562578 0.237400562 0.048250336 0.969632149
1341845967.778746 -0.389771491 -0.049866226 0.404938668 -0.032004990 0.234801084 0.048214853 0.970319271
1341845967.809778 -0.380798817 -0.037600458 0.394886345 -0.032692924 0.233702689 0.047384728 0.970602334
1341845967.845933 -0.379667729 -0.038322639 0.402769417 -0.034952573 0.231409729 0.047420975 0.971071124
1341845967.878439 -0.369006097 -0.039155468 0.398525983 -0.035865698 0.225113630 0.049046203 0.972436070
1341845967.910100 -0.358945608 -0.038941454 0.385973811 -0.039202053 0.221467257 0.045896001 0.973298013
1341845967.945831 -0.354337871 -0.037796676 0.396363109 -0.041652035 0.219839111 0.042462271 0.973721147
1341845967.977896 -0.345383286 -0.038600765 0.395220906 -0.041445144 0.213435307 0.042926528 0.975133300
1341845968.013873 -0.335213751 -0.044500221 0.377924562 -0.040951133 0.207739487 0.041477986 0.976446033
1341845968.046014 -0.329311877 -0.038976610 0.389782131 -0.038989644 0.204429448 0.038450636 0.977348447
1341845968.077840 -0.321176320 -0.039052445 0.378626883 -0.039714616 0.199219108 0.036623891 0.978464723
1341845968.113779 -0.315046906 -0.029814953 0.384117454 -0.039135888 0.192714646 0.037617069 0.979752183
1341845968.146343 -0.307347864 -0.031509336 0.377306789 -0.042719584 0.186367720 0.032888267 0.980999768
1341845968.178020 -0.301233739 -0.022779327 0.375965953 -0.046210956 0.179914877 0.030866541 0.982111216
1341845968.213838 -0.291118056 -0.019962087 0.377582371 -0.048521001 0.171225742 0.029873628 0.983582735
1341845968.245986 -0.282874912 -0.025526235 0.363641471 -0.050531037 0.163746372 0.026221387 0.984858453
1341845968.281755 -0.271774411 -0.021036098 0.359030962 -0.050749399 0.156850711 0.024013653 0.986025214
1341845968.313859 -0.266815215 -0.028092185 0.361291379 -0.053723950 0.151672333 0.020146269 0.986764073
1341845968.381845 -0.244396016 -0.019552412 0.358464479 -0.044835910 0.135194674 0.015485401 0.989682972
1341845968.413829 -0.236521021 -0.009304720 0.344524026 -0.043675538 0.126331702 0.012788632 0.990943611
1341845968.445783 -0.228162065 -0.015765620 0.340849578 -0.047280751 0.119313531 0.006321693 0.991710067
1341845968.481950 -0.219415352 -0.015420755 0.334772766 -0.045765545 0.111972690 0.004152840 0.992648184
1341845968.513880 -0.217064485 -0.023593213 0.332106799 -0.042843319 0.102712199 0.003289610 0.993782580
1341845968.549874 -0.196303159 -0.004473612 0.311590940 -0.039326172 0.092542864 0.000424774 0.994931698
1341845968.581797 -0.182698399 -0.010905553 0.307550073 -0.046304204 0.086295091 -0.010472885 0.995137870
1341845968.613836 -0.181473583 -0.017033055 0.315189123 -0.047585424 0.081425570 -0.012060721 0.995469749
1341845968.649866 -0.161304757 -0.021509653 0.312007338 -0.044065792 0.071597658 -0.013587164 0.996367097
1341845968.681800 -0.136340216 -0.006671762 0.300943881 -0.042021204 0.066714719 -0.014553077 0.996780634
1341845968.713888 -0.130034596 -0.011455713 0.301912576 -0.045741960 0.066002071 -0.017719859 0.996612966
1341845968.749871 -0.115565389 -0.016556578 0.302892715 -0.045220979 0.062139042 -0.017381996 0.996891022
1341845968.781921 -0.099946268 -0.013534090 0.292350233 -0.043541353 0.060000781 -0.016996110 0.997103393
1341845968.817754 -0.085522979 -0.011755549 0.283076346 -0.046624321 0.059228703 -0.020191835 0.996950567
1341845968.850259 -0.076942109 -0.014097405 0.295512259 -0.048783667 0.057532433 -0.021559274 0.996917903
1341845968.881826 -0.061410289 -0.017429417 0.287473321 -0.046871271 0.054780561 -0.021726666 0.997161031
1341845968.917722 -0.045845576 -0.007073060 0.276977926 -0.045232501 0.052986462 -0.023228783 0.997299790
1341845968.949889 -0.035550054 -0.006890135 0.279464185 -0.048110444 0.051355448 -0.024767922 0.997213364
1341845968.985958 -0.020303089 -0.002567069 0.282351613 -0.047793493 0.048378538 -0.023810066 0.997400820
1341845969.017732 -0.008311214 -0.006335468 0.279952586 -0.047935754 0.046591442 -0.026145279 0.997420549
1341845969.049916 0.004168344 -0.002137506 0.276953429 -0.049185537 0.044781920 -0.029170198 0.997358739
1341845969.085845 0.017511457 -0.002213286 0.277690977 -0.052170586 0.041541778 -0.032067198 0.997258365
1341845969.117802 0.030403234 -0.008867673 0.278797299 -0.053805113 0.040059585 -0.035166010 0.997127652
1341845969.149856 0.043831252 -0.002888157 0.285145760 -0.050904229 0.038734097 -0.035540022 0.997319102
1341845969.185864 0.058830999 0.001047888 0.283317864 -0.049232185 0.036511548 -0.035240345 0.997497499
1341845969.217819 0.073783278 -0.006492085 0.284671396 -0.050439738 0.035404291 -0.038143288 0.997370303
1341845969.254025 0.087409914 -0.005820395 0.288659185 -0.048412781 0.035497725 -0.039575800 0.997411609
1341845969.317925 0.114977874 -0.000922370 0.288547277 -0.044722535 0.033011258 -0.043487549 0.997506380
1341845969.353755 0.130012199 0.012850658 0.288715541 -0.045026876 0.030491032 -0.046551358 0.997434616
1341845969.386150 0.137957215 0.007643292 0.295031875 -0.049527310 0.026271425 -0.052658152 0.997037590
1341845969.417886 0.153748944 0.000186159 0.295088738 -0.051436402 0.021315008 -0.056856692 0.996828616
1341845969.453876 0.165823013 0.001800738 0.294656515 -0.050080359 0.019773446 -0.059996892 0.996745348
1341845969.485873 0.173640966 -0.000967438 0.299416751 -0.049343877 0.018575540 -0.063953161 0.996559143
1341845969.521785 0.172354758 -0.001433361 0.305402607 -0.047554050 0.015199239 -0.064914793 0.996641219
1341845969.553864 0.185659006 -0.000299895 0.303739846 -0.047551628 0.007938543 -0.064283818 0.996766448
1341845969.585920 0.196003422 -0.003213091 0.301133335 -0.051738977 0.004880841 -0.068299696 0.996310353
1341845969.621808 0.203840330 -0.007188690 0.306760669 -0.054061547 0.001918104 -0.066879086 0.996293545
1341845969.653912 0.211849913 -0.009870871 0.303823858 -0.050001245 -0.002649639 -0.060931657 0.996885240
1341845969.685996 0.225162253 -0.007098008 0.304923505 -0.044410557 -0.006115951 -0.057181023 0.997356832
1341845969.721838 0.227844998 -0.001910278 0.302515358 -0.044305667 -0.006322136 -0.055346847 0.997463644
1341845969.753718 0.231956437 -0.007398262 0.302875251 -0.047442935 -0.010332572 -0.054814961 0.997315228
1341845969.789954 0.243477434 -0.003838719 0.306560248 -0.046302706 -0.014757360 -0.056910958 0.997195780
1341845969.821781 0.249501705 0.004342133 0.304942042 -0.046966199 -0.016979067 -0.058220491 0.997053802
1341845969.853649 0.256719768 0.000704947 0.303210706 -0.050711077 -0.020381194 -0.060085662 0.996695876
1341845969.889965 0.265245050 -0.001962782 0.310426921 -0.051540602 -0.027240712 -0.060331672 0.996474564
1341845969.922004 0.274592280 -0.000055755 0.310369611 -0.050670512 -0.032879964 -0.060529448 0.996337056
1341845969.957892 0.257142872 -0.012531595 0.287773103 -0.055094972 -0.034138832 -0.059451021 0.996124804
1341845969.989937 0.309825569 -0.008117129 0.303492099 -0.053640276 -0.052798454 -0.060230382 0.995342851
1341845970.021841 0.314271420 -0.006136708 0.307955325 -0.053797923 -0.058066059 -0.062174130 0.994921327
1341845970.057886 0.315914810 -0.009448241 0.301428735 -0.056243688 -0.060595300 -0.063054375 0.994579792
1341845970.089962 0.321177095 -0.023705162 0.313181490 -0.056819946 -0.068440236 -0.063140661 0.994032562
1341845970.121869 0.351849586 -0.019245472 0.315663010 -0.051597357 -0.079975262 -0.065271400 0.993318319
1341845970.158120 0.387510180 -0.002342422 0.318457097 -0.046836253 -0.088940300 -0.069195978 0.992525995
1341845970.189970 0.411303669 -0.003372541 0.311918736 -0.048700862 -0.095453009 -0.072304830 0.991609275
1341845970.225844 0.420428872 -0.004247358 0.327311099 -0.048911102 -0.100863546 -0.075425632 0.990830600
1341845970.258244 0.406024128 0.007150933 0.327364057 -0.044800635 -0.101436205 -0.079745308 0.990628242
1341845970.289882 0.423358649 0.006037313 0.313665450 -0.044979922 -0.110343643 -0.080925122 0.989571750
1341845970.325836 0.438655376 -0.001618445 0.315450370 -0.050629418 -0.116878256 -0.085985735 0.988120735
1341845970.357771 0.427545905 0.019378770 0.315200210 -0.048594415 -0.115236409 -0.092265360 0.987849295
1341845970.400198 0.413422704 0.035916980 0.310506284 -0.047340866 -0.121018775 -0.093052186 0.987144649
1341845970.432233 0.466956854 0.013377431 0.322065890 -0.056180056 -0.143888086 -0.091716193 0.983731747
1341845970.464489 0.492906421 0.006498036 0.329743236 -0.059990410 -0.150734127 -0.096591361 0.982013464
1341845970.500675 0.477121353 -0.023530426 0.336883366 -0.066333279 -0.152187794 -0.098727778 0.981168509
1341845970.532407 0.505790234 0.005478366 0.344994575 -0.051538825 -0.168051526 -0.088497333 0.980444133
1341845970.567803 0.538310051 -0.009616377 0.342479914 -0.049533036 -0.175793692 -0.085071221 0.979492724
1341845970.600041 0.529375196 -0.001059058 0.341620028 -0.044817191 -0.172950193 -0.086100727 0.980135858
1341845970.631820 0.539683878 0.008954957 0.340109974 -0.036935475 -0.180622354 -0.077617511 0.979789197
1341845970.667826 0.537627637 0.010290775 0.328113705 -0.036370117 -0.181164294 -0.074650459 0.979940832
1341845970.699966 0.557584882 0.009807163 0.346542984 -0.039025854 -0.185527816 -0.079391055 0.978648782
1341845970.735804 0.559167325 0.000729499 0.354617774 -0.039922670 -0.189278424 -0.079662524 0.977872014
1341845970.767731 0.588314414 -0.008832177 0.363638699 -0.036754783 -0.200036675 -0.075142294 0.976211071
1341845970.799873 0.576514900 0.014089199 0.352816284 -0.030986855 -0.196833074 -0.077157259 0.976904988
1341845970.835874 0.584570289 -0.001321898 0.360995471 -0.036870483 -0.201092497 -0.077847630 0.975777686
1341845970.867820 0.580970109 0.005764222 0.358522683 -0.037240166 -0.202049419 -0.080280833 0.975368738
1341845970.899906 0.595796287 0.017505379 0.373436004 -0.035773955 -0.204896182 -0.084157303 0.974502623
1341845970.935978 0.608605266 -0.009352436 0.396817595 -0.039052550 -0.212531447 -0.086458474 0.972537994
1341845970.967783 0.612059951 -0.015115071 0.380273014 -0.034440480 -0.215360224 -0.081719726 0.972499728
1341845970.999794 0.633758783 -0.021115959 0.396468282 -0.032153320 -0.218449593 -0.083132409 0.971768975
1341845971.035783 0.629668117 -0.011251095 0.411406070 -0.025979158 -0.220117286 -0.085958891 0.971331298
1341845971.067826 0.625610411 -0.004444435 0.392252117 -0.021174919 -0.221662343 -0.083568409 0.971305192
1341845971.099725 0.634268641 -0.016434282 0.391367167 -0.025356309 -0.222678408 -0.085599236 0.970795631
1341845971.135748 0.639177561 -0.023117242 0.402370632 -0.027562449 -0.225712657 -0.089079291 0.969721079
1341845971.167793 0.644134581 -0.015206923 0.396643996 -0.026893947 -0.227826893 -0.088304587 0.969316185
1341845971.203833 0.659701765 -0.010799699 0.404505908 -0.031475883 -0.231998324 -0.089728653 0.968057275
1341845971.235879 0.669521511 -0.011066172 0.432142586 -0.032994647 -0.237437993 -0.092553213 0.966420412
1341845971.267817 0.685885966 -0.035166875 0.448936552 -0.037691128 -0.248309568 -0.085787252 0.964138091
1341845971.303920 0.702645838 0.007036785 0.438046783 -0.029069582 -0.249440938 -0.087110594 0.964025915
1341845971.335818 0.705339789 -0.008098447 0.451773226 -0.034256306 -0.249646187 -0.095299505 0.963027179
1341845971.367721 0.708956003 -0.016322326 0.473308891 -0.034537241 -0.256493092 -0.094108239 0.961333513
1341845971.403863 0.730438828 -0.012516315 0.448935926 -0.032715343 -0.259946227 -0.094168283 0.960463464
1341845971.436064 0.726238370 -0.014045300 0.457966536 -0.036443789 -0.257365972 -0.103461266 0.960067928
1341845971.467656 0.727169573 -0.031260159 0.478366554 -0.041302621 -0.264243811 -0.103746951 0.957969666
1341845971.503829 0.738623321 -0.023518030 0.459848970 -0.039476451 -0.267499000 -0.102356359 0.957292557
1341845971.535782 0.747368574 -0.019543802 0.462650776 -0.040467992 -0.265969723 -0.110892989 0.956726313
1341845971.567956 0.762193739 -0.041644029 0.499451965 -0.042615090 -0.271437079 -0.108739384 0.955343723
1341845971.603941 0.771679163 -0.029466296 0.480662167 -0.036990467 -0.273802340 -0.100002371 0.955857456
1341845971.636365 0.799779475 -0.026765596 0.484968692 -0.039918128 -0.274786472 -0.106854744 0.954715133
1341845971.671762 0.792294145 -0.027608842 0.509682357 -0.039545424 -0.273669869 -0.109160155 0.954790592
1341845971.703863 0.800826430 -0.023845483 0.501018584 -0.034033857 -0.275075465 -0.099667870 0.955636740
1341845971.735710 0.826070845 -0.028105825 0.496985018 -0.034022942 -0.274632394 -0.099274099 0.955805480
1341845971.771695 0.827327073 -0.046569433 0.517440498 -0.036279999 -0.271293849 -0.098129325 0.956793606
1341845971.803762 0.823384225 -0.046594780 0.515677452 -0.030051906 -0.270482749 -0.087736309 0.958247483
1341845971.835834 0.832300603 -0.022829425 0.511734188 -0.024834910 -0.269526452 -0.084910564 0.958920717
1341845971.871793 0.831235170 -0.026938016 0.517631650 -0.027798038 -0.267193973 -0.090567224 0.958974540
1341845971.903763 0.834107339 -0.048949946 0.525290728 -0.028985685 -0.270330220 -0.084732182 0.958593667
1341845971.939872 0.843059838 -0.050658427 0.516884029 -0.027104983 -0.271291554 -0.083042160 0.958525002
1341845971.971790 0.837657273 -0.034500808 0.513025522 -0.026420901 -0.268211544 -0.088043250 0.958964467
1341845972.003888 0.844670296 -0.063244775 0.537073910 -0.032387424 -0.272766560 -0.085982025 0.957682908
1341845972.039793 0.836988151 -0.046128321 0.520827532 -0.025326347 -0.270919234 -0.085243866 0.958485723
1341845972.071849 0.834540367 -0.030300744 0.513126910 -0.021243611 -0.267914057 -0.087320194 0.959242404
1341845972.107796 0.833620548 -0.053141344 0.524421811 -0.025407763 -0.268281460 -0.086655237 0.959098756
1341845972.139775 0.830491662 -0.062068567 0.521915138 -0.022592660 -0.269279659 -0.083910309 0.959133506
1341845972.171696 0.826567769 -0.047491480 0.504928589 -0.019298863 -0.266777962 -0.084477507 0.959854484
1341845972.207893 0.817706287 -0.047972795 0.511399329 -0.021567663 -0.264661014 -0.087920949 0.960082948
1341845972.270076 0.802970648 -0.053785354 0.509314597 -0.017010786 -0.264401585 -0.078525379 0.961059928
1341845972.301845 0.791892767 -0.047015972 0.497739971 -0.015476973 -0.260114670 -0.076351747 0.962429881
1341845972.334234 0.784850419 -0.048910696 0.508255243 -0.014819556 -0.259344280 -0.072600842 0.962938249
1341845972.369757 0.781610310 -0.048611294 0.510588825 -0.010125551 -0.258998513 -0.064802557 0.963648200
1341845972.401738 0.767958879 -0.039229944 0.502417743 -0.005248751 -0.254489273 -0.062172830 0.965060711
1341845972.437788 0.753287077 -0.038987231 0.497028291 -0.004459554 -0.250906616 -0.059697188 0.966158509
1341845972.469777 0.742957413 -0.035952471 0.494401604 -0.002160846 -0.248758838 -0.057281964 0.966867685
1341845972.501817 0.734898448 -0.029971773 0.495100319 0.000742332 -0.244931951 -0.056432758 0.967896223
1341845972.537909 0.722580552 -0.033414818 0.496385902 0.003120864 -0.240819648 -0.052813876 0.969126880
1341845972.569894 0.719087362 -0.044321347 0.495790005 0.004822421 -0.238308609 -0.046159290 0.970079958
1341845972.601946 0.698236287 -0.041204326 0.487885028 0.008657674 -0.228772447 -0.042819537 0.972499192
1341845972.637827 0.696074188 -0.049208589 0.492553324 0.009957289 -0.223242819 -0.041374832 0.973833442
1341845972.669939 0.682053089 -0.053573959 0.499211490 0.014300679 -0.218827918 -0.037178230 0.974950075
1341845972.705766 0.665031314 -0.046248060 0.487425297 0.023330661 -0.209594354 -0.034075469 0.976915956
1341845972.737731 0.636231422 -0.042610429 0.475643814 0.026999490 -0.198801190 -0.033448625 0.979096651
1341845972.770011 0.627807260 -0.045571998 0.483548164 0.028395696 -0.194632336 -0.030186351 0.980000377
1341845972.805697 0.614502192 -0.039777439 0.475903600 0.031311996 -0.188905925 -0.027447486 0.981112003
1341845972.837902 0.603460848 -0.055051673 0.478863239 0.030063186 -0.185475260 -0.024765790 0.981876671
1341845972.869858 0.584799349 -0.051623803 0.475205392 0.032707695 -0.181517929 -0.020099692 0.982638001
1341845972.905813 0.578610122 -0.044958387 0.474368453 0.034022804 -0.180890739 -0.018728957 0.982736051
1341845972.937837 0.564321816 -0.043921776 0.473083138 0.035268463 -0.177450150 -0.018570045 0.983322263
1341845973.006643 0.534813464 -0.041504171 0.464102328 0.036199696 -0.174043223 -0.018043464 0.983906984
1341845973.037797 0.536027551 -0.047232121 0.469121158 0.033748429 -0.174433500 -0.019444777 0.983898342
1341845973.073733 0.531055868 -0.059108999 0.469393790 0.031223929 -0.172176704 -0.020448251 0.984358728
1341845973.106021 0.521838486 -0.061835740 0.467262328 0.034563892 -0.169438481 -0.019663585 0.984738171
1341845973.137862 0.513790071 -0.056501657 0.467014581 0.038187817 -0.166254580 -0.018547600 0.985168576
1341845973.173821 0.504057825 -0.055896498 0.461144745 0.038661037 -0.162608132 -0.019486232 0.985740423
1341845973.205866 0.488538176 -0.056821849 0.463092387 0.040915716 -0.159810007 -0.019783722 0.986101031
1341845973.241913 0.482404679 -0.046652906 0.460465521 0.046827465 -0.156540185 -0.017461132 0.986406326
1341845973.273972 0.467981726 -0.047370333 0.452258885 0.047453530 -0.151264548 -0.018262353 0.987184763
1341845973.306456 0.459481716 -0.050975800 0.454818934 0.047575500 -0.150474951 -0.018403681 0.987296879
1341845973.341851 0.454341322 -0.048943356 0.454760045 0.049954157 -0.148555741 -0.016598670 0.987502038
1341845973.373892 0.443965167 -0.053348672 0.445950568 0.051410958 -0.144025579 -0.014548059 0.988130510
1341845973.409787 0.432377189 -0.051294371 0.442573458 0.056234494 -0.141080618 -0.011484610 0.988332927
1341845973.441766 0.419177920 -0.040377408 0.439144462 0.059554596 -0.137176037 -0.009343788 0.988710582
1341845973.474155 0.409731269 -0.043956034 0.436207891 0.057489876 -0.131365418 -0.008389904 0.989630044
1341845973.509824 0.403981715 -0.051998030 0.429060996 0.059406035 -0.126691252 -0.006081881 0.990143061
1341845973.541876 0.391903162 -0.048558742 0.426098049 0.063675039 -0.120011345 -0.000910158 0.990727961
1341845973.573858 0.378304154 -0.047149658 0.419670105 0.066276491 -0.113267951 0.000203247 0.991351485
1341845973.609706 0.367455125 -0.046097420 0.419809073 0.070625417 -0.108038403 0.002577863 0.991631567
1341845973.641832 0.350095063 -0.040757596 0.409312665 0.074679531 -0.102376319 0.005962568 0.991920590
1341845973.677783 0.343838871 -0.028193848 0.400574297 0.075181767 -0.096411072 0.004823002 0.992486417
1341845973.709911 0.321936756 -0.044358443 0.396261036 0.070814729 -0.089348592 0.005062672 0.993466914
1341845973.741811 0.315519571 -0.042132553 0.395484179 0.073744111 -0.087331258 0.008295085 0.993411422
1341845973.777893 0.305170327 -0.032278016 0.386499792 0.076029345 -0.080946803 0.009247977 0.993771434
1341845973.810234 0.294514179 -0.031056719 0.375076413 0.074766740 -0.073740818 0.008644201 0.994433284
1341845973.841682 0.282249957 -0.040413000 0.374309719 0.073965900 -0.068170518 0.012850804 0.994845092
1341845973.877808 0.263543665 -0.031731877 0.367304265 0.079365544 -0.059558053 0.015132299 0.994949758
1341845973.909935 0.251742244 -0.023461880 0.351511002 0.079709202 -0.050524019 0.016119098 0.995406389
1341845973.946008 0.243176743 -0.024951987 0.345467627 0.076413818 -0.043854035 0.019497817 0.995920479
1341845973.977874 0.229676262 -0.031929266 0.340524614 0.075025588 -0.036829248 0.022704583 0.996242583
1341845974.009966 0.221162051 -0.031920612 0.335058600 0.076824553 -0.032671377 0.027393049 0.996132612
1341845974.045762 0.211372152 -0.024147471 0.324429780 0.077568628 -0.027616186 0.028781502 0.996188760
1341845974.077904 0.206773937 -0.022372523 0.316824466 0.073970690 -0.021690277 0.025789106 0.996690929
1341845974.109840 0.193659961 -0.028158048 0.308749348 0.069444738 -0.014772490 0.020556333 0.997264564
1341845974.145742 0.183885872 -0.033596497 0.307172686 0.067645714 -0.009896872 0.020417750 0.997451365
1341845974.177833 0.175573900 -0.042063769 0.300123453 0.067858540 -0.003836442 0.018939942 0.997507811
1341845974.213769 0.163878396 -0.039658647 0.298553616 0.070126988 0.005283257 0.016627694 0.997385502
1341845974.245781 0.147362605 -0.048861459 0.296547443 0.070370033 0.014428276 0.018654654 0.997242153
1341845974.278874 0.144819096 -0.043890607 0.287181288 0.077197798 0.019102985 0.019211208 0.996647656
1341845974.313829 0.127898887 -0.040032275 0.288518131 0.078961104 0.022881171 0.019887060 0.996416628
1341845974.345963 0.116369158 -0.039083485 0.284262717 0.079180248 0.020797443 0.022822525 0.996381998
1341845974.381701 0.113601394 -0.046396676 0.282750756 0.080336832 0.020312864 0.023476170 0.996284246
1341845974.413828 0.102659285 -0.036043417 0.273709059 0.081701100 0.020894952 0.022880223 0.996175110
1341845974.445772 0.089354195 -0.035749175 0.278437227 0.079259239 0.019013375 0.023184119 0.996403039
1341845974.481775 0.088869482 -0.037434109 0.274371743 0.077002555 0.016950833 0.020182397 0.996682465
1341845974.513798 0.084032588 -0.039241988 0.270511270 0.075907253 0.019160543 0.013172857 0.996843755
1341845974.545930 0.068796299 -0.027840301 0.280193597 0.075359270 0.019245179 0.008003404 0.996938586
1341845974.581793 0.076650389 -0.024736920 0.263126820 0.069598459 0.016834144 -0.002909318 0.997428775
1341845974.613863 0.073141284 -0.035661079 0.274058133 0.062136814 0.023519268 -0.021391049 0.997561157
1341845974.649867 0.056599531 -0.034630533 0.277210712 0.060634866 0.027350394 -0.030591080 0.997316182
1341845974.681899 0.057504069 -0.035608996 0.277578831 0.059915867 0.025388086 -0.033691335 0.997311592
1341845974.713894 0.061527185 -0.035276737 0.274711192 0.057537504 0.027721900 -0.042980246 0.997032404
1341845974.749846 0.053953912 -0.038491741 0.285631567 0.054543901 0.034481887 -0.051448792 0.996588707
1341845974.783846 0.043713242 -0.043940604 0.290665984 0.054820467 0.035676438 -0.052316338 0.996486306
1341845974.815998 0.041060437 -0.041465681 0.294906586 0.058434553 0.033537958 -0.053502273 0.996292174
1341845974.850024 0.040237285 -0.030056639 0.295920908 0.054408945 0.037784237 -0.062037997 0.995873153
1341845974.882164 0.025854928 -0.034793276 0.312937170 0.048315261 0.039788973 -0.069231734 0.995635211
1341845974.918337 0.018473182 -0.041958060 0.316847026 0.047470856 0.036777310 -0.075387798 0.995344460
1341845974.982668 0.013541125 -0.037578419 0.320408225 0.037518054 0.037458930 -0.096754223 0.993895292
1341845975.017979 0.005783967 -0.050701313 0.321147472 0.032134593 0.037130024 -0.106861152 0.993060648
1341845975.051071 0.004830276 -0.049812723 0.319007367 0.031024253 0.036540993 -0.117064238 0.991966844
1341845975.081985 0.002978479 -0.059521671 0.304635167 0.026631964 0.038431626 -0.128154993 0.990651309
1341845975.124057 -0.014324827 -0.075650051 0.317757010 0.025016693 0.042640891 -0.138467073 0.989132345
1341845975.149794 -0.019433150 -0.076878034 0.319660842 0.029997764 0.043315943 -0.146434784 0.987816155
1341845975.186157 -0.013614238 -0.064501613 0.315325260 0.033214845 0.041312836 -0.152143240 0.986935914
1341845975.249885 -0.027438270 -0.069586955 0.319033474 0.027479194 0.041838095 -0.174892619 0.983314335
1341845975.285858 -0.027419165 -0.068361178 0.310045958 0.027070623 0.038142134 -0.184943303 0.981635511
1341845975.318226 -0.029408209 -0.069456302 0.313157946 0.026414106 0.035512660 -0.193464085 0.980108559
1341845975.349820 -0.043128945 -0.077437297 0.321597904 0.027005481 0.035471167 -0.208400980 0.977026880
1341845975.385748 -0.044095375 -0.067138329 0.330676049 0.033133198 0.027717289 -0.215154216 0.975624204
1341845975.418586 -0.033991013 -0.068826027 0.282694131 0.029232508 0.023982832 -0.225184649 0.973582149
1341845975.453683 -0.043499839 -0.081352271 0.298709035 0.019195598 0.025247592 -0.248748913 0.968048573
1341845975.485815 -0.052302714 -0.080869690 0.306095809 0.019403722 0.020548332 -0.260050416 0.965181351
1341845975.518370 -0.044081245 -0.074261270 0.299761027 0.021403138 0.012224372 -0.265712291 0.963737249
1341845975.553830 -0.044591751 -0.074119791 0.287934303 0.015340342 0.011561557 -0.283528447 0.958771408
1341845975.585815 -0.052082930 -0.075983211 0.289871186 0.005083084 0.011022819 -0.303522557 0.952746928
1341845975.621790 -0.054201074 -0.074577220 0.303819865 0.003538687 0.005937283 -0.313573986 0.949538589
1341845975.653892 -0.050355822 -0.076604523 0.297648609 0.003002400 0.002322276 -0.326429695 0.945213854
1341845975.685822 -0.050998162 -0.073014945 0.289948463 0.000159545 0.001565726 -0.337635159 0.941275716
1341845975.721839 -0.052146908 -0.071105488 0.298451126 -0.003060488 -0.002525969 -0.347010583 0.937852800
1341845975.753916 -0.053717423 -0.078333266 0.286854506 -0.005769575 -0.004529144 -0.357667685 0.933820128
1341845975.785898 -0.053854000 -0.069946952 0.291418970 -0.005842311 -0.005228792 -0.365621746 0.930730522
1341845975.822033 -0.059735078 -0.073947839 0.291130424 -0.008677701 -0.006695988 -0.374296099 0.927244484
1341845975.853847 -0.066052660 -0.084387861 0.285781145 -0.011533024 -0.006042528 -0.385913908 0.922442913
1341845975.889898 -0.064884961 -0.080803551 0.287549824 -0.008808592 -0.004932747 -0.394618809 0.918789506
1341845975.921738 -0.065223284 -0.081227198 0.282261372 -0.008058407 -0.004714423 -0.402146488 0.915527701
1341845975.953818 -0.065661065 -0.084412634 0.273798406 -0.008447813 -0.001705822 -0.415262997 0.909660578
1341845975.990225 -0.059542924 -0.076822765 0.279307514 -0.006690787 0.000158943 -0.427992821 0.903757334
1341845976.021756 -0.055798866 -0.076532342 0.279590666 -0.008605649 -0.000655512 -0.438640356 0.898621261
1341845976.053955 -0.059520852 -0.072521053 0.287460297 -0.008341529 -0.000235713 -0.452578425 0.891685545
1341845976.089793 -0.056929585 -0.066262558 0.280290365 -0.008103612 0.000474998 -0.468333960 0.883514225
1341845976.121752 -0.058279179 -0.065375902 0.281645328 -0.012481140 -0.001454303 -0.482864052 0.875605166
1341845976.157709 -0.062597916 -0.071394816 0.282978565 -0.016270896 -0.003018127 -0.499730289 0.866022944
1341845976.189850 -0.072777763 -0.066990443 0.284910321 -0.017759297 0.000663398 -0.517836034 0.855295300
1341845976.221929 -0.063413404 -0.057984561 0.300217301 -0.015090779 -0.001082939 -0.529681563 0.848061681
1341845976.257665 -0.065381877 -0.056344829 0.291301727 -0.014891108 -0.005105201 -0.539285660 0.841975749
1341845976.289829 -0.073700733 -0.065176219 0.281843483 -0.017793259 -0.004961910 -0.554655254 0.831875145
1341845976.321779 -0.072233506 -0.065888628 0.286504120 -0.019465689 -0.004481665 -0.564595401 0.825126052
1341845976.357875 -0.074409999 -0.056906905 0.303246349 -0.017352052 -0.006689548 -0.568876386 0.822212756
1341845976.389787 -0.084541179 -0.061943039 0.293415666 -0.019115565 -0.007748516 -0.576659262 0.816724300
1341845976.425771 -0.087852105 -0.059099566 0.290205717 -0.020862857 -0.003572717 -0.586768746 0.809477866
1341845976.457783 -0.084732048 -0.061048135 0.296885788 -0.020034678 -0.003193143 -0.590371847 0.806876361
1341845976.490566 -0.094562389 -0.056907915 0.305891305 -0.015423118 -0.003800986 -0.593594074 0.804607809
1341845976.525853 -0.091047794 -0.058498275 0.294405431 -0.014458744 -0.003889184 -0.598926246 0.800664186
1341845976.557683 -0.076776825 -0.062915593 0.289868653 -0.015024640 -0.005218592 -0.606489122 0.794932723
1341845976.593985 -0.078007534 -0.057977479 0.286568999 -0.015791235 -0.004929594 -0.614349663 0.788860440
1341845976.625785 -0.076527812 -0.058401540 0.278617412 -0.017627643 -0.004832684 -0.624869406 0.780515254
1341845976.657816 -0.081345074 -0.052831087 0.262265086 -0.022376275 0.001825734 -0.638877392 0.768980861
1341845976.693834 -0.074767545 -0.048439138 0.271559387 -0.026497234 0.005259944 -0.650312603 0.759186208
1341845976.725744 -0.080112629 -0.047970928 0.282231659 -0.030549476 0.005969291 -0.659576774 0.750992417
1341845976.757761 -0.085575715 -0.045745838 0.286008954 -0.032987271 0.008071030 -0.667505622 0.743829906
1341845976.793836 -0.081906550 -0.051666308 0.275706142 -0.033931538 0.007414880 -0.671797276 0.739920318
1341845976.826300 -0.083426096 -0.045626245 0.289891422 -0.032885849 0.009397059 -0.675391793 0.736665547
1341845976.861779 -0.082566291 -0.045520157 0.292558491 -0.030186567 0.011338116 -0.678610563 0.733790040
1341845976.893752 -0.077771053 -0.055395890 0.274185181 -0.028911468 0.010647294 -0.677843928 0.734560013
1341845976.925967 -0.074923828 -0.051730953 0.280312985 -0.028951477 0.012092362 -0.678382337 0.734038830
1341845976.961807 -0.076894999 -0.050406538 0.287579000 -0.027631657 0.013119861 -0.680627465 0.731990874
1341845976.993832 -0.066608101 -0.056913432 0.275567114 -0.027285112 0.012105157 -0.680760264 0.731897831
1341845977.025851 -0.068807624 -0.053396873 0.276503265 -0.029149894 0.014380939 -0.681403041 0.731186271
1341845977.061870 -0.077081181 -0.054842491 0.277076960 -0.030886998 0.019035220 -0.684855938 0.727774680
1341845977.093926 -0.071760260 -0.056157351 0.288300008 -0.025518887 0.020647008 -0.683764040 0.728964567
1341845977.129845 -0.065480538 -0.054132830 0.293714643 -0.018678758 0.018299052 -0.678344011 0.734278977
1341845977.161883 -0.071340300 -0.055936914 0.278791815 -0.018527681 0.019731810 -0.678067207 0.734501362
1341845977.193791 -0.067470863 -0.056117438 0.286461920 -0.017873248 0.021616133 -0.678337872 0.734214604
1341845977.229795 -0.063930400 -0.058873076 0.289052755 -0.015765514 0.021836631 -0.673260212 0.738914967
1341845977.261832 -0.068640821 -0.056896444 0.289252788 -0.013410246 0.024978196 -0.667492449 0.744076669
1341845977.293884 -0.066307902 -0.063501030 0.281399727 -0.007544237 0.026758315 -0.654742599 0.755340517
1341845977.329839 -0.064227320 -0.057859451 0.285556883 0.000262888 0.030880501 -0.642854273 0.765365720
1341845977.361782 -0.053945959 -0.058539376 0.304023087 0.007345611 0.029262995 -0.625412703 0.779710650
1341845977.397810 -0.058539998 -0.066275723 0.283255756 0.011328752 0.030119583 -0.613558590 0.788993239
1341845977.429761 -0.064070508 -0.072167084 0.292505383 0.013046915 0.032530241 -0.604783893 0.795617998
1341845977.461824 -0.050678171 -0.073035501 0.286299109 0.017947365 0.030801028 -0.591119170 0.805796087
1341845977.498015 -0.057153836 -0.075041436 0.295136243 0.022370962 0.029925983 -0.580059826 0.813716531
1341845977.529931 -0.060454845 -0.077568568 0.277692109 0.023622466 0.030307677 -0.572387099 0.819082737
1341845977.562577 -0.059101127 -0.078223623 0.279222429 0.024091933 0.031809673 -0.565862656 0.823533297
1341845977.597887 -0.061250485 -0.082363151 0.283239424 0.027556516 0.031906314 -0.554008186 0.831443071
1341845977.634076 -0.060466196 -0.082428224 0.279848665 0.031658582 0.032821350 -0.541629732 0.839379370
1341845977.666205 -0.057897430 -0.081040196 0.289349258 0.035116922 0.034005120 -0.527750373 0.847991705
1341845977.704065 -0.055460118 -0.089383781 0.272774667 0.037533835 0.035348378 -0.510304451 0.858446896
1341845977.737376 -0.051503565 -0.089983501 0.272709519 0.044138554 0.035813540 -0.490959734 0.869326055
1341845977.803839 -0.040851213 -0.091252685 0.279562145 0.050549705 0.036861893 -0.460002691 0.885710716
1341845977.865926 -0.052620288 -0.095146023 0.283999711 0.056201726 0.038480937 -0.425781250 0.902258754
1341845977.897857 -0.036428254 -0.087473601 0.277120709 0.059453871 0.038806353 -0.409567833 0.909512758
1341845977.933745 -0.048607465 -0.090187699 0.283194453 0.057707332 0.042783711 -0.392243385 0.917052090
1341845977.965785 -0.048281729 -0.092164099 0.285245061 0.061622906 0.042843275 -0.375115007 0.923934937
1341845977.997875 -0.045577984 -0.095922813 0.279596061 0.062702864 0.044769894 -0.358781755 0.930236340
1341845978.033893 -0.046473924 -0.092615142 0.279220253 0.064703703 0.046913803 -0.341513842 0.936472535
1341845978.065776 -0.047607768 -0.095390908 0.284413248 0.067366637 0.047682241 -0.323566407 0.942598999
1341845978.101685 -0.043791939 -0.093657173 0.279174864 0.071329623 0.048961949 -0.304243028 0.948657453
1341845978.133916 -0.042292368 -0.090161510 0.286419243 0.077218927 0.050676826 -0.282802403 0.954720855
1341845978.166013 -0.044118673 -0.089743741 0.281676888 0.080887951 0.052815642 -0.263862222 0.959710538
1341845978.201775 -0.037686989 -0.080665380 0.287629783 0.083343528 0.053706191 -0.241381109 0.965352058
1341845978.233774 -0.041733984 -0.084509134 0.293871850 0.083323888 0.057420012 -0.224456176 0.969215930
1341845978.266075 -0.036312211 -0.084685326 0.294651389 0.085126862 0.058689114 -0.205876544 0.973100126
1341845978.301839 -0.038742147 -0.088728875 0.294645697 0.086676478 0.059700556 -0.181960508 0.977657139
1341845978.333873 -0.044822827 -0.092603885 0.303356111 0.091523997 0.061501130 -0.158227161 0.981226325
1341845978.369922 -0.040248591 -0.094407730 0.304570407 0.097233258 0.062556848 -0.130990341 0.984618604
1341845978.401825 -0.042873073 -0.086607680 0.309333920 0.100049719 0.064381443 -0.107910000 0.987015963
1341845978.433846 -0.043144122 -0.084123507 0.321471095 0.104142435 0.064654641 -0.085208960 0.988794029
1341845978.469873 -0.044020060 -0.089630254 0.321288139 0.108144291 0.067295022 -0.068620794 0.989478350
1341845978.501917 -0.047444906 -0.079237558 0.321508467 0.110720053 0.067957856 -0.050369296 0.990245283
1341845978.533810 -0.047070149 -0.081823468 0.315913111 0.107869267 0.066372275 -0.035073176 0.991326809
1341845978.569963 -0.044208169 -0.093936242 0.323117435 0.107389219 0.067964897 -0.022677660 0.991631985
1341845978.602229 -0.046946909 -0.090161189 0.332301080 0.112406895 0.069710530 -0.006562101 0.991192222
1341845978.638563 -0.047209807 -0.084978983 0.327634245 0.118343316 0.068927087 0.013403888 0.990486860
1341845978.677613 -0.048496790 -0.088142678 0.328088522 0.119495355 0.070368446 0.025716087 0.990003943
1341845978.711940 -0.056333382 -0.086792357 0.331075132 0.119442470 0.072593413 0.036527563 0.989509642
1341845978.744132 -0.062901102 -0.088755757 0.339205235 0.119970381 0.073946618 0.049046915 0.988803983
1341845978.776002 -0.057333492 -0.094534039 0.336922199 0.123043790 0.073146231 0.061704330 0.987776518
1341845978.813431 -0.058409989 -0.087591752 0.334705323 0.125454187 0.074505523 0.071779750 0.986690342
1341845978.871942 -0.052610587 -0.101691388 0.330474377 0.129274011 0.077014759 0.103365533 0.983195066
1341845978.906198 -0.051815789 -0.095286027 0.336489469 0.137172371 0.080393739 0.123971209 0.979465008
1341845978.938406 -0.054418024 -0.094998159 0.334823161 0.140432060 0.083115503 0.143606186 0.976088107
1341845978.970707 -0.050593987 -0.093348265 0.340582043 0.145557195 0.085124858 0.161741480 0.972320199
1341845979.008922 -0.052919559 -0.092294432 0.341813147 0.147213623 0.089026220 0.178215474 0.968835235
1341845979.038481 -0.053378239 -0.092094347 0.349857420 0.149944574 0.092309855 0.197534606 0.964352429
1341845979.106609 -0.051144019 -0.096686281 0.343897760 0.155777097 0.097775623 0.230229244 0.955598176
1341845979.138100 -0.043677244 -0.102967262 0.335762650 0.163290769 0.100211546 0.252127767 0.948538542
1341845979.174196 -0.046052136 -0.101084642 0.341409445 0.167498291 0.105295479 0.265789866 0.943510950
1341845979.207845 -0.052030016 -0.093733355 0.336250961 0.166634157 0.108864069 0.279216647 0.939372003
1341845979.238051 -0.047023319 -0.110346444 0.346494943 0.166056290 0.111162558 0.294588506 0.934497595
1341845979.275090 -0.041470375 -0.105775207 0.344740629 0.173266754 0.114891298 0.309713304 0.927823424
1341845979.306155 -0.039944582 -0.100771517 0.336226404 0.175185323 0.118669778 0.326452047 0.921225607
1341845979.341682 -0.018214311 -0.100126661 0.348299384 0.176543102 0.121113874 0.350862861 0.911624491
1341845979.373833 -0.028157130 -0.102223843 0.352044016 0.186567530 0.127419308 0.371084958 0.900695741
1341845979.405940 -0.038627654 -0.094432138 0.330292851 0.189485580 0.128477931 0.388047934 0.892752707
1341845979.441794 -0.018651221 -0.100806460 0.357611150 0.186920837 0.128923982 0.402398765 0.886856496
1341845979.506448 0.002578311 -0.105666116 0.390618354 0.197005033 0.133786947 0.436087161 0.867823780
1341845979.541810 -0.003802997 -0.103443258 0.374185920 0.197338894 0.130791441 0.453397930 0.859291136
1341845979.573970 0.005290735 -0.103627674 0.385007083 0.194841877 0.131817639 0.466761738 0.852522314
1341845979.610159 -0.001094130 -0.103438839 0.378026366 0.193479598 0.133590400 0.484582871 0.842554867
1341845979.641873 0.005617068 -0.104833797 0.392833710 0.195055887 0.131007299 0.500286400 0.833368957
1341845979.673902 0.001289328 -0.096870795 0.389814287 0.192382678 0.130119681 0.507129967 0.829986155
1341845979.709834 0.012436188 -0.103952952 0.388462305 0.183322012 0.131447181 0.529510617 0.817761123
1341845979.741768 0.002008924 -0.114108615 0.378059775 0.185410589 0.129126817 0.544949830 0.807452083
1341845979.773945 0.006697753 -0.112729169 0.400777400 0.191352114 0.130148605 0.558783650 0.796370864
1341845979.809735 -0.016776383 -0.105993956 0.378007978 0.191055611 0.131974995 0.574306846 0.785017192
1341845979.841996 -0.032006100 -0.096148498 0.360781401 0.187269062 0.129352391 0.585617483 0.777978420
1341845979.877871 -0.029195897 -0.098696448 0.376997620 0.182737902 0.128052488 0.597048461 0.770546913
1341845979.909740 -0.024257587 -0.102391489 0.357778132 0.178989142 0.128887460 0.607816935 0.762829959
1341845979.942014 -0.050416470 -0.092000768 0.338326246 0.177410781 0.127609625 0.623160958 0.750940502
1341845979.977959 -0.047917765 -0.093507335 0.331410766 0.173084840 0.126679823 0.631563962 0.745064318
1341845980.009881 -0.040448707 -0.097617030 0.329380989 0.171786398 0.126866058 0.640634477 0.737551272
1341845980.045974 -0.004512713 -0.096097454 0.344863683 0.169589415 0.125636384 0.648272336 0.731572211
1341845980.077990 -0.026496021 -0.092582807 0.334374815 0.165403947 0.122054800 0.656597316 0.725688696
1341845980.109753 -0.029541552 -0.088980637 0.329946756 0.164508939 0.122107260 0.663495362 0.719583571
1341845980.145844 -0.022422370 -0.081566207 0.325842321 0.162593871 0.118112780 0.671774805 0.712973535
1341845980.177822 -0.004558177 -0.079144366 0.337148011 0.162014693 0.116296321 0.679515600 0.706034660
1341845980.209884 -0.026488602 -0.083158612 0.311535001 0.162360623 0.118684299 0.687227726 0.698048115
1341845980.246566 -0.061335064 -0.088439658 0.317688465 0.160136849 0.116189033 0.690516353 0.695732296
1341845980.277813 -0.034107409 -0.086950898 0.313879371 0.158471391 0.108834870 0.697650731 0.690163136
1341845980.313780 -0.007346958 -0.079412527 0.319376916 0.163997069 0.109276585 0.703637898 0.682683825
1341845980.345768 -0.036010087 -0.103180721 0.301027000 0.161307812 0.111909740 0.698720872 0.687928140
1341845980.377905 0.002932637 -0.086038373 0.327392578 0.158614218 0.102255031 0.700785935 0.687956750
1341845980.413651 0.006161141 -0.087043092 0.321710587 0.160939023 0.105854034 0.698098540 0.689602733
1341845980.445742 -0.013661232 -0.098253466 0.310727417 0.159881130 0.107865632 0.696712375 0.690937698
1341845980.478245 -0.003226504 -0.076734766 0.331847370 0.161814928 0.102211453 0.698638916 0.689400017
1341845980.513799 0.000174110 -0.088633634 0.314972937 0.162702993 0.107524417 0.698489368 0.688533902
1341845980.546985 -0.016278161 -0.096906692 0.319398195 0.162987545 0.106046803 0.699583292 0.687584400
1341845980.581857 -0.013735550 -0.076240622 0.332207054 0.164112270 0.103306316 0.699126840 0.688198090
1341845980.614011 -0.023047889 -0.078018703 0.332274228 0.163292423 0.106841706 0.695177615 0.691844225
1341845980.646075 -0.016342115 -0.093575351 0.314721704 0.159115762 0.106358387 0.684269667 0.703665435
1341845980.681743 -0.009235734 -0.089928634 0.322347790 0.159713998 0.105794147 0.670692563 0.716568589
1341845980.713878 -0.041328099 -0.055442583 0.344984800 0.168719381 0.113114387 0.652003407 0.730500162
1341845980.745857 -0.067426033 -0.066150516 0.356641650 0.170605794 0.120479763 0.628178418 0.749513328
1341845980.781789 -0.016552383 -0.095387556 0.343046486 0.162325680 0.121563576 0.604703546 0.770198882
1341845980.813856 -0.003657249 -0.094193324 0.324317038 0.160523057 0.130591944 0.580236077 0.787720919
1341845980.849947 -0.020573234 -0.092494316 0.333821356 0.161871746 0.139989972 0.564312935 0.797340155
1341845980.881654 -0.040997539 -0.098812282 0.326437294 0.166731283 0.145298377 0.549364567 0.805783868
1341845980.913789 -0.047001332 -0.088943884 0.325423926 0.174542129 0.147504285 0.540670395 0.809600592
1341845980.949937 -0.061619442 -0.078161776 0.300887883 0.179643035 0.148520783 0.532567024 0.813659847
1341845980.981906 -0.071498133 -0.068405077 0.285768509 0.182556137 0.145264655 0.522860825 0.819870710
1341845981.017867 -0.058417078 -0.089511953 0.296817482 0.182750523 0.142797202 0.509052694 0.828900874
1341845981.049727 -0.062990889 -0.081302024 0.286352426 0.182420999 0.140770033 0.494739205 0.837937653
1341845981.081877 -0.069307968 -0.090455413 0.275197893 0.181302339 0.137518331 0.475493222 0.849779010
1341845981.117941 -0.068687320 -0.094467364 0.276243508 0.179401144 0.134236783 0.454140216 0.862294853
1341845981.150069 -0.058051035 -0.094726309 0.309211075 0.173656434 0.134495154 0.426460803 0.877431333
1341845981.181996 -0.051119175 -0.107223779 0.342407286 0.168744370 0.135209605 0.400320381 0.890498340
1341845981.217830 -0.061618168 -0.103936277 0.287923992 0.165301293 0.130306587 0.370672405 0.904598117
1341845981.249922 -0.060435530 -0.094882280 0.318049937 0.163178876 0.129231289 0.347590446 0.914249897
1341845981.285840 -0.076432995 -0.075841084 0.298367798 0.159802273 0.132149339 0.312853575 0.926888585
1341845981.317832 -0.057959229 -0.095178857 0.335595280 0.154071331 0.129050210 0.285466641 0.937078893
1341845981.349932 -0.053844836 -0.098551713 0.341054380 0.142465726 0.124834187 0.252735317 0.948812306
1341845981.385812 -0.060320675 -0.066329651 0.300349474 0.131088316 0.126291201 0.219368294 0.958511293
1341845981.417735 -0.066001289 -0.092240036 0.334385037 0.126008272 0.127810314 0.195837229 0.964071691
1341845981.449800 -0.068227105 -0.095617853 0.334081978 0.128027827 0.125840932 0.174558312 0.968143761
1341845981.485916 -0.060627345 -0.091723137 0.328137338 0.122240461 0.128403232 0.152376339 0.972291768
1341845981.517844 -0.064160511 -0.086280741 0.332025677 0.115663595 0.129564524 0.133346230 0.975732386
1341845981.553971 -0.058011100 -0.086335242 0.324999064 0.114530519 0.124206617 0.119094700 0.978402734
1341845981.585866 -0.061558258 -0.065511718 0.342763275 0.107647710 0.123218857 0.100959033 0.981344163
1341845981.617907 -0.075862035 -0.078109697 0.374084085 0.099914767 0.124579176 0.084291540 0.983560860
1341845981.653938 -0.063999541 -0.083135329 0.341072977 0.101566181 0.119202390 0.077995978 0.984576941
1341845981.685889 -0.054142125 -0.073468514 0.335834473 0.101586759 0.116015628 0.070509352 0.985519648
1341845981.718038 -0.054378733 -0.086750232 0.336487025 0.096714415 0.117549501 0.059238657 0.986569405
1341845981.753884 -0.061972611 -0.094037727 0.345585823 0.098113164 0.118473984 0.052261427 0.986715019
1341845981.785897 -0.063764431 -0.090107411 0.335816085 0.100654863 0.115178250 0.049509384 0.986991107
1341845981.822013 -0.050994974 -0.085437752 0.317971051 0.100866690 0.113190718 0.043566346 0.987479508
1341845981.853820 -0.056939982 -0.091561034 0.330636680 0.098587371 0.116752245 0.029275425 0.987822056
1341845981.885838 -0.062552258 -0.096503250 0.340479314 0.099769704 0.116460323 0.024623737 0.987864673
1341845981.922032 -0.058511339 -0.116139561 0.336953312 0.105791882 0.115298554 0.020691546 0.987464547
1341845981.953799 -0.055684403 -0.103501461 0.329111964 0.113898940 0.115842372 0.013515378 0.986622989
1341845981.986027 -0.058801539 -0.088042587 0.322590530 0.117315657 0.115065686 0.012665617 0.986324728
1341845982.022212 -0.054910835 -0.082175978 0.317201585 0.115470462 0.112022884 0.009616446 0.986927032
1341845982.053889 -0.051831186 -0.069797456 0.318340272 0.112216398 0.110311978 0.008717229 0.987503290
1341845982.089857 -0.049878936 -0.081159011 0.312191039 0.106677830 0.109418221 0.005895055 0.988237202
1341845982.121719 -0.050264064 -0.083561040 0.312360883 0.104223855 0.108189672 0.006180585 0.988632500
1341845982.153770 -0.046371859 -0.095220491 0.300077140 0.103804626 0.105051212 0.006016059 0.989015996
1341845982.190068 -0.038817767 -0.088379532 0.300202876 0.106362373 0.105225690 0.007720568 0.988713801
1341845982.222482 -0.041118160 -0.084760472 0.299776226 0.108399741 0.105610535 0.009154307 0.988439202
1341845982.259008 -0.035098642 -0.072468229 0.276517779 0.108620897 0.102116331 0.009174369 0.988781869
1341845982.291023 -0.028731778 -0.073900625 0.263652891 0.101943396 0.101128660 0.006996321 0.989611804
1341845982.327843 -0.030008854 -0.070804112 0.276913851 0.098671310 0.101245590 0.005845122 0.989938974
1341845982.421902 -0.021087162 -0.063586816 0.254293025 0.082077421 0.094962604 0.009610418 0.992044866
1341845982.457800 -0.022654245 -0.062160440 0.259042650 0.082289457 0.094900556 0.012885170 0.991996109
1341845982.490452 -0.014935681 -0.048633602 0.237297475 0.083320908 0.092028730 0.020438829 0.992053747
1341845982.526007 -0.006680857 -0.035762563 0.233685598 0.079985723 0.091653951 0.022024341 0.992328942
1341845982.592787 -0.018419599 -0.032007098 0.241147920 0.072137877 0.087846927 0.027279919 0.993143916
1341845982.626246 -0.000560842 -0.028896879 0.215941072 0.068679340 0.084593974 0.029924333 0.993595243
1341845982.689935 -0.012343406 0.006004081 0.218142122 0.053925075 0.079520836 0.036485493 0.994704664
1341845982.731856 -0.009844912 0.021648759 0.227913558 0.045369718 0.073432125 0.042443726 0.995363176
1341845982.763845 -0.016374053 0.024825944 0.240265101 0.034807391 0.075075433 0.038609121 0.995822012
1341845982.796143 -0.003744873 -0.002650526 0.200636446 0.024036370 0.073355138 0.037697982 0.996303260
1341845982.831723 -0.000396173 0.001590052 0.187688068 0.021545690 0.068386808 0.041090224 0.996579468
1341845982.863934 0.008613931 0.017128503 0.172757462 0.018383445 0.065931104 0.041704055 0.996782780
1341845982.899816 -0.001262783 0.023774046 0.175640151 0.012320682 0.066222973 0.038301960 0.996993303
1341845982.931713 -0.003220265 0.028974280 0.168126315 0.006752048 0.061605103 0.038642794 0.997329414
1341845982.963912 0.009079237 0.042744290 0.166607022 0.002424460 0.057153560 0.038812116 0.997607768
1341845982.999924 0.002452161 0.032330509 0.158196464 -0.005607171 0.059036806 0.032132205 0.997722745
1341845983.031814 -0.001248762 0.034546077 0.161569238 -0.009165205 0.055877637 0.031169858 0.997908890
1341845983.067798 0.002066891 0.041029144 0.149296999 -0.012397163 0.052005909 0.032294884 0.998047471
1341845983.099710 0.002342018 0.045117352 0.155028075 -0.019412355 0.051771171 0.029296532 0.998040378
1341845983.131896 -0.008448848 0.054174479 0.168464437 -0.024748879 0.051267345 0.026255656 0.998032987
1341845983.167777 -0.002406236 0.038624991 0.134257302 -0.029810047 0.047816940 0.023411801 0.998136640
1341845983.199716 0.000252300 0.039042033 0.124838859 -0.030454254 0.045952760 0.021498596 0.998247802
1341845983.235789 0.000376098 0.044114776 0.119786248 -0.031892244 0.046311516 0.017575189 0.998263121
1341845983.267839 -0.000045805 0.046709511 0.114971727 -0.032043900 0.046128135 0.017229889 0.998272777
1341845983.299732 0.003320344 0.045867436 0.103602663 -0.031508327 0.044708878 0.016372245 0.998368800
1341845983.335764 0.005089542 0.051959056 0.099251032 -0.032494113 0.045646768 0.013812752 0.998333454
1341845983.367849 0.008576554 0.056096565 0.092286758 -0.035031132 0.045593806 0.012416876 0.998268425
1341845983.403853 0.002962629 0.050470237 0.094405331 -0.036053095 0.045257911 0.013488003 0.998233438
1341845983.436166 0.010036365 0.054567404 0.076011896 -0.034088925 0.044928893 0.013443753 0.998317897
1341845983.467855 0.010689647 0.059710391 0.073001534 -0.033818778 0.047116160 0.011722989 0.998247921
1341845983.503861 0.009954732 0.060970470 0.071592785 -0.034193881 0.047558032 0.010676968 0.998225927
1341845983.535831 0.015257629 0.064987019 0.056903105 -0.034007393 0.046748381 0.010537182 0.998272002
1341845983.572117 0.018475926 0.063029967 0.043475393 -0.035021607 0.047115613 0.006721103 0.998252690
1341845983.603785 0.018253714 0.070125036 0.037748650 -0.035628956 0.048686363 0.003867785 0.998170972
1341845983.635679 0.016582018 0.087358311 0.032079745 -0.036803171 0.047032539 0.001586281 0.998213887
1341845983.671908 0.020900127 0.092240773 0.025675910 -0.045474794 0.045020822 -0.004208725 0.997941613
1341845983.703949 0.023239933 0.096377023 0.020432850 -0.054874048 0.045443531 -0.012197343 0.997384012
1341845983.735713 0.025503483 0.104163662 0.011625174 -0.059857350 0.044045743 -0.014011064 0.997136295
1341845983.771983 0.025783341 0.099146008 0.010109183 -0.064230442 0.041379847 -0.015107825 0.996962368
1341845983.803724 0.024266746 0.087596767 0.000735184 -0.065163851 0.040444057 -0.018585069 0.996881425
1341845983.836050 0.024802782 0.101471253 -0.010375306 -0.063027635 0.039183486 -0.019940853 0.997042894
1341845983.871914 0.029256394 0.104257591 -0.029159874 -0.063336119 0.037669301 -0.020829650 0.997063518
1341845983.904546 0.029555557 0.105107337 -0.032542910 -0.060855605 0.037449993 -0.016731841 0.997303426
1341845983.939732 0.025304761 0.106483132 -0.032259662 -0.051571339 0.037233692 -0.013662083 0.997881472
1341845983.971972 0.031891309 0.119937964 -0.046707012 -0.046309080 0.033500995 -0.008028177 0.998332977
1341845984.003943 0.038694508 0.121090204 -0.065432556 -0.046517756 0.033048593 -0.004480102 0.998360574
1341845984.039814 0.038854405 0.133595854 -0.070313647 -0.044090871 0.032687645 -0.003683080 0.998485804
1341845984.071924 0.041022539 0.121408425 -0.083571285 -0.046812668 0.034112345 -0.005952875 0.998303294
1341845984.103750 0.043674085 0.117468134 -0.088104025 -0.047331620 0.038425934 -0.004255692 0.998130798
1341845984.139977 0.037170831 0.124426156 -0.084584452 -0.039795592 0.043733615 -0.001691929 0.998248875
1341845984.171953 0.041990306 0.125814885 -0.098629713 -0.030877195 0.044946533 0.004486454 0.998502016
1341845984.203755 0.042936880 0.135471702 -0.116888784 -0.026456250 0.049147386 0.007972753 0.998409271
1341845984.239999 0.048554014 0.132997721 -0.126655564 -0.024293914 0.053895563 0.007435510 0.998223305
1341845984.271868 0.054106057 0.137542859 -0.135299057 -0.018476313 0.058014922 0.008256980 0.998110592
1341845984.304166 0.050906956 0.141656041 -0.139336556 -0.015910009 0.062267315 0.010506639 0.997877359
1341845984.366023 0.058196869 0.151751995 -0.156296462 -0.004274072 0.069919638 0.010253741 0.997490764
1341845984.403843 0.063607372 0.162574887 -0.168997228 -0.003958931 0.072535545 0.010044937 0.997307360
1341845984.469893 0.050463658 0.157194659 -0.161156908 -0.004057096 0.079697378 -0.001527469 0.996809661
1341845984.533876 0.066492297 0.169857994 -0.188818455 -0.004804919 0.077910297 -0.004408161 0.996939063
1341845984.570371 0.064321741 0.165680721 -0.192159504 -0.011599986 0.080633558 -0.011728621 0.996607304
1341845984.601869 0.052206632 0.139935732 -0.182618245 -0.013431139 0.086238027 -0.014573117 0.996077418
1341845984.633883 0.074159287 0.149791092 -0.207592189 -0.007404199 0.088760696 -0.011660903 0.995957196
1341845984.669661 0.068702519 0.150539994 -0.185568601 -0.008054470 0.093686193 -0.013688329 0.995475113
1341845984.701697 0.069360130 0.151885450 -0.187529132 -0.006158198 0.095905431 -0.011199717 0.995308399
1341845984.737816 0.074107230 0.134846568 -0.206644312 -0.002913384 0.099321015 -0.012824448 0.994968534
1341845984.769971 0.071019545 0.149689421 -0.188089579 0.000693066 0.102852732 -0.012958022 0.994611919
1341845984.801680 0.074005261 0.150358856 -0.194366202 -0.000080923 0.103165336 -0.012101213 0.994590580
1341845984.837943 0.073889375 0.134850428 -0.194501847 0.000471540 0.105687946 -0.015330127 0.994281054
1341845984.869774 0.077612191 0.146924689 -0.200405210 0.005323555 0.109307915 -0.014022398 0.993894756
1341845984.901904 0.074364662 0.155387431 -0.189500496 0.005137237 0.108030632 -0.012149475 0.994060040
1341845984.937830 0.075610824 0.134060889 -0.202558562 0.003350085 0.108572140 -0.017750112 0.993924439
1341845984.969931 0.075599097 0.140390173 -0.195739836 0.006145193 0.111935891 -0.017171832 0.993548036
1341845985.005758 0.072156198 0.140464708 -0.191120952 0.008390615 0.111368097 -0.017104631 0.993596613
1341845985.037996 0.076186329 0.133635774 -0.192100421 0.010049685 0.110420622 -0.019292515 0.993646860
1341845985.069753 0.080600217 0.136819273 -0.198251411 0.013351297 0.109558381 -0.020446107 0.993680358
1341845985.105902 0.081033647 0.130720198 -0.196745291 0.015179906 0.109674558 -0.021798791 0.993612528
1341845985.137721 0.082389355 0.131317407 -0.204144686 0.017947344 0.109395675 -0.023679839 0.993554115
1341845985.169874 0.081318073 0.127487302 -0.203757226 0.018524082 0.110668033 -0.024935327 0.993371844
1341845985.205765 0.080427445 0.124434419 -0.201599598 0.022807192 0.111328863 -0.023629162 0.993240833
1341845985.237899 0.085703813 0.133553728 -0.208642110 0.025845140 0.111265816 -0.023326123 0.993180633
1341845985.274008 0.084285587 0.138924941 -0.202263772 0.026283037 0.111279972 -0.022526693 0.993186057
1341845985.305922 0.079077482 0.128228813 -0.196598336 0.025843928 0.110560782 -0.023233680 0.993261576
1341845985.337748 0.079929218 0.122557692 -0.199636430 0.029250611 0.109435983 -0.023187686 0.993292749
1341845985.374220 0.085207313 0.131531581 -0.209936932 0.032764390 0.108014360 -0.020968338 0.993387997
1341845985.406011 0.085734673 0.131784186 -0.210616440 0.032823887 0.107750013 -0.021008885 0.993413866
1341845985.442252 0.086031571 0.132077143 -0.209759429 0.032948829 0.107041664 -0.021995192 0.993464947
1341845985.473860 0.081325300 0.127050638 -0.200877532 0.034352534 0.106709629 -0.021504894 0.993463874
1341845985.505802 0.084300503 0.130789682 -0.207429141 0.037388153 0.104283445 -0.018454779 0.993673265
1341845985.541999 0.088667177 0.132247671 -0.219441280 0.036963850 0.103921592 -0.018344814 0.993729055
1341845985.573799 0.083181582 0.122869529 -0.212108001 0.034502376 0.105669841 -0.021149218 0.993577480
1341845985.605839 0.083068356 0.127527848 -0.208649039 0.036892045 0.104402348 -0.017497830 0.993696630
1341845985.641753 0.087611936 0.127825946 -0.218571663 0.036674768 0.103531443 -0.016323438 0.993815780
1341845985.673719 0.086492777 0.125708193 -0.218239129 0.035574850 0.105372787 -0.018805426 0.993618309
1341845985.709785 0.082817130 0.130168691 -0.206918567 0.036178607 0.105487026 -0.016444128 0.993626297
1341845985.741805 0.085723586 0.123922050 -0.217221841 0.035369154 0.104186296 -0.015859650 0.993802130
1341845985.773867 0.088482745 0.121669099 -0.222178653 0.035131436 0.106399707 -0.017620945 0.993546367
1341845985.809875 0.082703404 0.126448840 -0.211805388 0.036042649 0.108677566 -0.015863759 0.993296742
1341845985.841811 0.085428357 0.129746079 -0.216555148 0.036609378 0.107169196 -0.013111758 0.993480086
1341845985.873899 0.088359684 0.128760040 -0.222861737 0.035320662 0.107469968 -0.014405133 0.993476272
1341845985.909743 0.083889388 0.122934692 -0.215821207 0.034264442 0.109554693 -0.015813518 0.993264139
1341845985.941740 0.082071580 0.129277974 -0.211416349 0.037505556 0.107735775 -0.011999290 0.993399382
1341845985.977718 0.087276854 0.123774968 -0.223422527 0.037836567 0.106268950 -0.011834922 0.993546844
1341845986.009726 0.085675530 0.122290649 -0.222251177 0.037937049 0.107593633 -0.014344931 0.993367314
1341845986.042156 0.083154485 0.128932536 -0.211206585 0.039499652 0.107279904 -0.011898597 0.993372679
