1341845948.747856 0.000000000 0.000000000 0.000000000 0.000000000 0.000000000 0.000000000 1.000000000
1341845948.779817 -0.003811958 -0.003544726 -0.008804157 0.001999290 0.005890786 0.001160147 0.999979973
1341845948.811832 0.003344669 -0.007891344 -0.009531645 0.003405477 0.008335762 0.003104499 0.999954641
1341845948.847804 0.007084331 -0.003076907 -0.010655962 0.006103180 0.010917849 0.004233414 0.999912798
1341845948.879918 0.008575425 0.001216794 -0.005790668 0.005718892 0.013960384 0.003864462 0.999878705
1341845948.911866 0.006347175 -0.001182521 0.002081084 0.001214368 0.018085198 0.003627931 0.999829113
1341845948.947808 -0.005804262 -0.005714104 0.002624731 -0.003546813 0.020686431 0.002674525 0.999776125
1341845948.979787 -0.008522483 -0.003311658 0.003280712 -0.007745036 0.021871889 0.001829014 0.999729097
1341845949.011787 0.010315297 -0.006609820 0.015596853 -0.014086057 0.021477211 0.001924528 0.999668241
1341845949.047774 0.000871556 -0.023599217 0.025543215 -0.020373372 0.024843294 0.004695869 0.999472737
1341845949.079745 0.012906819 -0.049655564 0.025171470 -0.024863845 0.022611883 0.009714692 0.999387860
1341845949.115941 0.006224087 -0.046016850 0.024915142 -0.023536084 0.026078118 0.010798658 0.999324441
1341845949.147691 0.010339942 -0.060647298 0.026093457 -0.027583219 0.029335011 0.012242023 0.999113977
1341845949.179815 0.009389897 -0.065851353 0.032798588 -0.029642206 0.032376558 0.015304502 0.998918891
1341845949.215795 0.006239097 -0.073007494 0.030094586 -0.031178845 0.035734475 0.015824607 0.998749495
1341845949.247763 0.011940475 -0.069211923 0.032861318 -0.032269869 0.038995162 0.016173152 0.998587251
1341845949.283892 0.018253030 -0.088938050 0.041726135 -0.038571801 0.042229682 0.016786736 0.998221934
1341845949.315792 0.026262056 -0.097650796 0.049934421 -0.039160728 0.045009315 0.016379638 0.998084307
1341845949.347811 0.031343292 -0.106440544 0.053569183 -0.038342141 0.047346905 0.015947789 0.998014927
1341845949.383752 0.026921457 -0.107301489 0.054406177 -0.038101770 0.052055780 0.014203526 0.997815967
1341845949.415733 0.031651322 -0.109028079 0.061629329 -0.039675705 0.052700259 0.014306973 0.997719288
1341845949.451907 0.030990770 -0.111311421 0.066592470 -0.041668877 0.052898876 0.013795286 0.997634709
1341845949.483823 0.027573114 -0.114305317 0.062934324 -0.045356538 0.055032577 0.011409601 0.997388601
1341845949.515817 0.021370340 -0.114132114 0.069041364 -0.051201299 0.057032011 0.010430100 0.997004032
1341845949.551896 0.016751720 -0.116298586 0.085958526 -0.057712357 0.054804571 0.008701968 0.996789873
1341845949.583736 0.023812525 -0.130197853 0.085563347 -0.064270459 0.052611936 0.006549675 0.996523142
1341845949.619753 0.027063303 -0.128011614 0.088134602 -0.068163931 0.052467965 0.005035400 0.996280789
1341845949.651764 0.015076749 -0.142285541 0.092861883 -0.072248384 0.052926097 0.003209532 0.995976269
1341845949.683707 0.018337784 -0.138533115 0.101531729 -0.070556439 0.048381567 0.002441678 0.996330798
1341845949.719890 0.023375619 -0.138769031 0.096962541 -0.075888984 0.048191439 0.000511216 0.995950878
1341845949.751778 0.020867804 -0.132174984 0.104378521 -0.081962749 0.049126480 0.000839015 0.995423496
1341845949.787857 0.007673761 -0.143190250 0.116611011 -0.088605493 0.049329735 0.002189656 0.994842112
1341845949.819784 0.018955665 -0.143607914 0.105968475 -0.093581140 0.044708453 0.001945253 0.994605422
1341845949.851908 0.017779365 -0.146699235 0.100085199 -0.105212465 0.044924371 0.000435241 0.993434429
1341845949.887758 0.016154045 -0.129953369 0.125797391 -0.112445228 0.042629696 0.002643459 0.992739558
1341845949.920013 0.013336563 -0.142946333 0.116689168 -0.118199304 0.039538085 -0.000208522 0.992202401
1341845949.955673 0.020386707 -0.145858645 0.121289492 -0.121776707 0.036204826 -0.000437595 0.991896927
1341845949.987737 0.010405950 -0.150558487 0.131583452 -0.126212895 0.037490528 -0.003753531 0.991287410
1341845950.019789 0.013056249 -0.156209856 0.137918785 -0.129882216 0.034622017 -0.003643158 0.990918040
1341845950.055847 0.017451134 -0.167796999 0.133263737 -0.133901253 0.031718165 -0.005032653 0.990474164
1341845950.087728 0.020433636 -0.170602903 0.134175837 -0.138175979 0.031728949 -0.007719741 0.989869237
1341845950.124078 0.013670231 -0.168310151 0.140380561 -0.142577693 0.033094924 -0.008867623 0.989190400
1341845950.155757 0.014690497 -0.176214233 0.146830887 -0.146165431 0.031819999 -0.009700757 0.988700688
1341845950.187677 0.009370660 -0.175687462 0.144252494 -0.148165911 0.034317993 -0.012101015 0.988292813
1341845950.223782 0.018098563 -0.183638036 0.149795741 -0.154662445 0.035511825 -0.014603861 0.987220943
1341845950.255885 -0.000495928 -0.215010941 0.162341639 -0.164232820 0.038318671 -0.017475735 0.985522151
1341845950.287784 0.011464139 -0.225821853 0.158210889 -0.167132363 0.035796531 -0.017252289 0.985133350
1341845950.323864 0.012189290 -0.246115699 0.160702288 -0.178774580 0.038786106 -0.019895982 0.982923925
1341845950.355780 -0.007410590 -0.231002539 0.169901922 -0.188493535 0.044250544 -0.023273889 0.980800927
1341845950.387911 -0.001843929 -0.217765838 0.177273497 -0.192064971 0.041581366 -0.024472976 0.980195463
1341845950.424265 0.003573852 -0.241611004 0.179581806 -0.196584284 0.041210275 -0.028422209 0.979208112
1341845950.455762 -0.002628288 -0.244812950 0.186284944 -0.194294766 0.043305572 -0.030202350 0.979521275
1341845950.487870 -0.009360015 -0.252237558 0.192834243 -0.193077624 0.043423958 -0.032251604 0.979691386
1341845950.523880 0.001767358 -0.247627750 0.184595421 -0.192470163 0.040913716 -0.030880291 0.979963124
1341845950.555793 -0.020302705 -0.278199077 0.179050446 -0.206748396 0.048201449 -0.035711553 0.976553321
1341845950.587742 -0.027195821 -0.327170759 0.217891023 -0.231686756 0.047932599 -0.033915717 0.971016705
1341845950.623823 -0.003370264 -0.295720816 0.188025236 -0.233699039 0.043530937 -0.033130657 0.970768869
1341845950.655770 0.018646054 -0.318506449 0.182473809 -0.245060354 0.038012985 -0.033040904 0.968198717
1341845950.691815 -0.016150488 -0.319010556 0.200538039 -0.250289589 0.044051252 -0.034761343 0.966543436
1341845950.756034 -0.008515811 -0.321831763 0.201479256 -0.251217544 0.043992743 -0.034041934 0.966330945
1341845950.817895 -0.004469757 -0.332117230 0.210702404 -0.254965901 0.044740662 -0.032739505 0.965359390
1341845950.853851 -0.005959001 -0.347299308 0.212453485 -0.258159578 0.046524383 -0.034562606 0.964362264
1341845950.885881 -0.007180532 -0.349988848 0.218538225 -0.259254307 0.048491485 -0.036987133 0.963881612
1341845950.917771 -0.001361421 -0.360727876 0.228078485 -0.260259330 0.048578769 -0.037447333 0.963588536
1341845950.953822 -0.007062768 -0.367573529 0.234261319 -0.258965701 0.052407067 -0.036631055 0.963767827
1341845950.985908 -0.008214309 -0.375799656 0.235932872 -0.259290278 0.054809693 -0.036619924 0.963547349
1341845951.017817 -0.001040097 -0.378365785 0.235341117 -0.261280507 0.054354530 -0.037451681 0.963003337
1341845951.053777 -0.010634284 -0.382322401 0.241584659 -0.264288396 0.057801109 -0.035915833 0.962039888
1341845951.085819 -0.007452257 -0.397135794 0.252937287 -0.269169807 0.059397236 -0.031417899 0.960745811
1341845951.121819 -0.000623989 -0.399053365 0.257039189 -0.272114813 0.058491658 -0.027029561 0.960105002
1341845951.153788 -0.000633890 -0.404217511 0.269683301 -0.274062365 0.058999334 -0.026555495 0.959533036
1341845951.185690 -0.002479050 -0.406188130 0.275543630 -0.273390949 0.058746640 -0.023563771 0.959818184
1341845951.221846 0.004156927 -0.400694937 0.278148264 -0.270354360 0.054987814 -0.020100966 0.960979104
1341845951.253677 -0.016738396 -0.408981532 0.289452225 -0.269843966 0.055268358 -0.017881824 0.961150289
1341845951.289833 -0.034936469 -0.417467624 0.307662219 -0.266106963 0.053859975 -0.016194487 0.962301373
1341845951.321746 -0.001980535 -0.435769498 0.287924975 -0.263779312 0.048034515 -0.010376848 0.963330388
1341845951.353781 -0.006059592 -0.422035366 0.285246015 -0.261164218 0.048763867 -0.008027599 0.964028478
1341845951.389710 -0.011500959 -0.424443871 0.299226701 -0.260268837 0.046940770 -0.006563550 0.964372158
1341845951.421759 -0.018760575 -0.420258731 0.300841838 -0.251820743 0.046580508 -0.006331614 0.966631472
1341845951.453714 0.000800660 -0.450310469 0.307619303 -0.254413992 0.041238207 -0.002084266 0.966213524
1341845951.489750 0.005572839 -0.461911291 0.308071434 -0.255019844 0.039352112 0.000545128 0.966134548
1341845951.521791 0.035854191 -0.496623367 0.318958312 -0.261497289 0.032228481 -0.002527555 0.964662671
1341845951.557734 0.039456654 -0.490896046 0.321683496 -0.261187643 0.032896284 -0.001660678 0.964725912
1341845951.621927 0.026401278 -0.494584084 0.335125029 -0.261451989 0.029746039 -0.002440104 0.964754939
1341845951.657740 0.019297829 -0.495153397 0.334884137 -0.263301194 0.029323023 -0.002185855 0.964265466
1341845951.689997 0.024465486 -0.496114910 0.346071571 -0.265330046 0.024745416 -0.002795696 0.963836014
1341845951.721802 0.025779780 -0.503791928 0.366207600 -0.264326572 0.019247605 -0.002202240 0.964238644
1341845951.757837 0.031749982 -0.505404055 0.345278740 -0.262337774 0.016811082 -0.000931961 0.964829206
1341845951.789992 0.034561578 -0.507116854 0.354952395 -0.269260913 0.016823636 -0.004987028 0.962907374
1341845951.825880 0.030429263 -0.505029738 0.360767305 -0.271482289 0.017371027 -0.004544512 0.962275922
1341845951.857655 0.036761839 -0.512061238 0.363575906 -0.273355961 0.014909547 -0.004896862 0.961784959
1341845951.889934 0.036664478 -0.508919895 0.359305829 -0.274931908 0.015277316 -0.003852873 0.961334586
1341845951.925973 0.038429752 -0.516433477 0.375278741 -0.282035470 0.012353884 -0.003062790 0.959319532
1341845951.957775 0.041672774 -0.527541339 0.382339120 -0.286728412 0.009895735 -0.002246432 0.957958162
1341845951.989866 0.043210730 -0.501789093 0.364763618 -0.285932302 0.008599281 -0.001887058 0.958209395
1341845952.026044 0.048272267 -0.523544490 0.389777750 -0.297271520 0.003786454 -0.002675989 0.954781711
1341845952.057894 0.046176080 -0.532481432 0.400182694 -0.300583035 0.001590349 -0.003001160 0.953749597
1341845952.125827 0.045731749 -0.530469179 0.402517110 -0.300415069 -0.000053362 -0.005893344 0.953790367
1341845952.157796 0.043327328 -0.536783874 0.404864043 -0.300453335 -0.000367708 -0.006857477 0.953771830
1341845952.193712 0.046045642 -0.541695058 0.404384673 -0.300963700 -0.000816145 -0.006601781 0.953612387
1341845952.225758 0.039613362 -0.545305133 0.413557559 -0.301802605 0.000218454 -0.008441629 0.953333020
1341845952.261888 0.038775943 -0.538335919 0.409311742 -0.297020674 0.002225460 -0.007643428 0.954837859
1341845952.293773 0.036341086 -0.549982429 0.409205347 -0.296138287 0.004845323 -0.008541628 0.955094576
1341845952.325830 0.046297692 -0.543572664 0.402849823 -0.295471221 0.005888929 -0.010023563 0.955280900
1341845952.361889 0.044140320 -0.546119988 0.405325800 -0.297737032 0.008553129 -0.011822497 0.954536378
1341845952.393746 0.053155735 -0.562700033 0.406801403 -0.301626652 0.010485635 -0.014898082 0.953252017
1341845952.425943 0.054591093 -0.570521951 0.408705950 -0.305003196 0.013969788 -0.017646350 0.952085316
1341845952.461990 0.052036658 -0.560153127 0.410266221 -0.303557664 0.015086856 -0.017703526 0.952529132
1341845952.493879 0.053233255 -0.568046987 0.407044679 -0.305998653 0.016058883 -0.019391851 0.951698959
1341845952.529859 0.051402446 -0.555767894 0.404150605 -0.304582089 0.019254420 -0.020657627 0.952067375
1341845952.561728 0.053050138 -0.559246778 0.409016013 -0.306480139 0.021661581 -0.020378686 0.951412320
1341845952.593773 0.046266552 -0.553422987 0.400558680 -0.306870222 0.024831068 -0.019490076 0.951227784
1341845952.629782 0.039053835 -0.554755986 0.410662740 -0.310243905 0.028035996 -0.020932969 0.950012922
1341845952.661822 0.035719454 -0.541986167 0.411002129 -0.308209062 0.029632481 -0.019161468 0.950663924
1341845952.694133 0.043487333 -0.543307781 0.408900708 -0.307589084 0.026253292 -0.016963808 0.951005757
1341845952.729992 0.040554158 -0.543363214 0.407585710 -0.309632897 0.025303837 -0.017299781 0.950361967
1341845952.761932 0.036051895 -0.554715991 0.422547638 -0.311339259 0.025675921 -0.019504895 0.949751675
1341845952.835955 0.036278084 -0.562725246 0.410462767 -0.307463139 0.029046243 -0.020803643 0.950889051
1341845952.897807 0.030649861 -0.545177877 0.413092047 -0.304364949 0.032211836 -0.025204191 0.951677024
1341845952.929858 0.030715857 -0.537689149 0.404191971 -0.300057143 0.031854305 -0.025121957 0.953058183
1341845952.962152 0.029582471 -0.537299216 0.401458949 -0.298698366 0.031869445 -0.027285133 0.953424931
1341845952.997732 0.014617793 -0.517948151 0.393422753 -0.295271397 0.034442354 -0.028006515 0.954381585
1341845953.029881 0.036012676 -0.501631856 0.384375393 -0.292758018 0.027797656 -0.024219012 0.955475509
1341845953.065883 0.034369931 -0.502146423 0.386548758 -0.291124940 0.026158830 -0.023747958 0.956032395
1341845953.097744 0.013358585 -0.493538320 0.377983302 -0.288235784 0.029521273 -0.022576761 0.956837952
1341845953.130426 0.016621264 -0.489332378 0.384461790 -0.290765136 0.024475530 -0.019913038 0.956274092
1341845953.165700 0.015501573 -0.498878479 0.388910502 -0.290792167 0.022662591 -0.021402718 0.956278384
1341845953.197916 0.012178110 -0.490406960 0.378085315 -0.284149230 0.022651637 -0.021540659 0.958270371
1341845953.230076 0.011143542 -0.487681776 0.357217073 -0.284831256 0.024089584 -0.024087127 0.957972169
1341845953.265747 0.000469822 -0.468815237 0.361300260 -0.284201443 0.028938003 -0.026686607 0.957956135
1341845953.297823 0.000161756 -0.468829960 0.364596456 -0.283627123 0.028481819 -0.026349697 0.958149314
1341845953.333820 0.003683778 -0.476144105 0.364482999 -0.281196713 0.027299667 -0.030149149 0.958787858
1341845953.398118 0.004780221 -0.460423172 0.355320096 -0.272319883 0.031265106 -0.038397279 0.960931838
1341845953.433817 0.005729792 -0.441712409 0.354333073 -0.261338204 0.033364598 -0.040352516 0.963826120
1341845953.465793 -0.002124233 -0.417401046 0.344435394 -0.246813551 0.035904802 -0.038826305 0.967618942
1341845953.501850 -0.003497153 -0.441700220 0.348671883 -0.246257231 0.036221594 -0.039183188 0.967734456
1341845953.533841 0.001250029 -0.423384130 0.339737892 -0.234119028 0.038826365 -0.042384680 0.970507264
1341845953.565884 -0.006474576 -0.421741158 0.338598073 -0.222099081 0.043759875 -0.044591885 0.973020375
1341845953.601851 -0.010107459 -0.418591380 0.323477566 -0.213402256 0.046965647 -0.044814434 0.974805295
1341845953.633727 -0.001467444 -0.434853852 0.336095512 -0.212181255 0.047769561 -0.046521820 0.974952757
1341845953.665877 -0.013052498 -0.411325336 0.322233349 -0.198554561 0.054754425 -0.041950732 0.977659523
1341845953.701988 -0.018437667 -0.394717276 0.311230570 -0.190742418 0.056702644 -0.040992983 0.979143322
1341845953.733959 -0.019072536 -0.380367786 0.304723620 -0.188338503 0.056462996 -0.041223291 0.979612768
1341845953.769755 -0.020413952 -0.376910031 0.294837147 -0.189237550 0.057840079 -0.044900645 0.979197443
1341845953.801776 -0.026000720 -0.367860436 0.293400139 -0.186713099 0.060763586 -0.044651184 0.979516327
1341845953.833838 -0.027922917 -0.366321981 0.292886555 -0.186223984 0.059632111 -0.045855708 0.979623318
1341845953.869932 -0.033443637 -0.362390965 0.289539874 -0.184251294 0.059703764 -0.050870366 0.979744375
1341845953.901831 -0.034569684 -0.362405300 0.289021701 -0.185116753 0.059578832 -0.052541286 0.979500651
1341845953.933922 -0.043678176 -0.346585661 0.291252553 -0.180896610 0.059142228 -0.053423613 0.980267584
1341845953.969955 -0.052981798 -0.351504266 0.292004675 -0.176839516 0.057962600 -0.056631189 0.980898023
1341845954.001752 -0.048070714 -0.341991544 0.282443166 -0.171342358 0.054783773 -0.058753844 0.981931031
1341845954.037754 -0.051650707 -0.326604068 0.276751935 -0.171211451 0.054406866 -0.059533529 0.981927812
1341845954.069971 -0.061397940 -0.318297356 0.284557343 -0.171954080 0.053344443 -0.058917534 0.981893539
1341845954.101821 -0.062588222 -0.305224150 0.279802203 -0.169011354 0.050096776 -0.055726621 0.982761383
1341845954.137723 -0.071972072 -0.303469032 0.274835765 -0.171779454 0.047731984 -0.051949438 0.982606053
1341845954.169776 -0.070187517 -0.298813939 0.271064222 -0.173711881 0.044016976 -0.050903324 0.982494533
1341845954.201769 -0.073697723 -0.304966003 0.272829264 -0.175858483 0.042840641 -0.049761493 0.982223094
1341845954.237931 -0.079005823 -0.289315045 0.266824305 -0.172870249 0.041866545 -0.046890117 0.982936621
1341845954.269821 -0.082255431 -0.292243958 0.263087094 -0.173242196 0.041197278 -0.047428992 0.982873559
1341845954.305896 -0.086405002 -0.285850286 0.258330137 -0.172072470 0.042360660 -0.047295406 0.983035982
1341845954.337899 -0.084686697 -0.285269558 0.261119783 -0.173941135 0.041330148 -0.047001172 0.982765079
1341845954.370323 -0.090128899 -0.279585570 0.262886852 -0.173796505 0.040113300 -0.046318598 0.982873499
1341845954.405781 -0.095549114 -0.276674777 0.256222934 -0.172261998 0.040391166 -0.046236657 0.983136058
1341845954.437770 -0.110414527 -0.264799684 0.259403437 -0.171220332 0.041064598 -0.044231512 0.983382344
1341845954.473700 -0.118802704 -0.277199388 0.262153238 -0.174402013 0.037505206 -0.044713590 0.982943535
1341845954.505685 -0.114103615 -0.272123516 0.258930445 -0.167912766 0.033979788 -0.043624230 0.984249771
1341845954.537884 -0.109538034 -0.262317538 0.242075518 -0.164268106 0.032923169 -0.039821461 0.985061586
1341845954.574129 -0.119950719 -0.255186319 0.249567673 -0.167083576 0.031613190 -0.039105680 0.984659553
1341845954.605772 -0.111789480 -0.278431088 0.256197184 -0.169986278 0.027346024 -0.037448052 0.984354854
1341845954.637774 -0.118013881 -0.275037318 0.247007430 -0.161648631 0.027648114 -0.035860267 0.985808969
1341845954.673990 -0.116850153 -0.259184271 0.240709126 -0.156688839 0.026563043 -0.033929002 0.986707568
1341845954.705864 -0.114124566 -0.262155801 0.242325947 -0.156809837 0.024986183 -0.034392960 0.986713469
1341845954.741959 -0.112587020 -0.270404696 0.246666312 -0.154786780 0.025590306 -0.036122713 0.986955583
1341845954.779824 -0.120731786 -0.257241905 0.238616288 -0.148231730 0.028236521 -0.037409343 0.987841368
1341845954.815761 -0.119409151 -0.259936363 0.241372049 -0.147252694 0.027321119 -0.037329104 0.988016605
1341845954.847702 -0.125923499 -0.272809058 0.245164827 -0.145531401 0.029145623 -0.039805159 0.988122821
1341845954.879857 -0.129908055 -0.254472613 0.236162350 -0.137083158 0.030726582 -0.036776666 0.989399612
1341845954.915883 -0.126292437 -0.242749125 0.230279222 -0.135117158 0.028465100 -0.033791360 0.989844024
1341845954.947742 -0.124607749 -0.240727678 0.234067336 -0.135934293 0.027565051 -0.033996992 0.989750624
1341845954.979793 -0.127771020 -0.243033409 0.236972243 -0.134209186 0.029187078 -0.032648262 0.989984870
1341845955.015775 -0.133247152 -0.237118736 0.238599449 -0.128782243 0.029806122 -0.028980251 0.990801156
1341845955.047748 -0.131912470 -0.244622603 0.232953370 -0.126533821 0.027176980 -0.026220839 0.991243184
1341845955.079963 -0.120208777 -0.251685143 0.233130217 -0.124592885 0.025065919 -0.025967132 0.991551280
1341845955.115765 -0.127308816 -0.230492711 0.227642030 -0.119647354 0.029758032 -0.024988843 0.992055714
1341845955.147819 -0.132749602 -0.223907635 0.228523567 -0.118619926 0.031776994 -0.024717819 0.992123246
1341845955.179771 -0.131698847 -0.233048961 0.229075000 -0.118626766 0.031563453 -0.026620725 0.992080033
1341845955.215834 -0.133971989 -0.225270092 0.226815894 -0.115316667 0.033282138 -0.026335953 0.992421687
1341845955.247700 -0.137754351 -0.220065847 0.228127345 -0.113162123 0.034376062 -0.026008444 0.992641032
1341845955.283796 -0.137635320 -0.222052231 0.228214994 -0.111766614 0.034186199 -0.026366631 0.992796183
1341845955.315766 -0.139492765 -0.212758034 0.228884950 -0.107804745 0.035203706 -0.027635047 0.993164182
1341845955.347689 -0.132326677 -0.209522337 0.224898949 -0.106910110 0.034880903 -0.029192006 0.993227720
1341845955.383825 -0.136914894 -0.211311445 0.234003946 -0.106492706 0.037053019 -0.029066600 0.993197620
1341845955.415689 -0.141043454 -0.190906033 0.230685472 -0.099162973 0.037783846 -0.029636974 0.993911862
1341845955.447780 -0.134546071 -0.199116990 0.232348666 -0.098408580 0.035743058 -0.032136835 0.993984640
1341845955.483775 -0.138099909 -0.198429763 0.231805354 -0.094363354 0.039179236 -0.035194270 0.994143784
1341845955.515995 -0.144050211 -0.193104893 0.230747849 -0.090377539 0.041351065 -0.033404183 0.994487882
1341845955.547652 -0.144646347 -0.193408281 0.230872691 -0.086986087 0.040222190 -0.035212539 0.994774163
1341845955.583803 -0.139946029 -0.191993400 0.226574466 -0.082923539 0.039041467 -0.037569169 0.995081902
1341845955.645874 -0.143934250 -0.183833092 0.226215079 -0.079853378 0.039394781 -0.039766248 0.995233715
1341845955.677690 -0.140059158 -0.181279197 0.228021100 -0.075702809 0.038774896 -0.039468668 0.995594203
1341845955.713997 -0.140414760 -0.177480400 0.225085810 -0.071565233 0.039292946 -0.040050890 0.995856643
1341845955.745913 -0.150088370 -0.168272734 0.226510972 -0.068524748 0.039217573 -0.038866363 0.996120334
1341845955.777825 -0.142807066 -0.165876627 0.222915486 -0.065623514 0.036407683 -0.038819145 0.996424198
1341845955.814143 -0.142563477 -0.160526842 0.222061917 -0.061933920 0.038334403 -0.038343634 0.996606469
1341845955.845690 -0.155253097 -0.151554182 0.222490445 -0.059092622 0.040088795 -0.034066390 0.996865332
1341845955.877977 -0.146465436 -0.157419607 0.225790381 -0.057320956 0.036734663 -0.031855058 0.997171104
1341845955.913787 -0.140901938 -0.164753690 0.228220478 -0.050849285 0.037347022 -0.031659435 0.997505486
1341845955.945707 -0.147879988 -0.157072738 0.222214550 -0.044212613 0.040590998 -0.028989278 0.997776151
1341845955.981865 -0.137685582 -0.156490892 0.221035957 -0.040154368 0.038315382 -0.028390449 0.998054862
1341845956.013788 -0.135077327 -0.136442512 0.221741334 -0.034789171 0.039963119 -0.028966546 0.998175144
1341845956.045763 -0.131960213 -0.135777280 0.214435175 -0.036645509 0.041931693 -0.027522562 0.998068810
1341845956.081817 -0.140077382 -0.118330829 0.221965387 -0.034139324 0.044363428 -0.025471982 0.998107016
1341845956.113872 -0.135729268 -0.119012743 0.222639978 -0.031218104 0.044857156 -0.022660965 0.998248339
1341845956.145853 -0.140649199 -0.104348637 0.216649041 -0.026540978 0.047434043 -0.017392114 0.998370230
1341845956.181712 -0.137034670 -0.095570154 0.216651902 -0.027345283 0.048547123 -0.014325721 0.998343706
1341845956.213966 -0.133374006 -0.105330139 0.221958458 -0.029331841 0.050119247 -0.013356459 0.998223066
1341845956.249720 -0.136286840 -0.086321756 0.219305202 -0.024174355 0.052298192 -0.010062918 0.998288155
1341845956.281792 -0.137327999 -0.066547461 0.208782434 -0.023765914 0.052553248 -0.006861731 0.998311698
1341845956.313799 -0.132077903 -0.062194820 0.215112343 -0.027738940 0.051273324 -0.007549172 0.998270810
1341845956.349790 -0.138751507 -0.057747494 0.218856990 -0.031132190 0.052347951 -0.007633257 0.998114347
1341845956.381671 -0.140898913 -0.052037805 0.223838672 -0.033731945 0.050573371 -0.004222695 0.998141646
1341845956.414041 -0.147917882 -0.044667989 0.222818568 -0.035999741 0.048953552 -0.005358922 0.998137712
1341845956.449886 -0.135692522 -0.055848625 0.231068388 -0.040550478 0.045677487 -0.006311156 0.998112917
1341845956.481751 -0.144933432 -0.051410194 0.233299211 -0.039121192 0.046162896 -0.004724007 0.998156369
1341845956.517751 -0.153648481 -0.029807808 0.234861851 -0.034922715 0.045052607 -0.001677382 0.998372614
1341845956.550178 -0.150468588 -0.038063020 0.233906209 -0.037900001 0.042954922 -0.003877468 0.998350322
1341845956.581882 -0.142451718 -0.053697839 0.241238356 -0.038771939 0.040397409 -0.003786677 0.998423994
1341845956.617921 -0.150633037 -0.037961386 0.247237399 -0.029690992 0.040810119 -0.001575486 0.998724401
1341845956.649823 -0.144908935 -0.031110264 0.251592636 -0.022669351 0.039728984 0.000320282 0.998953223
1341845956.686207 -0.148581699 -0.021413144 0.243223935 -0.018065704 0.041725267 -0.001064190 0.998965204
1341845956.717815 -0.155614629 -0.017860115 0.244806886 -0.017531553 0.042316671 -0.006016952 0.998932242
1341845956.749871 -0.162198678 -0.008331076 0.255820066 -0.014149758 0.041014455 -0.009703585 0.999011219
1341845956.785882 -0.157950088 -0.015433034 0.260676712 -0.011439543 0.039883547 -0.012354009 0.999062479
1341845956.817915 -0.160511032 -0.000229619 0.254932046 -0.005767484 0.040904175 -0.012139508 0.999072671
1341845956.849925 -0.162155300 0.000934191 0.263647944 -0.004196985 0.039119039 -0.010020265 0.999175489
1341845956.885848 -0.162609607 -0.002384139 0.264414459 0.000250511 0.039233096 -0.010476314 0.999175131
1341845956.953936 -0.171561077 0.033506677 0.269326061 0.011154155 0.041459613 -0.004640849 0.999067128
1341845956.985677 -0.167516291 0.034767367 0.265073717 0.008682325 0.041739903 -0.006005136 0.999072731
1341845957.017739 -0.164793476 0.042299826 0.263776481 0.005017171 0.043127660 -0.004724234 0.999045789
1341845957.053817 -0.168217853 0.036686558 0.273453981 0.003119555 0.042986006 0.000131528 0.999070764
1341845957.085894 -0.164388835 0.036692891 0.274051517 0.005784737 0.043652985 0.000472595 0.999029875
1341845957.118069 -0.156615004 0.033325627 0.273473471 0.003922228 0.045029052 0.002728421 0.998974264
1341845957.153924 -0.158815026 0.034259655 0.285381019 0.005961849 0.046769515 0.004138297 0.998879373
1341845957.185730 -0.156733111 0.051256064 0.288624197 0.014320129 0.049055599 0.007034760 0.998668611
1341845957.222219 -0.162205577 0.060668901 0.278752804 0.016758487 0.053929366 0.005469005 0.998389125
1341845957.253784 -0.164459318 0.066286936 0.279024154 0.015230955 0.056113511 0.004696748 0.998297155
1341845957.285979 -0.160171837 0.073206618 0.290258110 0.018226005 0.056700196 0.002567575 0.998221576
1341845957.321826 -0.161466181 0.088390142 0.290835977 0.021350132 0.058705281 0.002509146 0.998043895
1341845957.353642 -0.161975488 0.091290019 0.294171035 0.021848520 0.059689302 0.001667954 0.997976482
1341845957.385918 -0.156218365 0.090783469 0.292027771 0.022644144 0.061782010 -0.000885086 0.997832358
1341845957.421801 -0.158285931 0.096145347 0.294818103 0.026691560 0.064435318 -0.000267475 0.997564852
1341845957.453856 -0.158085048 0.104578704 0.295432836 0.032004353 0.062924922 0.002396994 0.997502089
1341845957.490017 -0.152646050 0.095848307 0.287582964 0.032531846 0.062404186 -0.001353733 0.997519732
1341845957.521783 -0.154693648 0.099801101 0.288592398 0.033854824 0.063700639 -0.006119248 0.997375906
1341845957.553863 -0.164231032 0.099552572 0.291517645 0.033686884 0.063281089 -0.008019290 0.997394800
1341845957.589817 -0.151206151 0.102365568 0.289910704 0.037345774 0.058336835 -0.013695271 0.997504175
1341845957.621927 -0.150470093 0.114949018 0.289666593 0.042331152 0.059661105 -0.018656285 0.997146249
1341845957.690210 -0.156899691 0.122894123 0.307090253 0.049077928 0.057781652 -0.020399135 0.996913493
1341845957.721718 -0.153022468 0.138314858 0.316738963 0.057285104 0.057645626 -0.021417832 0.996462107
1341845957.757797 -0.152153537 0.146344945 0.309527725 0.059672598 0.059898876 -0.023672272 0.996138036
1341845957.790095 -0.151753858 0.147950843 0.316150367 0.061732184 0.059993643 -0.023009438 0.996022344
1341845957.821762 -0.142993391 0.155487105 0.313074797 0.071005203 0.057723537 -0.018647293 0.995629728
1341845957.858271 -0.131613880 0.148029432 0.315066904 0.076900408 0.056214266 -0.017438674 0.995300055
1341845957.890302 -0.131134540 0.149040520 0.320031315 0.083434597 0.057412066 -0.015026190 0.994744599
1341845957.926548 -0.127788290 0.155105248 0.322614402 0.092221662 0.057204884 -0.011830380 0.994023561
1341845957.963818 -0.121482462 0.159863025 0.324761271 0.102344379 0.057389226 -0.008571998 0.993055224
1341845957.996582 -0.124748118 0.189578161 0.330692321 0.111274488 0.062668197 -0.008806679 0.991772711
1341845958.028437 -0.125296906 0.181699201 0.325362325 0.110428676 0.065437935 -0.007486409 0.991699219
1341845958.064063 -0.122638889 0.204494476 0.343322098 0.122462548 0.063817121 -0.003929720 0.990411460
1341845958.096285 -0.126016185 0.220604554 0.336630613 0.131248295 0.068792209 -0.004518159 0.988949478
1341845958.163750 -0.121432871 0.226049855 0.357186854 0.138066217 0.069961190 -0.000607909 0.987948775
1341845958.225916 -0.114789769 0.259766906 0.361817390 0.150835216 0.068702921 0.001459844 0.986167610
1341845958.257855 -0.116770200 0.252281070 0.371405035 0.152111441 0.067939989 0.001905598 0.986023664
1341845958.293941 -0.113363490 0.269365758 0.372202516 0.160732836 0.063911244 0.005485171 0.984911263
1341845958.325982 -0.111397095 0.267067045 0.378134727 0.163970962 0.064572975 0.002708993 0.984345734
1341845958.357886 -0.110134438 0.266157657 0.379260689 0.166889235 0.065905169 0.004193096 0.983761609
1341845958.393794 -0.108036727 0.271110922 0.385087311 0.173972055 0.062735975 0.011243230 0.982685864
1341845958.425833 -0.107536845 0.278355241 0.384589344 0.182864293 0.059584543 0.016058784 0.981199443
1341845958.461910 -0.103365473 0.291093379 0.377412081 0.186113119 0.061620623 0.017140383 0.980444252
1341845958.493906 -0.102127612 0.293844342 0.391588718 0.190816909 0.060328938 0.020420507 0.979557157
1341845958.525948 -0.102232911 0.298944890 0.383565605 0.198706254 0.055143882 0.025405340 0.978176653
1341845958.561735 -0.097113289 0.317215830 0.389363468 0.203356206 0.053822141 0.026180068 0.977273762
1341845958.593854 -0.090465829 0.347454697 0.398439169 0.202730760 0.054608282 0.024727019 0.977397978
1341845958.625936 -0.100231990 0.326937884 0.405017257 0.200333044 0.054448474 0.020282576 0.978003383
1341845958.661751 -0.099027671 0.340381950 0.402972043 0.207206026 0.051450256 0.022361742 0.976687491
1341845958.693866 -0.098289661 0.365704983 0.406963170 0.207968846 0.052704010 0.022370894 0.976458311
1341845958.729747 -0.100230299 0.365721822 0.412661254 0.205130443 0.051790740 0.021558203 0.977125645
1341845958.761798 -0.100848697 0.359563231 0.413140923 0.205723137 0.050290585 0.024239408 0.977016568
1341845958.793976 -0.105057649 0.370208055 0.425361961 0.213165626 0.049047686 0.031121837 0.975287735
1341845958.836099 -0.101492301 0.385503143 0.425871819 0.215671569 0.049591262 0.032995157 0.974647522
1341845958.872548 -0.102016479 0.383585095 0.427711546 0.213760078 0.050157819 0.032416902 0.975058973
1341845958.905812 -0.101752244 0.389726669 0.423599482 0.218394890 0.047596786 0.035997234 0.974034071
1341845958.936045 -0.098179087 0.406018943 0.425231010 0.223092645 0.046546582 0.036061835 0.973017275
1341845958.967857 -0.094156697 0.428974926 0.428335428 0.224087641 0.046826083 0.035678238 0.972789347
1341845959.003881 -0.100422993 0.420231372 0.434052527 0.221647769 0.047893476 0.031056967 0.973454654
1341845959.035807 -0.100224487 0.425360799 0.433645427 0.223224238 0.046706073 0.032016274 0.973120987
1341845959.067708 -0.091191143 0.444374412 0.441564918 0.224084541 0.046869542 0.030911347 0.972951114
1341845959.103767 -0.103871621 0.444812328 0.460677266 0.221552521 0.050660945 0.029545547 0.973383307
1341845959.135750 -0.102224447 0.432697117 0.438424468 0.221636638 0.049795665 0.031630125 0.973343253
1341845959.172042 -0.101011865 0.446269989 0.449124515 0.229070738 0.047884203 0.035213079 0.971593380
1341845959.203734 -0.095337644 0.462791264 0.452688098 0.231095016 0.049729373 0.033972759 0.971065342
1341845959.235702 -0.106911182 0.467281669 0.454924941 0.230022505 0.052450791 0.030049752 0.971306086
1341845959.271710 -0.112512752 0.464593321 0.455054194 0.231261015 0.048725810 0.028710552 0.971246541
1341845959.303719 -0.106938109 0.471222073 0.460808516 0.233800605 0.048014835 0.025521288 0.970762849
1341845959.339991 -0.103740610 0.477625966 0.458079040 0.235716999 0.052103441 0.021546872 0.970184743
1341845959.371830 -0.110835768 0.469000071 0.459546477 0.241880476 0.049112190 0.025912248 0.968715847
1341845959.403707 -0.110584810 0.479176134 0.462582320 0.251370043 0.044602126 0.028375732 0.966446340
1341845959.440061 -0.111513585 0.486961424 0.473615199 0.256788105 0.047794599 0.028606748 0.964861214
1341845959.471779 -0.112624869 0.497471958 0.464762837 0.259436399 0.049900312 0.029634865 0.964014769
1341845959.507756 -0.121578991 0.494057745 0.473565817 0.264131963 0.048130572 0.032678831 0.962730408
1341845959.539837 -0.118711546 0.502089381 0.478000820 0.269430935 0.047153924 0.034083460 0.961260498
1341845959.571785 -0.118314110 0.516750813 0.472175926 0.271774352 0.048054285 0.034715895 0.960533321
1341845959.607783 -0.127494067 0.505830646 0.480102837 0.273637474 0.046784565 0.035256971 0.960047245
1341845959.639762 -0.127927661 0.503468215 0.478909016 0.277377754 0.045873027 0.034756180 0.959035575
1341845959.671901 -0.122556269 0.523631871 0.487672389 0.282505751 0.045612320 0.035809636 0.957511187
1341845959.707824 -0.128486425 0.520992935 0.484044552 0.284856558 0.046412311 0.035384033 0.956791818
1341845959.740041 -0.130308345 0.528265834 0.484706074 0.289204925 0.044945158 0.036777731 0.955504000
1341845959.776084 -0.128983170 0.531160057 0.483738571 0.293436497 0.043453351 0.038773444 0.954203010
1341845959.807848 -0.128298685 0.535481870 0.497234315 0.299432158 0.041678317 0.043018267 0.952235639
1341845959.839796 -0.129264057 0.547026634 0.493773162 0.303268939 0.042064123 0.044792671 0.950921714
1341845959.875965 -0.132788405 0.556820512 0.510616302 0.305188209 0.043383114 0.046441879 0.950169027
1341845959.907911 -0.133836403 0.562198162 0.517638087 0.308149934 0.043101229 0.048144460 0.949140668
1341845959.939861 -0.131092459 0.573284030 0.519843519 0.310431004 0.041763846 0.050724577 0.948322415
1341845959.975710 -0.130318865 0.592083871 0.528826833 0.311243206 0.041873418 0.053248420 0.947912931
1341845960.007688 -0.127800941 0.607057393 0.524538457 0.309212685 0.042877790 0.052503303 0.948573887
1341845960.039963 -0.129003271 0.601692379 0.528582990 0.308499604 0.041703612 0.056273926 0.948642194
1341845960.075794 -0.125047728 0.602059960 0.543078363 0.311708927 0.041295581 0.057850078 0.947515488
1341845960.107770 -0.131360322 0.613055050 0.542578757 0.312795162 0.044670958 0.057972737 0.946996748
1341845960.144033 -0.135639548 0.616835415 0.546955466 0.311409354 0.045121070 0.057965655 0.947432458
1341845960.175727 -0.130559459 0.609274387 0.549177587 0.312398791 0.043237869 0.059289422 0.947112560
1341845960.207727 -0.130751863 0.623156786 0.567710042 0.315902740 0.044288591 0.059758730 0.945871472
1341845960.243768 -0.132089958 0.633622587 0.555625141 0.312131494 0.045921639 0.057366349 0.947192788
1341845960.275774 -0.127764389 0.616839528 0.558700025 0.312534899 0.045550883 0.058752712 0.946992695
1341845960.307922 -0.126272604 0.636488616 0.568947732 0.317612916 0.046377558 0.060872726 0.945127308
1341845960.343783 -0.133488148 0.646641552 0.574008822 0.316217095 0.047991086 0.059850775 0.945580006
1341845960.375748 -0.128252953 0.632995546 0.572556376 0.314932078 0.046819612 0.059855465 0.946067154
1341845960.407669 -0.124903634 0.637057602 0.583055675 0.318776071 0.047601826 0.062709466 0.944554627
1341845960.443816 -0.126894876 0.644796014 0.581331491 0.320717514 0.048145823 0.064576723 0.943743646
1341845960.475859 -0.123740278 0.647712052 0.586749554 0.322512001 0.047804832 0.064804696 0.943133593
1341845960.507864 -0.118928261 0.638969600 0.597996652 0.324035168 0.048910245 0.063661151 0.942632616
1341845960.543808 -0.123472475 0.643480361 0.596922457 0.327550381 0.050729424 0.064112291 0.941290021
1341845960.575920 -0.127892017 0.655950069 0.588916421 0.329483300 0.048400857 0.064418115 0.940716982
1341845960.611822 -0.122478113 0.651285529 0.600231111 0.330755591 0.044707764 0.061621424 0.940640569
1341845960.675868 -0.124319188 0.644132018 0.605148971 0.333979756 0.042283606 0.059407480 0.939755499
1341845960.738006 -0.117815144 0.650571227 0.622074902 0.331243783 0.041293472 0.053546794 0.941119075
1341845960.773767 -0.124384001 0.649846077 0.615209758 0.330397934 0.041851003 0.053496227 0.941394687
1341845960.805854 -0.120566607 0.650692999 0.617250681 0.329674661 0.039388686 0.055635992 0.941630363
1341845960.837918 -0.115648806 0.655361772 0.617381096 0.329250485 0.039628759 0.055650368 0.941767871
1341845960.873825 -0.113156028 0.657225370 0.605452776 0.326670140 0.040779904 0.055094898 0.942649543
1341845960.905884 -0.114168309 0.640734851 0.612413466 0.326510787 0.041074436 0.056752540 0.942593634
1341845960.941780 -0.111811623 0.651838064 0.608571947 0.329503030 0.042622659 0.057843696 0.941416562
1341845960.973838 -0.122034021 0.656281948 0.598142803 0.327733904 0.044166468 0.056150630 0.942065239
1341845961.006150 -0.112333357 0.638467848 0.591765523 0.325814515 0.041271668 0.056813214 0.942822278
1341845961.041828 -0.112474076 0.631084740 0.601512253 0.329696119 0.042337440 0.057369847 0.941390812
1341845961.073796 -0.117885850 0.631636798 0.588506401 0.331269830 0.043687921 0.056730669 0.940815210
1341845961.110987 -0.115662865 0.625978470 0.580393791 0.332823545 0.041945979 0.055487026 0.940420210
1341845961.141834 -0.115763195 0.617093980 0.587111473 0.334886432 0.043143041 0.051571436 0.939856410
1341845961.173863 -0.123956032 0.607985675 0.573357165 0.335021377 0.044950105 0.047976296 0.939914048
1341845961.209891 -0.121243402 0.586516261 0.569198668 0.336815149 0.042887844 0.047261372 0.939405441
1341845961.242098 -0.123639882 0.586827934 0.570511043 0.341994911 0.043506496 0.045730997 0.937579513
1341845961.273933 -0.124147765 0.596020162 0.560386181 0.342577845 0.044293545 0.042246498 0.937493324
1341845961.310022 -0.126092777 0.583635390 0.560389340 0.339581877 0.044435885 0.039488688 0.938696027
1341845961.341758 -0.122880600 0.578941107 0.552215993 0.337238461 0.043915961 0.037744850 0.939636588
1341845961.378106 -0.127433434 0.574628592 0.559283435 0.331125736 0.044077769 0.036762919 0.941839337
1341845961.409796 -0.128145635 0.569115877 0.541473806 0.321700811 0.043692369 0.034300476 0.945210576
1341845961.441821 -0.132692352 0.555356324 0.541311681 0.313661426 0.043667864 0.032329716 0.947979093
1341845961.477824 -0.125325337 0.557300627 0.513039589 0.302806199 0.043484747 0.029709341 0.951595962
1341845961.509791 -0.135982856 0.533644974 0.514577925 0.295694590 0.043665741 0.030361865 0.953800917
1341845961.541896 -0.142126054 0.520342350 0.518485844 0.289675087 0.040752403 0.033493634 0.955670357
1341845961.577897 -0.136850387 0.500550866 0.507224560 0.284158677 0.039023761 0.035290964 0.957332492
1341845961.609802 -0.145392329 0.501862943 0.499527127 0.279952854 0.039213784 0.035667766 0.958549142
1341845961.645986 -0.144498348 0.487335443 0.496855021 0.269178957 0.036647566 0.033911686 0.961794972
1341845961.677834 -0.140664667 0.457216203 0.486194938 0.262560368 0.036221560 0.033470012 0.963654399
1341845961.709764 -0.145743892 0.458283812 0.466419220 0.259551525 0.037322856 0.034608163 0.964387000
1341845961.745888 -0.149129748 0.452424258 0.469394833 0.252448857 0.035803884 0.035619713 0.966291308
1341845961.778055 -0.155353755 0.423209220 0.462554008 0.245893940 0.037329011 0.034940846 0.967947245
1341845961.809850 -0.154687107 0.413073599 0.455699384 0.242462486 0.038218573 0.035571344 0.968754828
1341845961.845697 -0.160939425 0.399117410 0.447218865 0.237022668 0.039520107 0.037092332 0.969990969
1341845961.877872 -0.164974689 0.386842042 0.439163238 0.233627379 0.038852673 0.040914658 0.970687747
1341845961.913718 -0.164271355 0.385897636 0.426915199 0.228536680 0.039928019 0.041645460 0.971824229
1341845961.945896 -0.174606860 0.369501650 0.427101731 0.221923843 0.041171156 0.039899621 0.973376989
1341845961.977939 -0.177970275 0.345022053 0.422840178 0.216617182 0.037102494 0.041407306 0.974672139
1341845962.013984 -0.169007689 0.337152779 0.423136145 0.214588955 0.034863099 0.041579451 0.975196064
1341845962.046683 -0.177330822 0.322378874 0.404947877 0.209445968 0.037929643 0.039086580 0.976302147
1341845962.078169 -0.180453196 0.304465443 0.398538023 0.205104455 0.036928099 0.037295371 0.977331817
1341845962.114007 -0.176518947 0.279960334 0.399707466 0.201974645 0.036539376 0.036770660 0.978017867
1341845962.145797 -0.180895507 0.267499417 0.385003060 0.201624691 0.038877402 0.038128566 0.977947950
1341845962.182026 -0.176130265 0.264297396 0.370659679 0.199912220 0.038160551 0.039453927 0.978275180
1341845962.214096 -0.179764032 0.248662874 0.366459399 0.196169481 0.039824527 0.036703620 0.979073226
1341845962.245784 -0.180485815 0.236663297 0.357721269 0.191935301 0.040426496 0.035629336 0.979927123
1341845962.281938 -0.182163134 0.219117805 0.354019940 0.186630175 0.041456435 0.035071708 0.980928421
1341845962.313944 -0.182275444 0.202507913 0.342314869 0.182520553 0.043251261 0.033013575 0.981695354
1341845962.349929 -0.187006786 0.197330207 0.347980320 0.178294688 0.046478897 0.030898061 0.982393026
1341845962.381891 -0.190292954 0.168338433 0.338810742 0.172239110 0.047243956 0.031975623 0.983401835
1341845962.413742 -0.193746686 0.159381807 0.332488030 0.173115209 0.045572501 0.033485547 0.983276665
1341845962.449828 -0.195354417 0.155336916 0.324118972 0.171126351 0.044015773 0.033818740 0.983684242
1341845962.487817 -0.191150889 0.139296353 0.309318900 0.165987760 0.041422065 0.031378012 0.984757662
1341845962.549874 -0.194203064 0.108262293 0.289436907 0.156485319 0.043334551 0.028579984 0.986315191
1341845962.581942 -0.194887266 0.085602216 0.290269196 0.154120177 0.044610918 0.029317055 0.986609042
1341845962.617866 -0.194276690 0.079816841 0.274462759 0.154138535 0.046561323 0.032245986 0.986424625
1341845962.649869 -0.194298908 0.070328981 0.264714628 0.153466225 0.048122019 0.033638090 0.986408055
1341845962.682115 -0.197028831 0.070271894 0.261943460 0.152929917 0.048921775 0.033830352 0.986445487
1341845962.717940 -0.200221211 0.056037217 0.259123534 0.150534645 0.050417874 0.031738058 0.986808002
1341845962.749929 -0.199380741 0.053154271 0.250152379 0.148985118 0.051401660 0.028632160 0.987087369
1341845962.781986 -0.204928264 0.039541930 0.242216781 0.145323575 0.051999480 0.026362892 0.987664998
1341845962.817763 -0.198702589 0.035785262 0.239414260 0.143901899 0.052263319 0.025410993 0.987884104
1341845962.849755 -0.204114854 0.023094496 0.238441363 0.141252935 0.055733886 0.023702618 0.988119185
1341845962.885818 -0.211114705 0.023383960 0.239664719 0.141401812 0.056737285 0.025912583 0.987985313
1341845962.918631 -0.208251044 0.024693955 0.227756962 0.139745265 0.055377204 0.028065698 0.988239348
1341845962.964414 -0.202068135 0.024673397 0.219273746 0.134124622 0.057823602 0.026121410 0.988931119
1341845963.017793 -0.216697678 0.019446112 0.217469558 0.121186368 0.060901985 0.027949046 0.990365446
1341845963.085942 -0.210836828 0.022452217 0.209247231 0.107707381 0.062260542 0.024005549 0.991940737
1341845963.117888 -0.218272895 0.000167147 0.208183020 0.098165177 0.064788088 0.025155922 0.992740273
1341845963.154202 -0.214856580 -0.007987679 0.203514710 0.094501927 0.064355381 0.026243920 0.993095696
1341845963.185770 -0.211988091 -0.007254684 0.199070618 0.091566563 0.066588968 0.025798455 0.993235111
1341845963.217782 -0.217400730 -0.014460783 0.196849033 0.086790718 0.069963016 0.023008818 0.993500471
1341845963.253885 -0.221000493 -0.016957559 0.203826040 0.083150543 0.071576066 0.022886533 0.993699729
1341845963.285844 -0.220680013 -0.030522836 0.202156112 0.079193689 0.072703212 0.021077542 0.993981063
1341845963.321913 -0.219896153 -0.027851602 0.204467952 0.076433040 0.075978771 0.017966073 0.994013309
1341845963.353695 -0.218471006 -0.003031171 0.199250549 0.071571082 0.078699015 0.017293882 0.994175553
1341845963.385792 -0.229264230 -0.035086561 0.209832773 0.059714347 0.081546254 0.016873570 0.994736016
1341845963.421875 -0.219795108 -0.040713873 0.209343344 0.055094909 0.083244771 0.018036630 0.994841456
1341845963.453923 -0.221039861 -0.051313791 0.213051125 0.047905192 0.089324981 0.017685499 0.994692624
1341845963.485900 -0.224922299 -0.056282479 0.238204956 0.045150369 0.095377393 0.022025151 0.994172752
1341845963.521709 -0.225030437 -0.063066117 0.237885505 0.046522293 0.104152031 0.024984950 0.993158460
1341845963.553742 -0.221118271 -0.075923763 0.213476092 0.045153145 0.114843987 0.023863547 0.992069840
1341845963.589977 -0.228181124 -0.082953610 0.221257895 0.044646457 0.126527861 0.023790281 0.990672171
1341845963.621850 -0.231702894 -0.086558431 0.217776388 0.044905014 0.137779132 0.022821780 0.989181280
1341845963.654421 -0.235903710 -0.077267267 0.245317772 0.044957578 0.148134023 0.023119662 0.987674356
1341845963.690029 -0.238028377 -0.080662347 0.242814481 0.044109982 0.154335007 0.025305286 0.986708999
1341845963.721864 -0.247626528 -0.080023088 0.253762245 0.044147760 0.162671193 0.027786298 0.985300481
1341845963.753762 -0.249941796 -0.069097556 0.244767740 0.042954337 0.169453517 0.030379999 0.984132886
1341845963.790051 -0.251004994 -0.063169196 0.247484952 0.038381681 0.174414337 0.033661682 0.983348072
1341845963.821840 -0.260748446 -0.078691810 0.258250237 0.031811371 0.180259749 0.032274343 0.982574582
1341845963.857878 -0.270899743 -0.077816926 0.278321743 0.029255833 0.186876506 0.033127833 0.981388748
1341845963.891494 -0.281131268 -0.085507706 0.276786000 0.025682557 0.192109451 0.033907969 0.980451226
1341845963.922038 -0.286584467 -0.080317475 0.286640435 0.024497852 0.195809871 0.033575699 0.979760766
1341845963.957711 -0.289174646 -0.071285337 0.290086031 0.020846989 0.200931638 0.032024674 0.978859723
1341845963.989918 -0.300340503 -0.086067833 0.310359389 0.016176628 0.206874192 0.030717028 0.977751493
1341845964.021882 -0.305769891 -0.098284759 0.318175286 0.018339271 0.211917773 0.032394044 0.976578295
1341845964.057871 -0.308256149 -0.085994549 0.330789417 0.023287829 0.216957331 0.034017485 0.975310206
1341845964.089943 -0.308754176 -0.068879254 0.325538665 0.020201743 0.222920641 0.035767909 0.973970711
1341845964.125808 -0.316973090 -0.090234503 0.327913076 0.014819413 0.232008398 0.035359953 0.971957922
1341845964.157672 -0.326981336 -0.091203973 0.355143070 0.021814056 0.240666673 0.032494675 0.969818473
1341845964.189845 -0.325540572 -0.081260458 0.311912268 0.025137808 0.244579822 0.037389662 0.968581855
1341845964.225746 -0.336631685 -0.087220393 0.325894892 0.021965863 0.254357189 0.036567844 0.966169119
1341845964.257798 -0.344848305 -0.091847084 0.333375394 0.022960667 0.260910600 0.036353260 0.964404941
1341845964.290067 -0.356555521 -0.083263665 0.347748131 0.025057921 0.265679032 0.038105868 0.962982237
1341845964.325751 -0.360718340 -0.083604805 0.367542624 0.023524556 0.268144280 0.038701400 0.962313592
1341845964.357836 -0.363143533 -0.089830309 0.358033121 0.024216985 0.272712857 0.039684936 0.960971594
1341845964.399837 -0.369388431 -0.090411648 0.336788744 0.026230875 0.277348161 0.043438572 0.959428489
1341845964.458009 -0.373420686 -0.088771164 0.333915502 0.024922889 0.285666555 0.047074154 0.956847727
1341845964.493690 -0.392913431 -0.099244386 0.324675322 0.022670545 0.293447673 0.044605330 0.954664826
1341845964.525868 -0.384977251 -0.090987436 0.387448758 0.028463436 0.298747092 0.050420042 0.952574313
1341845964.561820 -0.386145353 -0.090487480 0.414286643 0.033113282 0.305326134 0.052295197 0.950233996
1341845964.593698 -0.401099503 -0.088724174 0.389044583 0.031268485 0.312216491 0.053298820 0.947999179
1341845964.625703 -0.408367336 -0.087239690 0.393531412 0.027623763 0.316999286 0.053794384 0.946495950
1341845964.661788 -0.414133549 -0.094345547 0.393852890 0.027201895 0.319948137 0.055614460 0.945410132
1341845964.693836 -0.427592158 -0.095123053 0.355209738 0.029137252 0.325587779 0.055208076 0.943448842
1341845964.725966 -0.432874680 -0.101334564 0.350522846 0.029103907 0.333645701 0.054365195 0.940679491
1341845964.761841 -0.435653031 -0.098073855 0.372557789 0.031641800 0.339148492 0.054402068 0.938625336
1341845964.793975 -0.449233502 -0.102605872 0.355915129 0.034916166 0.345111966 0.055276029 0.936281562
1341845964.829971 -0.457473546 -0.100124262 0.367302865 0.034640003 0.351585090 0.055876333 0.933844626
1341845964.861928 -0.462075949 -0.101985328 0.392359853 0.033797320 0.355823576 0.053475749 0.932409585
1341845964.893679 -0.421979100 -0.103196941 0.412584722 0.031801429 0.354700178 0.054744575 0.932834089
1341845964.929863 -0.468558162 -0.107208744 0.420578212 0.029318908 0.356909573 0.054546256 0.932084024
1341845964.961832 -0.471222430 -0.101589054 0.408446640 0.030876165 0.358725756 0.055588331 0.931274652
1341845965.029810 -0.487700671 -0.117289402 0.405745924 0.032046136 0.361693323 0.057810511 0.929951012
1341845965.061873 -0.499178052 -0.124862894 0.395163685 0.035157394 0.366843969 0.055518657 0.927958608
1341845965.097818 -0.508841634 -0.128787726 0.431060165 0.035050105 0.372905940 0.055735078 0.925530255
1341845965.130110 -0.524585068 -0.133140579 0.417583257 0.034670193 0.376344532 0.054866720 0.924203634
1341845965.162645 -0.517766237 -0.129243195 0.444147557 0.035814352 0.381745338 0.054069038 0.921989381
1341845965.198514 -0.525709510 -0.131354094 0.439857870 0.034355871 0.388163447 0.053980615 0.919366539
1341845965.230304 -0.527279317 -0.130714029 0.448559493 0.033216506 0.392674387 0.055012308 0.917429626
1341845965.298444 -0.548132181 -0.134463012 0.417760253 0.030420573 0.402564853 0.056456853 0.913142264
1341845965.331043 -0.546588838 -0.130416930 0.436012983 0.031222509 0.408649147 0.058182452 0.910299897
1341845965.366018 -0.558013201 -0.131914973 0.430538565 0.030345807 0.414644569 0.060166374 0.907485008
1341845965.398649 -0.564456999 -0.134679005 0.446784109 0.029077744 0.423290282 0.061372709 0.903445184
1341845965.431881 -0.572107673 -0.157786667 0.452352285 0.029016744 0.431180507 0.065289356 0.899432421
1341845965.466122 -0.564137280 -0.130933672 0.475513697 0.030148331 0.436266065 0.065733738 0.896906972
1341845965.498735 -0.575562656 -0.146051437 0.476389796 0.028124409 0.442046255 0.070993327 0.893736005
1341845965.538924 -0.592994392 -0.134965464 0.464594543 0.027156586 0.447744340 0.074251495 0.890659451
1341845965.574497 -0.581003308 -0.136683375 0.498496652 0.026541051 0.452466577 0.079803050 0.887806892
1341845965.604085 -0.592057168 -0.143080458 0.517922223 0.027608011 0.458497167 0.086588740 0.884036481
1341845965.640215 -0.590599060 -0.145415977 0.529888272 0.027702723 0.465256929 0.089658059 0.880187452
1341845965.671775 -0.597618520 -0.148061976 0.545097589 0.028456835 0.471206367 0.093597986 0.876580954
1341845965.703769 -0.602356374 -0.145177409 0.548797250 0.031007744 0.475879639 0.096282199 0.873674333
1341845965.739932 -0.615941763 -0.148330957 0.541826248 0.032101665 0.480311036 0.100182660 0.870766461
1341845965.771986 -0.625929594 -0.144959047 0.545604825 0.030648284 0.484943956 0.100525580 0.868207753
1341845965.803746 -0.623352945 -0.147641569 0.551034331 0.028554177 0.488212973 0.100205414 0.866482317
1341845965.840020 -0.616304100 -0.155929729 0.592507780 0.027793786 0.491714180 0.099742800 0.864578545
1341845965.871716 -0.625540257 -0.157287717 0.611205459 0.029485835 0.493295312 0.101582080 0.863406837
1341845965.907848 -0.627930582 -0.154165670 0.602717400 0.026515266 0.495175928 0.100372463 0.862567782
1341845965.939897 -0.630135596 -0.152692601 0.610558629 0.026763955 0.495398402 0.101218864 0.862333357
1341845965.971777 -0.638111770 -0.154365942 0.606562734 0.028469728 0.493845612 0.102657482 0.862999141
1341845966.007712 -0.643856585 -0.152718216 0.603235364 0.028370317 0.494437307 0.102172144 0.862721145
1341845966.039925 -0.652812958 -0.151772738 0.597825110 0.024936153 0.493894428 0.101967923 0.863162220
1341845966.071842 -0.659480572 -0.150284782 0.600193560 0.024769343 0.490817249 0.104230806 0.864650726
1341845966.107724 -0.655448675 -0.155481502 0.604488611 0.023200152 0.488549501 0.104319267 0.865966916
1341845966.139710 -0.652487934 -0.150692225 0.625917971 0.022096189 0.489867032 0.103097662 0.865397573
1341845966.171793 -0.666842282 -0.147101641 0.597157955 0.022357926 0.485495418 0.103883177 0.867757261
1341845966.207829 -0.657083273 -0.148432538 0.613898635 0.020762116 0.481755674 0.104295120 0.869829178
1341845966.239904 -0.640858173 -0.157518402 0.658979475 0.017624164 0.483097970 0.100180410 0.869637609
1341845966.275869 -0.651731133 -0.148958653 0.647097945 0.019124452 0.479081273 0.103809372 0.871400595
1341845966.307882 -0.656537354 -0.148555353 0.627117515 0.016449463 0.471763283 0.106503002 0.875114799
1341845966.339897 -0.650307596 -0.150505781 0.627073824 0.013457458 0.468435168 0.105691224 0.877050042
1341845966.375773 -0.645835638 -0.144682884 0.618573129 0.014552919 0.461690575 0.108437851 0.880267739
1341845966.408401 -0.631497025 -0.130853549 0.607347548 0.016570603 0.446462184 0.111634851 0.887656808
1341845966.470009 -0.626057148 -0.143981054 0.591883183 0.007489501 0.440903962 0.104143403 0.891460419
1341845966.502100 -0.615496159 -0.135740563 0.610719442 0.012515271 0.436259359 0.105953112 0.893473625
1341845966.537769 -0.605979085 -0.141765371 0.588862121 0.011852520 0.431080014 0.102975339 0.896340132
1341845966.570051 -0.606034338 -0.138557687 0.585744560 0.010900867 0.431072205 0.100643739 0.896620750
1341845966.605694 -0.591937065 -0.140008047 0.595725000 0.011115444 0.427037805 0.099131033 0.898714721
1341845966.637893 -0.609480619 -0.125938654 0.559498608 0.016474111 0.418686807 0.100829698 0.902365386
1341845966.669930 -0.607675016 -0.119986758 0.513183951 0.014407678 0.413140327 0.095814250 0.905498266
1341845966.705984 -0.590930283 -0.121832617 0.548973739 0.011889241 0.411839455 0.091365471 0.906586587
1341845966.737793 -0.591698408 -0.122997276 0.538981318 0.011013812 0.403984249 0.087993033 0.910457373
1341845966.773893 -0.589189172 -0.112431295 0.498779148 0.011328222 0.396315962 0.084411792 0.914155304
1341845966.806068 -0.580846965 -0.112963445 0.509553909 0.008526079 0.393919200 0.079109758 0.915694594
1341845966.837941 -0.575401068 -0.110965848 0.507458210 0.006777902 0.386626691 0.077468783 0.918951809
1341845966.873813 -0.571631312 -0.103940532 0.490669310 0.003863764 0.376651466 0.075141430 0.923294365
1341845966.905683 -0.571665406 -0.108082697 0.472294241 -0.000921583 0.371320367 0.071471542 0.925749481
1341845966.937810 -0.564980507 -0.106548108 0.489603847 -0.001865355 0.364535928 0.068551026 0.928660750
1341845966.973800 -0.550363064 -0.105454125 0.487944335 -0.000740799 0.355690181 0.067471199 0.932164967
1341845967.005805 -0.544022918 -0.103705525 0.483011365 -0.000593267 0.351096749 0.065356709 0.934055269
1341845967.042225 -0.545913696 -0.098443389 0.461192429 -0.000247226 0.344384700 0.064499237 0.936610341
1341845967.073828 -0.542843401 -0.095182031 0.466489971 -0.000979141 0.335316271 0.066579014 0.939749599
1341845967.105887 -0.537634134 -0.100248545 0.439107835 -0.003048550 0.327712089 0.067545593 0.942355096
1341845967.141740 -0.530603290 -0.096189879 0.458537310 -0.003564533 0.322539747 0.065589108 0.944274068
1341845967.173814 -0.525122583 -0.086686023 0.467936188 -0.003158122 0.312186450 0.066310167 0.947698534
1341845967.205958 -0.510915995 -0.074416399 0.465266258 -0.003903977 0.302272111 0.068822943 0.950725913
1341845967.241684 -0.505207777 -0.077803627 0.469029576 -0.007287989 0.297548681 0.066141382 0.952384889
1341845967.273869 -0.516636312 -0.090834156 0.428885281 -0.011095213 0.289766580 0.063672043 0.954912603
1341845967.310009 -0.502607405 -0.090111874 0.447672933 -0.010333959 0.282813340 0.063888147 0.956989110
1341845967.341721 -0.495678812 -0.086305834 0.435951203 -0.009733845 0.277696669 0.062804058 0.958564281
1341845967.373873 -0.491778135 -0.078477673 0.429122925 -0.010237004 0.271354944 0.063169420 0.960349560
1341845967.409855 -0.487549573 -0.080239117 0.421875954 -0.012588865 0.264425963 0.062570214 0.962291777
1341845967.441891 -0.473840415 -0.080594935 0.414695859 -0.014747487 0.259128392 0.059924830 0.963869274
1341845967.473782 -0.466707617 -0.073140271 0.430329859 -0.015736550 0.258176357 0.059149176 0.964156985
1341845967.509844 -0.461243331 -0.073388852 0.431082189 -0.016094066 0.254616827 0.059268449 0.965089917
1341845967.541835 -0.450971007 -0.071732096 0.421862066 -0.016004769 0.250069886 0.058962867 0.966298223
1341845967.583843 -0.440404773 -0.067297846 0.416841209 -0.018016387 0.249849096 0.056553751 0.966463923
1341845967.641865 -0.421744108 -0.051380258 0.407889456 -0.018951340 0.244209304 0.053277809 0.968072355
1341845967.677848 -0.407803327 -0.043868557 0.392362684 -0.027978592 0.240726978 0.047654867 0.969018459
1341845967.709875 -0.402640939 -0.051068258 0.401783854 -0.035386462 0.240775526 0.043891519 0.968941927
1341845967.745878 -0.398031235 -0.052309439 0.406162441 -0.035051908 0.239229575 0.044982191 0.969286919
1341845967.778746 -0.387447715 -0.052991439 0.399260879 -0.032764792 0.235684112 0.046565298 0.970160365
1341845967.809778 -0.379315078 -0.040680800 0.387600750 -0.033300824 0.234351948 0.045103196 0.970533848
1341845967.845933 -0.377106756 -0.041231722 0.402263910 -0.035730943 0.232298911 0.045469914 0.970923781
1341845967.878439 -0.367181629 -0.038676411 0.388545632 -0.035862189 0.225532278 0.048143946 0.972384334
1341845967.910100 -0.358002722 -0.043602969 0.380509347 -0.040252674 0.222139835 0.043819714 0.973197520
1341845967.945831 -0.351206243 -0.037847418 0.381369352 -0.041848153 0.219917893 0.041296456 0.973745048
1341845967.977896 -0.346576691 -0.043141153 0.379260272 -0.042741913 0.214280605 0.040778175 0.974984169
1341845968.013873 -0.337621123 -0.047221944 0.378466576 -0.041750167 0.209068179 0.039540235 0.976208985
1341845968.046014 -0.328098059 -0.042599875 0.363915622 -0.039671078 0.204497993 0.037116997 0.977358222
1341845968.077840 -0.320582122 -0.037291236 0.359625518 -0.039191503 0.199326128 0.036509827 0.978468299
1341845968.113779 -0.315516531 -0.038324140 0.359364003 -0.041215461 0.193126962 0.035397574 0.979668438
1341845968.146343 -0.307945400 -0.037326898 0.365395397 -0.043624502 0.187348902 0.031523306 0.980817795
1341845968.178020 -0.301444888 -0.021900283 0.349256068 -0.045451116 0.180160701 0.030914847 0.982100070
1341845968.213838 -0.286577761 -0.029658481 0.348661691 -0.050144318 0.171130791 0.029197596 0.983538151
1341845968.245986 -0.279732674 -0.031553775 0.347243726 -0.051290430 0.164064378 0.026170231 0.984767616
1341845968.281755 -0.274100602 -0.027545685 0.344057351 -0.052020229 0.157660708 0.022522414 0.985864997
1341845968.313859 -0.266522288 -0.028942693 0.341239035 -0.053343877 0.152056888 0.020531641 0.986717582
1341845968.381845 -0.240597948 -0.031435475 0.317803860 -0.046401087 0.134645626 0.012890724 0.989722848
1341845968.413829 -0.234829664 -0.026873447 0.305826664 -0.047620982 0.126612291 0.008522058 0.990771890
1341845968.445783 -0.229348466 -0.016738556 0.320650101 -0.047770422 0.119913518 0.006104684 0.991615593
1341845968.481950 -0.221952826 -0.024784626 0.314153373 -0.047273152 0.113333695 0.001736648 0.992430210
1341845968.513880 -0.214506298 -0.024471043 0.315769911 -0.042548958 0.102931634 0.002219052 0.993775487
1341845968.549874 -0.196927965 -0.009716877 0.313266546 -0.039580408 0.092869915 -0.000695653 0.994890988
1341845968.581797 -0.182434976 -0.011000356 0.301334679 -0.045884680 0.086546406 -0.010062563 0.995139718
1341845968.613836 -0.177543640 -0.020706415 0.296995163 -0.047938209 0.081012011 -0.013696156 0.995465398
1341845968.649866 -0.159997910 -0.035108358 0.289527416 -0.046285283 0.072334148 -0.017355582 0.996154726
1341845968.681800 -0.139066130 -0.022874193 0.282697231 -0.044781107 0.068170063 -0.019720420 0.996473074
1341845968.713888 -0.131432265 -0.021171749 0.287187994 -0.047298729 0.066943474 -0.021216273 0.996409178
1341845968.749871 -0.116049945 -0.030074894 0.282231301 -0.047395144 0.063096568 -0.021398423 0.996651709
1341845968.781921 -0.098088883 -0.019130731 0.275089711 -0.044296969 0.060298424 -0.019197633 0.997012198
1341845968.817754 -0.082835421 -0.017238647 0.262075633 -0.047386978 0.059320942 -0.022240894 0.996865511
1341845968.850259 -0.074578993 -0.020627249 0.274406374 -0.049903434 0.057934355 -0.024151446 0.996779799
1341845968.881826 -0.057326034 -0.020761374 0.268388659 -0.047371712 0.054734569 -0.023146749 0.997107923
1341845968.917722 -0.042547420 -0.014842816 0.264902115 -0.046334099 0.053027086 -0.024806520 0.997209072
1341845968.949889 -0.027439104 -0.010408212 0.258476347 -0.048729464 0.050811760 -0.025513476 0.997192383
1341845968.985958 -0.017189607 -0.018778056 0.267339468 -0.050546311 0.048765242 -0.027567057 0.997149467
1341845969.017732 -0.003307004 -0.017020015 0.260181308 -0.049851108 0.046783071 -0.029327573 0.997229218
1341845969.049916 0.013638706 -0.010367869 0.252856821 -0.050674018 0.044236243 -0.030598557 0.997265756
1341845969.085845 0.026009848 -0.010943206 0.255298883 -0.053625546 0.041361149 -0.033714168 0.997134328
1341845969.117802 0.035901286 -0.019846484 0.259808928 -0.055771340 0.040123381 -0.037312437 0.996939063
1341845969.149856 0.050054234 -0.019375566 0.265181512 -0.053347509 0.038967963 -0.039186262 0.997045636
1341845969.185864 0.061610281 -0.014076389 0.266907305 -0.051670417 0.037297353 -0.038924973 0.997208059
1341845969.217819 0.080278866 -0.016841989 0.265366256 -0.052172039 0.035279140 -0.040172119 0.997205913
1341845969.254025 0.091108844 -0.019193726 0.268378437 -0.050559275 0.036045510 -0.042977363 0.997144639
1341845969.317925 0.125936583 -0.011550199 0.263999879 -0.046405759 0.032263160 -0.045437697 0.997367024
1341845969.353755 0.140449092 -0.002037951 0.261805475 -0.047094651 0.029960284 -0.049718458 0.997202337
1341845969.386150 0.144406915 -0.009212024 0.276977837 -0.052520879 0.025858499 -0.056033552 0.996711195
1341845969.417886 0.156514958 -0.012661955 0.275628716 -0.053523190 0.021790564 -0.060020626 0.996522963
1341845969.453876 0.165184110 -0.019948943 0.277590454 -0.053493064 0.020587577 -0.065407559 0.996211052
1341845969.485873 0.179356366 -0.012498899 0.281285226 -0.051023636 0.018305317 -0.067448914 0.996249020
1341845969.521785 0.173096344 0.005316782 0.302901089 -0.046581574 0.014376758 -0.063386105 0.996797681
1341845969.553864 0.184752554 0.007483738 0.302212507 -0.047035363 0.007749559 -0.062567480 0.996901691
1341845969.585920 0.198246956 -0.003062843 0.291378140 -0.052424937 0.004870105 -0.067431398 0.996333718
1341845969.621808 0.189967185 -0.004105332 0.295604438 -0.053856194 0.005494828 -0.067309827 0.996262372
1341845969.653912 0.212391257 -0.004276363 0.304100513 -0.049304057 -0.003152721 -0.059773073 0.996988654
1341845969.685996 0.222187027 -0.011371051 0.297033489 -0.045425378 -0.004834089 -0.058460314 0.997244000
1341845969.721838 0.235857233 0.000618787 0.296876788 -0.043878090 -0.007566504 -0.056227721 0.997424662
1341845969.753718 0.241719157 -0.008255083 0.295701683 -0.047199938 -0.011964251 -0.056776259 0.997198820
1341845969.789954 0.241066560 -0.005649001 0.306088388 -0.046946745 -0.014254341 -0.056926809 0.997172117
1341845969.821781 0.248270273 0.004895198 0.298474610 -0.047160070 -0.016329212 -0.058834780 0.997019470
1341845969.853649 0.252187997 -0.002133059 0.303990811 -0.051651046 -0.019914147 -0.060276181 0.996645570
1341845969.889965 0.256973833 -0.004650390 0.305765390 -0.052078508 -0.025543910 -0.061432675 0.996424317
1341845969.922004 0.271198153 -0.008407223 0.310178250 -0.052668981 -0.032060020 -0.061175570 0.996220708
1341845969.957892 0.276095688 -0.000764317 0.298676699 -0.051691614 -0.039129201 -0.060935754 0.996034026
1341845969.989937 0.297535002 -0.003068865 0.304853112 -0.052731492 -0.051074073 -0.060197167 0.995483339
1341845970.021841 0.316633642 -0.003322407 0.298430681 -0.053350810 -0.058138832 -0.063990258 0.994826019
1341845970.057886 0.313642949 -0.007543430 0.309103072 -0.055593830 -0.060786370 -0.064662606 0.994501412
1341845970.089962 0.334367663 -0.005732429 0.315808535 -0.052259989 -0.071901985 -0.064796641 0.993931770
1341845970.121869 0.354554236 -0.004988899 0.314524621 -0.048821181 -0.080537871 -0.065160096 0.993420482
1341845970.158120 0.345942467 0.008605423 0.312059760 -0.045230564 -0.080528192 -0.068573184 0.993361533
1341845970.189970 0.355935723 -0.003372536 0.305979401 -0.049160477 -0.084576912 -0.072985373 0.992523611
1341845970.225844 0.375938505 -0.005846896 0.320606202 -0.049812257 -0.092228577 -0.075602002 0.991613328
1341845970.258244 0.392392784 0.014662105 0.324800462 -0.043910470 -0.098792061 -0.080124684 0.990904689
1341845970.289882 0.397813529 0.018244699 0.309725106 -0.043144777 -0.104914039 -0.081182651 0.990222692
1341845970.325836 0.443006754 -0.019041087 0.305116504 -0.053657256 -0.117744982 -0.085094392 0.987935185
1341845970.357771 0.408126205 -0.035842929 0.290125936 -0.060517315 -0.112663478 -0.092858016 0.987432003
1341845970.400198 0.408979207 -0.036765270 0.291135192 -0.063981391 -0.120419241 -0.090177774 0.986546278
1341845970.432233 0.428683519 0.017402360 0.292495281 -0.055751655 -0.134056196 -0.092085399 0.985109627
1341845970.464489 0.486980289 -0.006936491 0.319747955 -0.063004859 -0.149411798 -0.097156256 0.981971085
1341845970.500675 0.473805010 -0.019023590 0.309325486 -0.066035204 -0.150033087 -0.098817557 0.981511354
1341845970.532407 0.509231567 -0.016485957 0.329824895 -0.056338739 -0.169019192 -0.090131596 0.979864657
1341845970.567803 0.479897201 -0.031579752 0.293145031 -0.055599753 -0.163026229 -0.084409691 0.981430650
1341845970.600041 0.486957282 -0.048426550 0.310370237 -0.055292856 -0.165033206 -0.085976243 0.980976462
1341845970.631820 0.503130913 -0.016059691 0.322134256 -0.042404156 -0.173598319 -0.078966029 0.980729282
1341845970.667826 0.528334856 -0.013841979 0.309626639 -0.041396026 -0.179113075 -0.075643249 0.980042338
1341845970.699966 0.538088143 -0.014164496 0.328175157 -0.043903291 -0.181169778 -0.080195881 0.979192853
1341845970.735804 0.533298016 -0.019380217 0.340481609 -0.044340737 -0.184699610 -0.079607271 0.978561521
1341845970.767731 0.545538008 -0.019079344 0.337817729 -0.039073568 -0.190670013 -0.077226892 0.977831364
1341845970.799873 0.561825573 0.000655129 0.340701967 -0.034096792 -0.193801612 -0.077944763 0.977344871
1341845970.835874 0.554378211 -0.013491779 0.336650372 -0.039249476 -0.194369897 -0.080058195 0.976867735
1341845970.867820 0.582517862 -0.018711539 0.348271221 -0.042199526 -0.202359632 -0.080712259 0.975066841
1341845970.899906 0.575363755 -0.028443228 0.345656753 -0.045771953 -0.200925156 -0.084572084 0.974875152
1341845970.935978 0.598784029 -0.032565799 0.390574098 -0.043956745 -0.211401671 -0.086600251 0.972562373
1341845970.967783 0.611986041 -0.018413430 0.373269558 -0.034849212 -0.215099365 -0.084976688 0.972263753
1341845970.999794 0.632159233 -0.028306432 0.386566907 -0.033650633 -0.217537880 -0.085250728 0.971739292
1341845971.035783 0.655879140 -0.019063983 0.438937813 -0.027226301 -0.228269398 -0.084835619 0.969512641
1341845971.067826 0.653818786 -0.018329049 0.401905030 -0.023720585 -0.228225246 -0.083467640 0.969733834
1341845971.099725 0.632519841 -0.012440396 0.388269395 -0.023780849 -0.222605199 -0.087433651 0.970688820
1341845971.135748 0.639203727 -0.028400242 0.402260393 -0.028341647 -0.226172045 -0.090998448 0.969413340
1341845971.167793 0.636738420 -0.016808849 0.393250287 -0.027377190 -0.227147490 -0.089476764 0.969354630
1341845971.203833 0.652225673 -0.020841166 0.400718778 -0.033525709 -0.231232002 -0.091400571 0.968015373
1341845971.235879 0.660506070 -0.021821739 0.425559044 -0.035583038 -0.235974431 -0.093656287 0.966580808
1341845971.267817 0.671690583 -0.034498028 0.436932534 -0.037391156 -0.245058849 -0.087165393 0.964857638
1341845971.303920 0.693242073 -0.012972240 0.431324244 -0.033372629 -0.248278573 -0.087118275 0.964185894
1341845971.335818 0.690662444 -0.019262483 0.433404416 -0.036336344 -0.245883599 -0.096048146 0.963844240
1341845971.367721 0.703026533 -0.057290055 0.461690128 -0.043472171 -0.255634725 -0.093592033 0.961250007
1341845971.403863 0.724380434 -0.033860251 0.441004038 -0.036567222 -0.259112984 -0.094429485 0.960524023
1341845971.436064 0.705420256 -0.012872545 0.443090498 -0.036561932 -0.253242999 -0.103762731 0.961126685
1341845971.467656 0.711771250 -0.054624207 0.463181674 -0.046522669 -0.261276394 -0.103712521 0.958547831
1341845971.503829 0.720252395 -0.035539318 0.438295543 -0.042290688 -0.263483346 -0.102995686 0.958217025
1341845971.535782 0.744572103 -0.031649020 0.458029836 -0.043095633 -0.265865326 -0.110556111 0.956679523
1341845971.567956 0.746359825 -0.052007191 0.479540557 -0.044610552 -0.267866224 -0.108905323 0.956241190
1341845971.603941 0.738763273 -0.039050255 0.457411051 -0.039355930 -0.267372549 -0.100567594 0.957522392
1341845971.636365 0.786310792 -0.041250266 0.470207900 -0.043070436 -0.272991210 -0.107143804 0.955060720
1341845971.671762 0.758890271 -0.051901191 0.478400618 -0.045464091 -0.266487539 -0.109078273 0.956566453
1341845971.703863 0.778330207 -0.045083370 0.481218159 -0.038990825 -0.270702392 -0.099689081 0.956693292
1341845971.735710 0.804267943 -0.020880066 0.482821226 -0.032618608 -0.270135611 -0.100340560 0.957023799
1341845971.771695 0.806397200 -0.037928443 0.499001503 -0.034772206 -0.267326206 -0.099901043 0.957782507
1341845971.803762 0.803955019 -0.054901689 0.497326732 -0.031956207 -0.265710562 -0.088522263 0.959448040
1341845971.835834 0.806309998 -0.013708418 0.483361781 -0.022318400 -0.262610734 -0.088610359 0.960565269
1341845971.871793 0.810203910 -0.029201798 0.494962096 -0.028640615 -0.261997879 -0.091579728 0.960286438
1341845971.903763 0.830775857 -0.069554344 0.523638725 -0.034367729 -0.270503908 -0.085122272 0.958332241
1341845971.939872 0.815863907 -0.077286668 0.487579525 -0.033679929 -0.265300363 -0.083967187 0.959911942
1341845971.971790 0.821727693 -0.037204020 0.491841137 -0.027205361 -0.264280468 -0.089513719 0.959897399
1341845972.003888 0.828262329 -0.068796076 0.514794827 -0.034059078 -0.268688798 -0.087983578 0.958595455
1341845972.039793 0.831894457 -0.066796653 0.507423639 -0.030021302 -0.269952744 -0.085740246 0.958578527
1341845972.071849 0.835098624 -0.052823741 0.507458329 -0.026403539 -0.268456161 -0.087584451 0.958938539
1341845972.107796 0.832628489 -0.068308197 0.521234095 -0.028687418 -0.268949896 -0.086982682 0.958789349
1341845972.139775 0.823591053 -0.068639711 0.514145136 -0.024084555 -0.268060416 -0.085246295 0.959320903
1341845972.171696 0.819636345 -0.059741974 0.490229666 -0.022142261 -0.264890313 -0.085151456 0.960256279
1341845972.207893 0.814445436 -0.068152003 0.499707073 -0.026423285 -0.264149725 -0.088444747 0.960054338
1341845972.270076 0.792865217 -0.048112437 0.493870646 -0.016053529 -0.261693716 -0.079720147 0.961718976
1341845972.301845 0.785949707 -0.061290205 0.486693591 -0.018750859 -0.259242058 -0.076645933 0.962583661
1341845972.334234 0.785289049 -0.071271598 0.503609121 -0.020263262 -0.260157853 -0.072543792 0.962623894
1341845972.369757 0.776162863 -0.069979548 0.502510130 -0.015248953 -0.258409530 -0.066299483 0.963637054
1341845972.401738 0.760183096 -0.057453997 0.487988859 -0.009489808 -0.253132313 -0.062678367 0.965352476
1341845972.437788 0.746193171 -0.063604899 0.485759497 -0.010457103 -0.249970004 -0.059968140 0.966338217
1341845972.469777 0.740478694 -0.065058783 0.485334426 -0.008962682 -0.249012411 -0.057460662 0.966752648
1341845972.501817 0.726255476 -0.041825887 0.482400656 -0.001789015 -0.243111655 -0.056441035 0.968353212
1341845972.537909 0.720754206 -0.049465708 0.491700441 -0.000291743 -0.240880668 -0.052783933 0.969118297
1341845972.569894 0.708433807 -0.046856724 0.481210768 0.004197543 -0.235808805 -0.046718024 0.970666826
1341845972.601946 0.687936366 -0.046249688 0.472112834 0.007344872 -0.226418152 -0.043731205 0.973020315
1341845972.637827 0.684622586 -0.053873684 0.476873755 0.008970399 -0.220448196 -0.042282704 0.974440515
1341845972.669939 0.686818242 -0.068403453 0.489514202 0.010865369 -0.219124511 -0.037838932 0.974902391
1341845972.705766 0.669790447 -0.067976348 0.481068075 0.018041896 -0.210419759 -0.034206338 0.976845920
1341845972.737731 0.644034445 -0.045971803 0.468281388 0.026589386 -0.199843988 -0.034870211 0.978845954
1341845972.770011 0.638661802 -0.063222572 0.472669184 0.024588538 -0.196269244 -0.031046435 0.979749918
1341845972.805697 0.611386299 -0.051799357 0.461406678 0.028848970 -0.187465087 -0.028426630 0.981435955
1341845972.837902 0.605162621 -0.065778799 0.466749519 0.028016841 -0.185298070 -0.026123103 0.981935501
1341845972.869858 0.579338551 -0.057266131 0.463214040 0.031561293 -0.179948941 -0.021132989 0.982942343
1341845972.905813 0.575024128 -0.062759593 0.460941494 0.030103918 -0.179749340 -0.019370776 0.983060896
1341845972.937837 0.571295857 -0.069475964 0.463305742 0.029600220 -0.178439170 -0.019120477 0.983319700
1341845973.006643 0.531638205 -0.063761994 0.452228814 0.031121133 -0.173283443 -0.018167267 0.984212518
1341845973.037797 0.529585838 -0.050272577 0.455543667 0.033227541 -0.172536016 -0.020822497 0.984222353
1341845973.073733 0.529970586 -0.074599266 0.451914400 0.028128855 -0.171054006 -0.021608377 0.984622955
1341845973.106021 0.525580645 -0.084974147 0.453723043 0.029653396 -0.169575691 -0.020886060 0.984849453
1341845973.137862 0.506065369 -0.060367703 0.447847724 0.037620176 -0.163718551 -0.020102384 0.985584497
1341845973.173821 0.494874775 -0.059329048 0.445524246 0.038102496 -0.160087377 -0.020750552 0.986148894
1341845973.205866 0.488484532 -0.067450531 0.448414981 0.038664505 -0.158953071 -0.021119531 0.986302674
1341845973.241913 0.482406884 -0.059331220 0.445600271 0.044183102 -0.155875862 -0.019393867 0.986597419
1341845973.273972 0.466425419 -0.057205528 0.438283086 0.045514442 -0.150198072 -0.019692320 0.987411320
1341845973.306456 0.451336175 -0.059983566 0.434036434 0.045631070 -0.147560716 -0.020013958 0.987797081
1341845973.341851 0.451413006 -0.057765432 0.435931534 0.048016559 -0.146779060 -0.018371338 0.987832367
1341845973.373892 0.438472599 -0.059904151 0.432313412 0.050173957 -0.142322913 -0.015998675 0.988418341
1341845973.409787 0.433073491 -0.063656099 0.429858983 0.053765703 -0.140433624 -0.012888687 0.988545120
1341845973.441766 0.419771135 -0.050268900 0.425036132 0.057410412 -0.136479944 -0.010471375 0.988922477
1341845973.474155 0.408898354 -0.052113503 0.415924489 0.056150179 -0.129885569 -0.010555509 0.989881575
1341845973.509824 0.400491625 -0.059111174 0.416313678 0.058293276 -0.125650063 -0.007919560 0.990328848
1341845973.541876 0.391726404 -0.053459182 0.416233003 0.063149437 -0.119827852 -0.003176411 0.990779161
1341845973.573858 0.383533359 -0.052719064 0.411989778 0.065250784 -0.113857724 -0.001121964 0.991351366
1341845973.609706 0.365637124 -0.051700462 0.400985748 0.069520876 -0.106489144 0.000272563 0.991880476
1341845973.641832 0.347196817 -0.046220101 0.394633651 0.073915631 -0.100713268 0.003608199 0.992159426
1341845973.677783 0.339203656 -0.035670206 0.391499758 0.073949993 -0.095020242 0.003621206 0.992718220
1341845973.709911 0.319798678 -0.057318956 0.383832186 0.068115734 -0.088467732 0.004353631 0.993737757
1341845973.741811 0.316444337 -0.053369772 0.383244038 0.071313269 -0.087140977 0.007837139 0.993609309
1341845973.777893 0.301446646 -0.041214924 0.375502974 0.074279703 -0.079992332 0.008750369 0.993985534
1341845973.810234 0.283982486 -0.038056064 0.365705222 0.073461652 -0.071542569 0.008172682 0.994695067
1341845973.841682 0.276448071 -0.046377234 0.362066984 0.073189944 -0.066541024 0.012138015 0.995021701
1341845973.877808 0.267430961 -0.040032513 0.357225865 0.077773005 -0.059916940 0.014253985 0.995066881
1341845973.909935 0.253282726 -0.030233497 0.341786444 0.078215189 -0.050614472 0.015268303 0.995533764
1341845973.946008 0.237965405 -0.033421140 0.339976341 0.074539334 -0.042970505 0.019730674 0.996096432
1341845973.977874 0.226784989 -0.037769824 0.335101068 0.073723823 -0.036355685 0.022698937 0.996357262
1341845974.009966 0.212360308 -0.038451724 0.329293966 0.075666577 -0.030949149 0.026990656 0.996287227
1341845974.045762 0.210792646 -0.028869031 0.319700569 0.076763183 -0.027554251 0.028567733 0.996259034
1341845974.077904 0.207923993 -0.029214984 0.311510801 0.072645672 -0.021659885 0.024681373 0.996817052
1341845974.109840 0.192689270 -0.035809156 0.305003911 0.067902133 -0.013833997 0.018596765 0.997422755
1341845974.145742 0.184675127 -0.041368771 0.304246038 0.066049658 -0.009399571 0.018584471 0.997599006
1341845974.177833 0.172719255 -0.050290845 0.295966297 0.066295236 -0.002621137 0.016042700 0.997667670
1341845974.213769 0.161619082 -0.045807254 0.289351970 0.068875089 0.006140545 0.015647847 0.997483671
1341845974.245781 0.154094532 -0.052585535 0.290870339 0.069256648 0.013103657 0.018607346 0.997339249
1341845974.278874 0.143555537 -0.052683618 0.282700121 0.075401574 0.019917080 0.017234486 0.996805370
1341845974.313829 0.132462755 -0.046720818 0.277972549 0.077596918 0.022673940 0.018625837 0.996552885
1341845974.345963 0.119286940 -0.042420939 0.283546746 0.078232631 0.020491647 0.022712037 0.996465683
1341845974.381701 0.118309014 -0.053384665 0.269372940 0.078794226 0.020051859 0.021895932 0.996448696
1341845974.413828 0.109643131 -0.039105657 0.264060915 0.081133910 0.019945757 0.022259919 0.996254981
1341845974.445772 0.091875769 -0.045155957 0.264498562 0.077866398 0.018746015 0.020935357 0.996567667
1341845974.481775 0.093664996 -0.044920854 0.263698131 0.075984411 0.016470995 0.018581355 0.996799767
1341845974.513798 0.083430849 -0.046348285 0.266332924 0.074875444 0.019231405 0.010983171 0.996946931
1341845974.545930 0.071224026 -0.028700795 0.266901463 0.074966229 0.019208839 0.006666542 0.996978760
1341845974.581793 0.070019014 -0.038451862 0.259259343 0.068211913 0.017754968 -0.004333652 0.997503400
1341845974.613863 0.068925887 -0.043792866 0.271987498 0.061726268 0.023533642 -0.020574087 0.997603476
1341845974.649867 0.056660015 -0.042250287 0.274912268 0.060213972 0.026818193 -0.030342149 0.997363746
1341845974.681899 0.055597659 -0.044004668 0.277839243 0.057996456 0.025687916 -0.037011594 0.997299731
1341845974.713894 0.055495769 -0.043037266 0.272233397 0.056696270 0.028352283 -0.043946080 0.997020781
1341845974.749846 0.046758253 -0.046926741 0.283207297 0.053316526 0.035584930 -0.053403437 0.996513486
1341845974.783846 0.036179833 -0.057182834 0.286066204 0.053031616 0.036736444 -0.054225966 0.996442497
1341845974.815998 0.035304405 -0.051331993 0.288952887 0.056867935 0.034577176 -0.056053899 0.996206999
1341845974.850024 0.039162170 -0.037385490 0.285390675 0.053269763 0.038271587 -0.063275099 0.995838284
1341845974.882164 0.028951103 -0.037936501 0.307599157 0.048036292 0.039420020 -0.069479913 0.995646060
1341845974.918337 0.021283453 -0.042294558 0.312523097 0.047473602 0.036495607 -0.074799418 0.995399117
1341845974.982668 0.010995285 -0.041683625 0.303591251 0.036954656 0.037980467 -0.095751643 0.993993700
1341845975.017979 0.006180747 -0.054221533 0.310486138 0.031498503 0.037363138 -0.107218899 0.993033707
1341845975.051071 0.006759478 -0.051272690 0.309171110 0.030718271 0.036287632 -0.116311327 0.992074251
1341845975.081985 -0.001369338 -0.056936864 0.306325942 0.027148144 0.039047062 -0.126888394 0.990776300
1341845975.124057 -0.012010120 -0.071582429 0.314316750 0.025666980 0.042319737 -0.138078958 0.989183724
1341845975.149794 -0.019425269 -0.076200821 0.315076798 0.029871834 0.043415699 -0.147167772 0.987706661
1341845975.186157 -0.017501468 -0.065004848 0.309814245 0.032687381 0.042266976 -0.153292164 0.986735284
1341845975.249885 -0.025569443 -0.066809468 0.314631790 0.027783832 0.041501392 -0.174559519 0.983379185
1341845975.285858 -0.028545639 -0.070063464 0.311170816 0.027228978 0.038285527 -0.184434965 0.981721282
1341845975.318226 -0.033501077 -0.070140958 0.311068267 0.026040722 0.036278009 -0.192693129 0.980242372
1341845975.349820 -0.046916176 -0.074948259 0.316715240 0.026756044 0.036398284 -0.205640301 0.977584422
1341845975.385748 -0.049597256 -0.073738307 0.308566958 0.031550374 0.029447464 -0.215127364 0.975631893
1341845975.418586 -0.042470932 -0.080356225 0.292292684 0.026725234 0.024987543 -0.229103848 0.972714126
1341845975.453683 -0.055034935 -0.084180504 0.318323731 0.017902356 0.027054943 -0.251416713 0.967335105
1341845975.485815 -0.060247824 -0.084985957 0.310174525 0.017572615 0.021692166 -0.264341354 0.964025021
1341845975.518370 -0.058282871 -0.084298402 0.319111377 0.018475622 0.013425482 -0.270539790 0.962437868
1341845975.553830 -0.055633876 -0.082195453 0.288307220 0.012339646 0.013187530 -0.288723558 0.957242191
1341845975.585815 -0.055435520 -0.081039660 0.294249654 0.004182386 0.011590484 -0.306668818 0.951736569
1341845975.621790 -0.064186595 -0.080278404 0.305566788 0.001906066 0.007696997 -0.316571921 0.948535383
1341845975.653892 -0.058603715 -0.082513817 0.291614771 0.001264378 0.004000174 -0.329727381 0.944066882
1341845975.685822 -0.057589781 -0.078860804 0.291150182 -0.001398601 0.002521286 -0.340580642 0.940210879
1341845975.721839 -0.057931684 -0.074934743 0.298156470 -0.004135978 -0.001768643 -0.349140286 0.937059700
1341845975.753916 -0.063059993 -0.082859792 0.294577032 -0.007109870 -0.003226216 -0.361013263 0.932528019
1341845975.785898 -0.061262090 -0.074695364 0.297089815 -0.007123984 -0.004002759 -0.368660361 0.929528236
1341845975.822033 -0.067013986 -0.076258920 0.297850788 -0.009729982 -0.005684989 -0.376707971 0.926263511
1341845975.853847 -0.079829730 -0.087529100 0.288150042 -0.013074830 -0.003523666 -0.389832020 0.920786440
1341845975.889898 -0.074605040 -0.085403606 0.299279988 -0.010132885 -0.003553848 -0.398030460 0.917309344
1341845975.921738 -0.073533811 -0.086537741 0.288429767 -0.009654808 -0.003360559 -0.406092644 0.913774729
1341845975.953818 -0.076040506 -0.091776118 0.277356982 -0.010664303 -0.000098552 -0.419373274 0.907751262
1341845975.990225 -0.066501223 -0.077415682 0.286558121 -0.007405167 0.001243330 -0.430074096 0.902762353
1341845976.021756 -0.066482723 -0.077206962 0.288394719 -0.009597451 0.001437888 -0.441893905 0.897014856
1341845976.053955 -0.065407224 -0.077269703 0.288799703 -0.009842958 0.000673463 -0.454661936 0.890609443
1341845976.089793 -0.065436378 -0.072639845 0.286623597 -0.010083087 0.001436257 -0.470663220 0.882254183
1341845976.121752 -0.065775834 -0.076244988 0.291859239 -0.015366426 -0.000995909 -0.486215949 0.873703003
1341845976.157709 -0.067536011 -0.075995229 0.284471720 -0.017716601 -0.002403778 -0.501860797 0.864763618
1341845976.189850 -0.080115363 -0.081820317 0.282309562 -0.020769281 0.001175177 -0.522117794 0.852619708
1341845976.221929 -0.073615141 -0.068561785 0.302964419 -0.018160325 -0.000232565 -0.534697950 0.844848096
1341845976.257665 -0.072346181 -0.067297220 0.297488332 -0.017711036 -0.004862994 -0.543994009 0.838888109
1341845976.289829 -0.080053844 -0.077023551 0.282061070 -0.020629805 -0.005033232 -0.557633758 0.829815447
1341845976.321779 -0.081261270 -0.075059697 0.289206177 -0.022055073 -0.003679413 -0.568895280 0.822105944
1341845976.357875 -0.066589132 -0.056753330 0.296593636 -0.016409008 -0.006980414 -0.568992317 0.822149456
1341845976.389787 -0.077440836 -0.067787170 0.275421143 -0.019331167 -0.008835655 -0.577108443 0.816390932
1341845976.425771 -0.091221742 -0.074175015 0.282617599 -0.024249427 -0.004484473 -0.589590788 0.807325542
1341845976.457783 -0.085309245 -0.066018596 0.300856233 -0.021074390 -0.003681715 -0.593578219 0.804491937
1341845976.490566 -0.080912791 -0.064101972 0.295621753 -0.015323322 -0.006368860 -0.593302131 0.804808795
1341845976.525853 -0.076552071 -0.062969454 0.281508952 -0.013557437 -0.006173854 -0.598932087 0.800661266
1341845976.557683 -0.074429817 -0.058723643 0.285476446 -0.014057532 -0.004937136 -0.604871988 0.796183407
1341845976.593985 -0.068784177 -0.056713868 0.274710238 -0.014841512 -0.005437457 -0.613730073 0.789357662
1341845976.625785 -0.070966959 -0.056975685 0.265676588 -0.017344492 -0.005088549 -0.623916030 0.781282365
1341845976.657816 -0.081205077 -0.056976732 0.251618236 -0.023286849 0.001531581 -0.639643073 0.768317759
1341845976.693834 -0.071666092 -0.054070693 0.263299018 -0.027370665 0.004038655 -0.650855482 0.758697391
1341845976.725744 -0.074384235 -0.052206542 0.270396829 -0.030928899 0.005188546 -0.660527110 0.750146925
1341845976.757761 -0.075696550 -0.049241453 0.274146825 -0.032641519 0.006279279 -0.667928457 0.743482828
1341845976.793836 -0.072976284 -0.048282702 0.274748504 -0.032434843 0.006627255 -0.672145724 0.739678502
1341845976.826300 -0.075851806 -0.049603444 0.273512512 -0.032825191 0.008061226 -0.675394952 0.736681223
1341845976.861779 -0.076715812 -0.050734673 0.270335913 -0.030434115 0.010237589 -0.679176033 0.733272731
1341845976.893752 -0.069463871 -0.049479559 0.270482153 -0.027023831 0.010502108 -0.678963482 0.733599424
1341845976.925967 -0.068589702 -0.050982330 0.274759740 -0.028415015 0.011778625 -0.679800510 0.732751727
1341845976.961807 -0.069433391 -0.050369594 0.279455662 -0.026957136 0.012461690 -0.682150424 0.730608582
1341845976.993832 -0.067441680 -0.056888003 0.271842062 -0.027427116 0.013102494 -0.683371484 0.729437888
1341845977.025851 -0.066056959 -0.049563508 0.274022102 -0.028525561 0.014892742 -0.682086468 0.730563223
1341845977.061870 -0.071825907 -0.046039831 0.284153700 -0.029118551 0.020093909 -0.686878264 0.725910783
1341845977.093926 -0.064769067 -0.047579560 0.298124224 -0.023314044 0.021083523 -0.685716808 0.727189422
1341845977.129845 -0.053384840 -0.044689972 0.300091416 -0.015751168 0.018042693 -0.679318726 0.733452380
1341845977.161883 -0.060244236 -0.047471765 0.285814494 -0.015711924 0.019611126 -0.679604828 0.733147860
1341845977.193791 -0.065374605 -0.052330058 0.287692666 -0.017181797 0.022550564 -0.680192053 0.732485473
1341845977.229795 -0.059580375 -0.053356715 0.286467284 -0.014384816 0.022672981 -0.676174462 0.736252069
1341845977.261832 -0.068520613 -0.060653888 0.277469248 -0.014517395 0.024505170 -0.668834388 0.742865682
1341845977.293884 -0.060611568 -0.057035025 0.283813149 -0.006266271 0.026664918 -0.656937659 0.753447175
1341845977.329839 -0.060878105 -0.065098561 0.278758377 -0.001284527 0.029153546 -0.645223498 0.763436317
1341845977.361782 -0.055153091 -0.063238971 0.295935541 0.005991902 0.029263474 -0.628380239 0.777332604
1341845977.397810 -0.058687214 -0.065698318 0.279513657 0.011529398 0.030426485 -0.615118146 0.787763298
1341845977.429761 -0.061542939 -0.063372277 0.284173548 0.014345238 0.033267085 -0.604985833 0.795411587
1341845977.461824 -0.057520218 -0.066123374 0.290252149 0.018314639 0.032172389 -0.592927992 0.804404080
1341845977.498015 -0.055775899 -0.079662211 0.281258553 0.021420470 0.029622594 -0.581261396 0.812895358
1341845977.529931 -0.055050027 -0.081570268 0.272704870 0.023280377 0.029418511 -0.573046625 0.818663657
1341845977.562577 -0.057946023 -0.079829060 0.279706419 0.023633400 0.031348210 -0.565639138 0.823717833
1341845977.597887 -0.057059690 -0.078172006 0.282913178 0.028363980 0.031412136 -0.553753793 0.831604123
1341845977.634076 -0.056926996 -0.074697830 0.281097621 0.033201918 0.033034299 -0.541687071 0.839274347
1341845977.666205 -0.056015555 -0.077276781 0.279451370 0.035348333 0.034144070 -0.526839316 0.848542869
1341845977.704065 -0.054484956 -0.092480317 0.263720989 0.036962956 0.035316151 -0.511645257 0.857674539
1341845977.737376 -0.053770006 -0.087771058 0.281481951 0.044377096 0.036547169 -0.490895480 0.869319618
1341845977.803839 -0.054053895 -0.098767430 0.257359087 0.047110334 0.038877670 -0.459938526 0.885847449
1341845977.865926 -0.046626028 -0.092570983 0.276782215 0.056667708 0.037918970 -0.425528765 0.902372539
1341845977.897857 -0.035437867 -0.090392664 0.265882909 0.058499303 0.038751155 -0.410276383 0.909257650
1341845977.933745 -0.047750283 -0.094346039 0.268076628 0.056787722 0.042405084 -0.393759191 0.916477323
1341845977.965785 -0.049536150 -0.095671542 0.271630704 0.060359336 0.043337956 -0.376007050 0.923632622
1341845977.997875 -0.051442157 -0.103860356 0.262785554 0.060580116 0.045638677 -0.360815287 0.929548025
1341845978.033893 -0.043732010 -0.090774447 0.277289122 0.065179929 0.046594765 -0.342654854 0.936038554
1341845978.065776 -0.040533490 -0.094489135 0.275640786 0.067623429 0.046597708 -0.323382467 0.942698002
1341845978.101685 -0.046163552 -0.101070762 0.273008168 0.069483176 0.049208332 -0.306882560 0.947931290
1341845978.133916 -0.038580462 -0.099989891 0.272807062 0.076265380 0.050316323 -0.284837931 0.954211295
1341845978.166013 -0.039413448 -0.098483883 0.272759825 0.079972818 0.051930148 -0.265907139 0.959271073
1341845978.201775 -0.033437982 -0.099914476 0.275587171 0.080424674 0.052617993 -0.245949283 0.964506149
1341845978.233774 -0.036948908 -0.093243502 0.276026517 0.081826232 0.056622151 -0.226059288 0.969017863
1341845978.266075 -0.033571310 -0.089503370 0.281400323 0.084344909 0.058220733 -0.206792966 0.973002017
1341845978.301839 -0.036577649 -0.093938969 0.287109196 0.085311718 0.059523266 -0.183760613 0.977451205
1341845978.333873 -0.039744180 -0.098425552 0.282085955 0.090621099 0.060572535 -0.158508837 0.981322408
1341845978.369922 -0.037480772 -0.099662594 0.291472793 0.096303709 0.062272456 -0.132745653 0.984492898
1341845978.401825 -0.037397884 -0.088319398 0.293463111 0.099823870 0.063943781 -0.108684987 0.986982226
1341845978.433846 -0.035169490 -0.093150526 0.299441367 0.102193803 0.063824095 -0.086744674 0.988917708
1341845978.469873 -0.035965290 -0.092516646 0.296293706 0.107692271 0.066133618 -0.068327203 0.989626229
1341845978.501917 -0.041498505 -0.085850738 0.304494351 0.109647393 0.067548424 -0.051529109 0.990332961
1341845978.533810 -0.040585380 -0.087331899 0.305913806 0.107023269 0.065683402 -0.035598803 0.991445601
1341845978.569963 -0.043050908 -0.091496699 0.307454765 0.107847892 0.068003014 -0.023189859 0.991567791
1341845978.602229 -0.043571319 -0.088071331 0.315159649 0.112963043 0.069268830 -0.006190248 0.991162360
1341845978.638563 -0.045743451 -0.087650917 0.315909833 0.117521763 0.069122128 0.012326012 0.990585089
1341845978.677613 -0.045741383 -0.089163966 0.318395287 0.119700514 0.070129231 0.025954921 0.989989877
1341845978.711940 -0.050120391 -0.089143164 0.319589287 0.119426951 0.072201021 0.036639951 0.989536107
1341845978.744132 -0.052946836 -0.088611454 0.324439019 0.120480455 0.072928362 0.048731346 0.988833249
1341845978.776002 -0.053076558 -0.100364991 0.327011704 0.122147508 0.072919637 0.060953099 0.987951159
1341845978.813431 -0.053446561 -0.092818834 0.325590760 0.124745056 0.074057594 0.071069621 0.986865342
1341845978.871942 -0.057901926 -0.108281299 0.319473594 0.128552124 0.078276373 0.101909295 0.983342111
1341845978.906198 -0.052978043 -0.094602868 0.327379763 0.137634352 0.081183970 0.124203458 0.979305625
1341845978.938406 -0.051702082 -0.103489116 0.331533253 0.139195994 0.083352633 0.142403454 0.976421058
1341845978.970707 -0.045100156 -0.098997898 0.326515347 0.144635618 0.084957249 0.161465392 0.972518265
1341845979.008922 -0.048417080 -0.100458920 0.325908005 0.145647496 0.088838488 0.177384824 0.969241560
1341845979.038481 -0.045976892 -0.101542965 0.328495055 0.147649080 0.091773152 0.195425332 0.965187192
1341845979.106609 -0.050675996 -0.104961902 0.325836658 0.153460756 0.098581783 0.225928456 0.956915736
1341845979.138100 -0.035915084 -0.108098105 0.341910183 0.160694748 0.100477792 0.245368093 0.950723886
1341845979.174196 -0.045196593 -0.106059924 0.330100060 0.165705457 0.105671376 0.260669589 0.945212483
1341845979.207845 -0.047009744 -0.108187139 0.333819300 0.164324149 0.109271817 0.275062442 0.940955818
1341845979.238051 -0.032201838 -0.113577195 0.325137258 0.164122939 0.110337876 0.290414810 0.936241627
1341845979.275090 -0.038912155 -0.121983431 0.348014474 0.171418443 0.116451867 0.304098219 0.929827392
1341845979.306155 -0.041979555 -0.118004926 0.368724614 0.174298242 0.119920425 0.321976870 0.922805548
1341845979.341682 -0.038347580 -0.104608916 0.310592979 0.174901202 0.123029768 0.346315265 0.913421571
1341845979.373833 -0.008658872 -0.099877827 0.312784880 0.184195280 0.126217157 0.365423232 0.903663158
1341845979.405940 -0.027558342 -0.111887105 0.353603482 0.187850490 0.128776297 0.386643410 0.893664181
1341845979.441794 -0.018288199 -0.096508570 0.335888833 0.186411515 0.128357500 0.402708769 0.886905134
1341845979.506448 -0.014405685 -0.109380551 0.360101193 0.196577132 0.135149807 0.434292942 0.868609011
1341845979.541810 -0.032042865 -0.106878527 0.310440034 0.195539758 0.131514385 0.450807095 0.860953569
1341845979.573970 -0.026974825 -0.103800535 0.304683894 0.193470448 0.132098451 0.465394408 0.853538036
1341845979.610159 -0.025500545 -0.101054467 0.307100743 0.191928983 0.133026108 0.484495729 0.843048751
1341845979.641873 -0.034377381 -0.105073325 0.294841558 0.193635195 0.131483689 0.499062687 0.834358335
1341845979.673902 -0.023921326 -0.098930374 0.347317904 0.192383230 0.131409571 0.505437195 0.830814898
1341845979.709834 -0.045724522 -0.097310089 0.301795393 0.183560148 0.132659212 0.524357796 0.820826471
1341845979.741768 -0.025364287 -0.127592251 0.307560146 0.183813825 0.129924580 0.543814361 0.808454037
1341845979.773945 -0.025842592 -0.126288489 0.358092993 0.189884380 0.131573588 0.556676924 0.797961831
1341845979.809735 -0.042027280 -0.095824718 0.310260206 0.190592960 0.131611496 0.572966933 0.786168933
1341845979.841996 -0.043851782 -0.092579849 0.315659255 0.186846122 0.129482165 0.585542321 0.778115094
1341845979.877871 -0.052286901 -0.098608442 0.343370140 0.182782039 0.129404247 0.596573710 0.770678282
1341845979.909740 -0.027266091 -0.104737468 0.355779260 0.179724500 0.129815996 0.608355045 0.762070239
1341845979.942014 -0.027473286 -0.102958463 0.350512475 0.176135778 0.129478842 0.617801070 0.755336523
1341845979.977959 -0.036673967 -0.093741663 0.344578654 0.173555240 0.127199173 0.631321073 0.745072186
1341845980.009881 -0.007045092 -0.098493442 0.384152353 0.172364220 0.127417520 0.638802826 0.738908827
1341845980.045974 -0.035034906 -0.096682213 0.348370552 0.170696333 0.128427386 0.645061433 0.733665407
1341845980.077990 -0.046339568 -0.095663920 0.341762543 0.166380227 0.124702372 0.653498769 0.727809191
1341845980.109753 -0.022617057 -0.085585654 0.370047778 0.165480882 0.124751739 0.660305560 0.721837640
1341845980.145844 -0.016107492 -0.084891640 0.320671350 0.161708862 0.119763777 0.668492317 0.715978265
1341845980.177822 -0.002344617 -0.079890765 0.323907793 0.161512136 0.116934761 0.676710665 0.708733141
1341845980.209884 -0.001164572 -0.084778689 0.340217233 0.161577940 0.118553661 0.683964670 0.701448441
1341845980.246566 -0.054227777 -0.097915508 0.330803752 0.159730479 0.117707320 0.687515974 0.698536217
1341845980.277813 0.007488351 -0.087557487 0.351311237 0.158644021 0.108145073 0.696238339 0.691656590
1341845980.313780 0.001882483 -0.082877569 0.326102823 0.163998485 0.110865436 0.701119184 0.685014725
1341845980.345768 -0.031247078 -0.100387074 0.270404816 0.161066458 0.111536413 0.698205769 0.688567996
1341845980.377905 0.000161502 -0.085666120 0.319287568 0.158662707 0.102665178 0.699783206 0.688904464
1341845980.413651 -0.001345377 -0.085203454 0.318112195 0.161977589 0.106838271 0.697558820 0.689753890
1341845980.445742 -0.009927029 -0.092498645 0.311121643 0.160862654 0.107302375 0.695807397 0.691709042
1341845980.478245 0.000119386 -0.083153963 0.321917713 0.160960779 0.102660283 0.696560621 0.691632688
1341845980.513799 -0.001416229 -0.083481811 0.315722018 0.163510665 0.107357211 0.697719276 0.689149141
1341845980.546985 -0.023117062 -0.097199976 0.317932367 0.163593858 0.107730515 0.697430015 0.689363837
1341845980.581857 -0.010621892 -0.080740400 0.329377741 0.163288981 0.103912435 0.696676254 0.690782905
1341845980.614011 -0.015266383 -0.086427666 0.326945484 0.162029609 0.107329518 0.692539215 0.694705784
1341845980.646075 -0.021535370 -0.091051504 0.313784570 0.159867764 0.106443129 0.683792353 0.703946114
1341845980.681743 -0.013663048 -0.092026144 0.329389989 0.160651669 0.107027046 0.668874562 0.717873991
1341845980.713878 -0.005487607 -0.120167904 0.326026261 0.164924875 0.115858428 0.648446262 0.734094024
1341845980.745857 -0.035745945 -0.086708434 0.323183000 0.168551385 0.119599544 0.627906263 0.750346661
1341845980.781789 -0.024182966 -0.088945329 0.321005553 0.162352696 0.122232907 0.602194846 0.772050619
1341845980.813856 -0.010544881 -0.094561197 0.321031868 0.160382584 0.132381797 0.577364981 0.789558232
1341845980.849947 -0.027424732 -0.093814969 0.323940367 0.161178797 0.141996369 0.559655845 0.800402224
1341845980.881654 -0.024678264 -0.107421733 0.327534527 0.165924340 0.146503031 0.545464039 0.808377981
1341845980.913789 -0.038317632 -0.098924227 0.327675283 0.173685268 0.149891600 0.536267161 0.812270582
1341845980.949937 -0.048913497 -0.094891302 0.319688290 0.178553253 0.150037766 0.530928493 0.814691544
1341845980.981906 -0.055199690 -0.093757659 0.314763606 0.181148380 0.147068709 0.520022511 0.821664572
1341845981.017867 -0.052485701 -0.096131384 0.309380203 0.181879595 0.143893182 0.507668793 0.829751134
1341845981.049727 -0.064141616 -0.094183564 0.305585653 0.182170302 0.142212972 0.494279832 0.838019669
1341845981.081877 -0.071616024 -0.094094105 0.280243576 0.180326059 0.140255034 0.477451086 0.848440647
1341845981.117941 -0.064201556 -0.105071343 0.338731050 0.181007728 0.137076110 0.456120104 0.860465467
1341845981.150069 -0.056846503 -0.111467265 0.332545936 0.172849908 0.136974305 0.424176455 0.878313899
1341845981.181996 -0.046042487 -0.128168374 0.363883346 0.166571587 0.138243333 0.399323374 0.890889168
1341845981.217830 -0.067695700 -0.117831647 0.344273418 0.165593252 0.136222452 0.372875750 0.902765751
1341845981.249922 -0.056240115 -0.116691552 0.345153600 0.160591960 0.132066280 0.342438638 0.916244805
1341845981.285840 -0.051100712 -0.123911805 0.364972055 0.156822786 0.134674266 0.309909016 0.928022504
1341845981.317832 -0.055768915 -0.117015086 0.343060523 0.151943624 0.130040869 0.282705188 0.938125968
1341845981.349932 -0.061484080 -0.112836652 0.309866697 0.139550820 0.126051813 0.250830740 0.949589610
1341845981.385812 -0.054042123 -0.094794281 0.313336462 0.127860025 0.128429100 0.214342773 0.959799409
1341845981.417735 -0.067194909 -0.093567371 0.320069969 0.125325963 0.128511995 0.194982842 0.964240551
1341845981.449800 -0.068590581 -0.093181513 0.334513873 0.128799841 0.126482069 0.175227523 0.967836857
1341845981.485916 -0.058646854 -0.086660773 0.317427576 0.122043960 0.128923848 0.150979400 0.972465515
1341845981.517844 -0.068559252 -0.084842525 0.321001053 0.115426727 0.130560875 0.132261664 0.975775301
1341845981.553971 -0.063459553 -0.082913049 0.317011029 0.114230156 0.124963276 0.117619924 0.978519917
1341845981.585866 -0.048297264 -0.065932475 0.287632048 0.108271047 0.121605828 0.102804884 0.981285155
1341845981.617907 -0.064891569 -0.090279967 0.330132544 0.098745137 0.123589434 0.083766706 0.983848631
1341845981.653938 -0.066184841 -0.092793100 0.336611152 0.100020945 0.120061040 0.074678048 0.984888017
1341845981.685889 -0.056689970 -0.077541560 0.332072914 0.100609221 0.116789445 0.068454094 0.985673368
1341845981.718038 -0.055176251 -0.091875829 0.330563545 0.095786840 0.117954925 0.057023704 0.986742020
1341845981.753884 -0.061319303 -0.104163423 0.332687646 0.096096650 0.118957549 0.050091479 0.986967742
1341845981.785897 -0.068221956 -0.096853152 0.324604005 0.099431835 0.116495818 0.048012957 0.987034321
1341845981.822013 -0.059152666 -0.097978942 0.315809309 0.098920561 0.114799999 0.039061259 0.987679064
1341845981.853820 -0.056489963 -0.098273508 0.318982095 0.097657092 0.117132597 0.027464384 0.987921417
1341845981.885838 -0.061285209 -0.104255557 0.329615206 0.098611049 0.116757706 0.022666469 0.987992764
1341845981.922032 -0.064259775 -0.124696836 0.324815124 0.105385542 0.116943225 0.015775571 0.987405360
1341845981.953799 -0.055867758 -0.107411042 0.311982214 0.113706470 0.116250791 0.012408729 0.986611664
1341845981.986027 -0.058615033 -0.096807867 0.310487270 0.115941644 0.115497731 0.009795915 0.986469388
1341845982.022212 -0.053560071 -0.085052639 0.295842528 0.114483833 0.112111330 0.006716102 0.987055957
1341845982.053889 -0.049498793 -0.079173267 0.294062048 0.110663518 0.110500842 0.005628486 0.987679839
1341845982.089857 -0.046839025 -0.087899268 0.303055197 0.105599269 0.109266542 0.003944045 0.988379538
1341845982.121719 -0.051252097 -0.091395900 0.306967944 0.103177875 0.108834557 0.004167950 0.988681972
1341845982.153770 -0.048062921 -0.094865382 0.304861397 0.104155846 0.105367430 0.005796038 0.988946736
1341845982.190068 -0.038834121 -0.095155649 0.292359650 0.105341531 0.105607629 0.006136312 0.988793492
1341845982.222482 -0.041637022 -0.091104656 0.292691648 0.107478783 0.106045485 0.007242831 0.988509059
1341845982.259008 -0.038312711 -0.076755330 0.275278062 0.107872277 0.102700651 0.007586586 0.988816738
1341845982.291023 -0.031518295 -0.080415890 0.270934135 0.100966364 0.101506099 0.005478456 0.989682913
1341845982.327843 -0.031111848 -0.077710003 0.268423170 0.097845793 0.101851501 0.003664375 0.989969194
1341845982.421902 -0.022743998 -0.068154611 0.249980867 0.081437811 0.095372215 0.008012025 0.992072463
1341845982.457800 -0.024649782 -0.068941459 0.250500202 0.081200100 0.095580935 0.011100448 0.992042124
1341845982.490452 -0.020213222 -0.059267256 0.234083012 0.081835255 0.093133591 0.017382054 0.992132545
1341845982.526007 -0.005287943 -0.043514762 0.215472698 0.078648187 0.091943629 0.020211337 0.992447615
1341845982.592787 -0.014488891 -0.038876299 0.222780675 0.071663402 0.087886751 0.025386559 0.993224919
1341845982.626246 -0.001258437 -0.033443615 0.212064669 0.068128400 0.084937893 0.029120659 0.993627727
1341845982.689935 -0.010847287 -0.001255283 0.211471394 0.053400371 0.079841509 0.034999572 0.994760633
1341845982.731856 -0.002011623 0.016624521 0.235616550 0.045669917 0.072385088 0.042209402 0.995436132
1341845982.763845 0.005519035 0.017471923 0.219674781 0.033595890 0.071969233 0.037973307 0.996117353
1341845982.796143 0.003263277 0.015819743 0.229899749 0.026086589 0.069868080 0.043696642 0.996257246
1341845982.831723 -0.001914237 -0.005976580 0.184293106 0.020693779 0.069128603 0.038806878 0.996637881
1341845982.863934 0.011060279 0.010653926 0.161345616 0.017178332 0.066296667 0.039474398 0.996870816
1341845982.899816 0.001260192 0.015752805 0.173653528 0.011219375 0.065992638 0.036450341 0.997090995
1341845982.931713 0.001178778 0.019744385 0.160570040 0.005450631 0.061387602 0.036600661 0.997427821
1341845982.963912 0.011032376 0.035513695 0.156257257 0.001432433 0.057623602 0.036719479 0.997661829
1341845982.999924 0.005673689 0.026328800 0.146619588 -0.006401591 0.059097454 0.030471316 0.997766495
1341845983.031814 -0.007595113 0.021035081 0.163238958 -0.010814725 0.057087682 0.027493052 0.997931957
1341845983.067798 0.002502901 0.030076591 0.139022753 -0.013628588 0.052606333 0.029447548 0.998088002
1341845983.099710 0.003675755 0.030493747 0.135317072 -0.021208510 0.052712832 0.024903113 0.998073816
1341845983.131896 0.000287507 0.045116905 0.134299532 -0.025902035 0.051214840 0.023154886 0.998083174
1341845983.167777 -0.000034481 0.036327727 0.130423129 -0.029900460 0.047801465 0.022211080 0.998162150
1341845983.199716 0.004329654 0.037338845 0.118930042 -0.030546477 0.045660097 0.020619465 0.998277009
1341845983.235789 0.006012853 0.039373107 0.112439089 -0.032435469 0.045858581 0.016412718 0.998286307
1341845983.267839 0.002096045 0.038183752 0.110498004 -0.033131707 0.046393327 0.014873546 0.998262882
1341845983.299732 0.003386357 0.041023634 0.103035286 -0.031963512 0.045178715 0.014815548 0.998357534
1341845983.335764 0.007103834 0.047306847 0.093521759 -0.033086892 0.045734752 0.012683517 0.998324931
1341845983.367849 0.009977872 0.058048766 0.089456998 -0.034902401 0.045678489 0.012464565 0.998268485
1341845983.403853 0.003712022 0.044443879 0.088866383 -0.036888111 0.045747790 0.011658889 0.998203635
1341845983.436166 0.014998384 0.051146682 0.072975539 -0.034326177 0.044481356 0.012444544 0.998342752
1341845983.467855 0.016955670 0.055887073 0.060659666 -0.034226537 0.046913669 0.010740844 0.998254597
1341845983.503861 0.010720329 0.056001123 0.064799182 -0.034958232 0.047967333 0.009921720 0.998187661
1341845983.535831 0.017170856 0.063956626 0.054195493 -0.034110166 0.046917792 0.009417436 0.998271763
1341845983.572117 0.022103444 0.058775052 0.034803901 -0.035517529 0.047177281 0.005625178 0.998239040
1341845983.603785 0.021234469 0.064338587 0.031487212 -0.036515415 0.048668765 0.002352168 0.998144507
1341845983.635679 0.023868458 0.078449473 0.027118437 -0.037454776 0.046596382 0.000135261 0.998211384
1341845983.671908 0.027206670 0.086654834 0.002032099 -0.046068776 0.044831812 -0.004279481 0.997922540
1341845983.703949 0.026622877 0.087313853 -0.009647434 -0.055204604 0.045834851 -0.011425269 0.997357070
1341845983.735713 0.027068870 0.099294178 -0.011143881 -0.060592189 0.044486608 -0.016173100 0.997039616
1341845983.771983 0.025811464 0.097348966 -0.007766195 -0.064430848 0.041838277 -0.016093938 0.996914864
1341845983.803724 0.025247760 0.085975438 -0.008216796 -0.065544210 0.040758800 -0.019270914 0.996830642
1341845983.836050 0.025783271 0.097518615 -0.017485695 -0.063643172 0.039532293 -0.021163773 0.996964812
1341845983.871914 0.033057492 0.108290300 -0.031526186 -0.062573224 0.037391543 -0.021020312 0.997118175
1341845983.904546 0.027305825 0.099130467 -0.030809006 -0.061187956 0.038044263 -0.018162070 0.997235596
1341845983.939732 0.031309772 0.108998083 -0.040262558 -0.051613618 0.036821876 -0.013707368 0.997893929
1341845983.971972 0.036145136 0.120947145 -0.061267991 -0.046305723 0.033553764 -0.008990929 0.998323143
1341845984.003943 0.040194836 0.118608117 -0.064463340 -0.046628192 0.032966796 -0.005737301 0.998351693
1341845984.039814 0.041242532 0.126094311 -0.077271685 -0.045218419 0.032968175 -0.005800485 0.998416126
1341845984.071924 0.044115268 0.119546033 -0.088243254 -0.047055874 0.033952150 -0.007135500 0.998289585
1341845984.103750 0.044020966 0.116760835 -0.089680254 -0.047169499 0.038823213 -0.004719796 0.998121023
1341845984.139977 0.031609215 0.100924276 -0.089430660 -0.043348119 0.044825956 -0.004285536 0.998044729
1341845984.171953 0.048565689 0.124261513 -0.108056039 -0.030956741 0.044471841 0.004166529 0.998522222
1341845984.203755 0.053284526 0.127024546 -0.132976085 -0.027781369 0.048205618 0.005969149 0.998433173
1341845984.239999 0.048730411 0.125422567 -0.126734525 -0.025005978 0.054069981 0.005705780 0.998207688
1341845984.271868 0.056180272 0.135181352 -0.142581135 -0.018732535 0.058103919 0.007391233 0.998107433
1341845984.304166 0.054188833 0.141400397 -0.141927809 -0.015692784 0.062093984 0.010179838 0.997895002
1341845984.366023 0.061862979 0.150397152 -0.162684649 -0.004271401 0.069653898 0.008843634 0.997522891
1341845984.403843 0.063858733 0.158420354 -0.171869203 -0.004288318 0.072696321 0.009176433 0.997302711
1341845984.469893 0.056789108 0.152237639 -0.176391855 -0.004773039 0.079623617 -0.003084129 0.996808827
1341845984.533876 0.069810234 0.171591908 -0.192536846 -0.004586964 0.077665009 -0.005250390 0.996955156
1341845984.570371 0.063506939 0.159489691 -0.196771368 -0.012105389 0.081074290 -0.013524760 0.996542752
1341845984.601869 0.061257377 0.144659877 -0.182067022 -0.012122833 0.085299395 -0.014156365 0.996181011
1341845984.633883 0.077506371 0.147274151 -0.208990961 -0.007531739 0.088852070 -0.012981581 0.995931745
1341845984.669661 0.068837337 0.147580758 -0.193606898 -0.008468036 0.094199203 -0.013995904 0.995418966
1341845984.701697 0.062508643 0.137771696 -0.179265708 -0.007438608 0.097353093 -0.014814594 0.995111823
1341845984.737816 0.073509432 0.129982516 -0.197488591 -0.003005115 0.099215776 -0.014940854 0.994949222
1341845984.769971 0.076278761 0.152776927 -0.199719578 0.000923383 0.102379002 -0.013621309 0.994651794
1341845984.801680 0.075393923 0.154813722 -0.193111733 0.000545852 0.103022091 -0.011817898 0.994608700
1341845984.837943 0.074502416 0.129597843 -0.196716532 -0.000021860 0.105830327 -0.016371053 0.994249403
1341845984.869774 0.078895874 0.142950803 -0.197517425 0.005130950 0.108906284 -0.014240738 0.993936777
1341845984.901904 0.079534017 0.151900619 -0.197684094 0.004712027 0.107576914 -0.012809260 0.994103074
1341845984.937830 0.081823498 0.133317143 -0.205442309 0.003313373 0.107670762 -0.017942231 0.994019151
1341845984.969931 0.078171834 0.137237445 -0.191998199 0.005994620 0.111731984 -0.018168624 0.993554175
1341845985.005758 0.077461086 0.138552234 -0.192369774 0.008383945 0.111229122 -0.017923620 0.993597746
1341845985.037996 0.078618862 0.131937742 -0.193151549 0.010106549 0.110296123 -0.019573361 0.993654609
1341845985.069753 0.081584550 0.131005526 -0.199395716 0.012860358 0.109660961 -0.021715831 0.993648589
1341845985.105902 0.081004269 0.127581850 -0.193874210 0.015156864 0.109763332 -0.022983508 0.993576348
1341845985.137721 0.082760826 0.130112365 -0.206249371 0.017946513 0.109469600 -0.024522882 0.993525505
1341845985.169874 0.081043549 0.122455828 -0.202989340 0.018524477 0.110795066 -0.026169294 0.993325949
1341845985.205765 0.081936389 0.119851664 -0.204157323 0.022877859 0.111177117 -0.024743587 0.993229091
1341845985.237899 0.086180560 0.129339844 -0.210062295 0.025522495 0.111394741 -0.024416611 0.993148327
1341845985.274008 0.085372321 0.133406460 -0.207850352 0.025619062 0.111371689 -0.023962718 0.993159533
1341845985.305922 0.081836559 0.124713734 -0.202067435 0.025410170 0.110371761 -0.024142517 0.993272185
1341845985.337748 0.082232676 0.118272901 -0.207188264 0.028744737 0.109322593 -0.024349494 0.993292212
1341845985.374220 0.086903140 0.125798896 -0.213356942 0.032186281 0.107925631 -0.022152800 0.993390858
1341845985.406011 0.085845493 0.126498863 -0.211291537 0.032324862 0.107830882 -0.022466762 0.993389547
1341845985.442252 0.085397393 0.124413982 -0.212118760 0.032170754 0.107401028 -0.024000419 0.993405282
1341845985.473860 0.081423447 0.119965345 -0.204275399 0.033687994 0.106927603 -0.023681605 0.993413687
1341845985.505802 0.085300691 0.122252002 -0.209509671 0.036490470 0.104443252 -0.020590900 0.993647873
1341845985.541999 0.088784881 0.127455950 -0.217667937 0.036679894 0.104019143 -0.019466536 0.993708014
1341845985.573799 0.086329579 0.122813612 -0.214662522 0.034878265 0.105301112 -0.021721186 0.993591130
1341845985.605839 0.081471048 0.120890617 -0.210603595 0.036280725 0.104615591 -0.018975934 0.993669569
1341845985.641753 0.088717915 0.124777816 -0.221404150 0.036613870 0.103334859 -0.017116260 0.993825138
1341845985.673719 0.089088917 0.122322805 -0.223819450 0.035382237 0.105211265 -0.019572616 0.993627489
1341845985.709785 0.083267577 0.126279205 -0.210847765 0.035982214 0.105484523 -0.017381012 0.993617713
1341845985.741805 0.087294981 0.121034481 -0.220864683 0.035143670 0.104067922 -0.016505960 0.993812025
1341845985.773867 0.091054626 0.121159390 -0.230517119 0.035092119 0.106241435 -0.018365635 0.993551195
1341845985.809875 0.088162646 0.124792449 -0.218764529 0.036019612 0.108175837 -0.016750846 0.993337810
1341845985.841811 0.087294690 0.125266537 -0.219621032 0.036220122 0.107117437 -0.014195483 0.993485034
1341845985.873899 0.091996677 0.124861531 -0.228179693 0.035121057 0.107100390 -0.015330847 0.993509412
1341845985.909743 0.084278159 0.119899675 -0.213804722 0.034252942 0.109611623 -0.016697161 0.993243814
1341845985.941740 0.082057096 0.122592531 -0.213701338 0.036895335 0.107931890 -0.013754466 0.993378222
1341845985.977718 0.086882122 0.120679565 -0.221662104 0.037694562 0.106467091 -0.013233792 0.993513346
1341845986.009726 0.087048925 0.120597795 -0.224147648 0.037927184 0.107489467 -0.015238478 0.993365645
1341845986.042156 0.081356399 0.121617973 -0.215178922 0.038698014 0.107596248 -0.013802371 0.993345380
